Seq,筆畫序,公廁編號,公廁名稱,縣市,鄉鎮名稱,村里名稱,緯度,經度,公廁類型
1,1,D150000029,7-11七股門市混合廁,臺南市,七股區,七股里,23.133526,120.133561,混合廁所
2,2,D100000022,7-11二鎮門市混合廁,臺南市,官田區,二鎮里,23.22087,120.330546,混合廁所
3,3,D080000043,7-11上營門市混合廁,臺南市,下營區,茅營里,23.217167,120.270497,混合廁所
4,4,D150000034,7-11大埕門市混合廁,臺南市,七股區,大埕里,23.142901,120.141644,混合廁所
5,5,D200000080,7-11大營門市混合廁,臺南市,新市區,大營里,23.096417,120.313152,混合廁所
6,6,D320000393,7-11小東門市混合廁,臺南市,東區,莊敬里,22.998779,120.230755,混合廁所
7,7,D040000058,7-11小腳腿門市混合廁,臺南市,柳營區,重溪里,23.285456,120.365699,混合廁所
8,8,D220000010,7-11山上門市混合廁,臺南市,山上區,南洲里,23.103439,120.352102,混合廁所
9,9,D270000024,7-11仁大門市混合廁,臺南市,仁德區,太子里,22.991575,120.265773,混合廁所
10,10,D270000103,7-11仁伯門市混合廁,臺南市,仁德區,後壁里,22.948895,120.25537,混合廁所
11,11,D270000091,7-11仁義門市混合廁,臺南市,仁德區,仁義里,22.968205,120.252831,混合廁所
12,12,D280000035,7-11仁興門市混合廁,臺南市,歸仁區,南保里,22.973559,120.287995,混合廁所
13,13,D310000110,7-11仁灣門市混合廁,臺南市,永康區,崑山里,23.000447,120.256735,混合廁所
14,14,D330000146,7-11少觀門市混合廁,臺南市,南區,大林里,22.975377,120.211271,混合廁所
15,15,D030000052,7-11仙草埔門市混合廁,臺南市,白河區,仙草里,23.346919,120.472221,混合廁所
16,16,D350000042,7-11加吉吉門市混合廁,臺南市,安南區,新順里,23.043975,120.21148,混合廁所
17,17,D260000057,7-11左鎮門市無障礙廁,臺南市,左鎮區,榮和里,23.063044,120.388605,無障礙廁所
18,18,D320000575,7-11市醫門市混合廁,臺南市,東區,崇文里,22.968845,120.22761,混合廁所
19,19,D310000032,7-11永正門市混合廁,臺南市,永康區,永康里,23.023981,120.252698,混合廁所
20,20,D310000031,7-11永玉門市混合廁,臺南市,永康區,永康里,23.024894,120.260674,混合廁所
21,21,D310000056,7-11永強門市混合廁,臺南市,永康區,埔園里,23.030308,120.254371,混合廁所
22,22,D310000148,7-11永勝門市混合廁,臺南市,永康區,六合里,23.008544,120.231981,混合廁所
23,23,D310000113,7-11永愛門市混合廁,臺南市,永康區,北灣里,23.007784,120.271879,混合廁所
24,24,D030000024,7-11白河門市混合廁,臺南市,白河區,永安里,23.347473,120.413595,混合廁所
25,25,D320000215,7-11立東門市混合廁,臺南市,東區,和平里,22.977266,120.234311,混合廁所
26,26,D010000242,7-11好萊富門市混合廁,臺南市,新營區,南紙里,23.301055,120.294266,混合廁所
27,27,D350000231,7-11安立門市混合廁,臺南市,安南區,淵中里,23.049753,120.17009,混合廁所
28,28,D350000115,7-11安安門市混合廁,臺南市,安南區,城北里,23.061173,120.134128,混合廁所
29,29,D360000356,7-11安運門市混合廁,臺南市,安平區,平安里,22.999057,120.176096,混合廁所
30,30,D320000869,7-11沐東風門市性別友善廁,臺南市,東區,德高里,22.965118,120.23742,性別友善廁所
31,31,D180000094,7-11那菝門市混合廁,臺南市,新化區,那拔里,23.068102,120.351637,混合廁所
32,32,D360000349,7-11亞萬門市性別友善廁,臺南市,安平區,平通里,22.991603,120.169107,性別友善廁所
33,33,D120000008,7-11佳立門市混合廁,臺南市,佳里區,東寧里,23.162111,120.182396,混合廁所
34,34,D120000115,7-11佳成門市混合廁,臺南市,佳里區,佳興里,23.18849,120.187708,混合廁所
35,35,D320000868,7-11佳旻門市性別友善廁,臺南市,東區,德高里,22.961784,120.23659,性別友善廁所
36,36,D120000019,7-11佳龍門市混合廁,臺南市,佳里區,南勢里,23.148356,120.180008,混合廁所
37,37,D270000100,7-11奇勝門市混合廁,臺南市,仁德區,新田里,22.9564,120.261294,混合廁所
38,38,D360000049,7-11怡平門市混合廁,臺南市,安平區,建平里,22.993939,120.179014,混合廁所
39,39,D340000095,7-11東森門市混合廁,臺南市,北區,重興里,23.00301,120.224975,混合廁所
40,40,D270000092,7-11林頂門市混合廁,臺南市,仁德區,仁義里,22.969994,120.264203,混合廁所
41,41,D010000256,7-11欣奇門市混合廁,臺南市,新營區,新東里,23.316474,120.32316,混合廁所
42,42,D270000055,7-11虎尾寮門市混合廁,臺南市,仁德區,仁德里,22.975587,120.248051,混合廁所
43,43,D350000030,7-11長和門市混合廁,臺南市,安南區,州南里,23.063122,120.214382,混合廁所
44,44,D270000236,7-11保正門市混合廁,臺南市,仁德區,文賢里,22.937821,120.247788,混合廁所
45,45,D290000038,7-11保東門市混合廁,臺南市,關廟區,埤頭里,22.996404,120.30805,混合廁所
46,46,D330000255,7-11南都門市混合廁,臺南市,南區,南華里,22.961947,120.189241,混合廁所
47,47,D310000084,7-11南瀛門市混合廁,臺南市,永康區,塩行里,23.033785,120.245133,混合廁所
48,48,D170000059,7-11南鯤鯓門市混合廁,臺南市,北門區,蚵寮里,23.284472,120.137052,混合廁所
49,49,D350000119,7-11城中門市混合廁,臺南市,安南區,城中里,23.062295,120.129728,混合廁所
50,50,D140000026,7-11後營門市混合廁,臺南市,西港區,營西里,23.139285,120.216722,混合廁所
51,51,D200000009,7-11美人魚門市混合廁,臺南市,新市區,新市里,23.078315,120.291582,混合廁所
52,52,D330000347,7-11夏林門市性別友善廁,臺南市,南區,廣州里,22.981643,120.194515,性別友善廁所
53,53,D320000028,7-11席悅門市混合廁,臺南市,東區,東光里,22.990904,120.228677,混合廁所
54,54,D310000085,7-11桂田門市混合廁,臺南市,永康區,塩興里,23.044346,120.24209,混合廁所
55,55,D160000005,7-11將軍門市混合廁,臺南市,將軍區,長榮里,23.197054,120.158335,混合廁所
56,56,D160000080,7-11將富門市混合廁,臺南市,將軍區,將軍里,23.215012,120.135328,混合廁所
57,57,D320000478,7-11崇祐門市混合廁,臺南市,東區,崇成里,22.971007,120.225818,混合廁所
58,58,D320000563,7-11崇華門市混合廁,臺南市,東區,崇信里,22.97855,120.226184,混合廁所
59,59,D320000224,7-11崇道門市混合廁,臺南市,東區,富強里,22.972519,120.229917,混合廁所
60,60,D360000190,7-11康平門市混合廁,臺南市,安平區,育平里,22.987201,120.168156,混合廁所
61,61,D350000064,7-11淵安門市混合廁,臺南市,安南區,溪心里,23.050346,120.180938,混合廁所
62,62,D030000044,7-11荷韻門市混合廁,臺南市,白河區,河東里,23.34538,120.425189,混合廁所
63,63,D070000061,7-11麻中門市混合廁,臺南市,麻豆區,南勢里,23.183504,120.261027,混合廁所
64,64,D070000097,7-11麻佳門市混合廁,臺南市,麻豆區,埤頭里,23.18043,120.232137,混合廁所
65,65,D070000052,7-11麻新門市混合廁,臺南市,麻豆區,大埕里,23.189629,120.252896,混合廁所
66,66,D070000131,7-11麻學門市混合廁,臺南市,麻豆區,海埔里,23.190573,120.220342,混合廁所
67,67,D310000086,7-11創意門市混合廁,臺南市,永康區,尚頂里,23.030249,120.235192,混合廁所
68,68,D190000018,7-11善和門市混合廁,臺南市,善化區,坐駕里,23.129556,120.298215,混合廁所
69,69,D190000148,7-11善營門市混合廁,臺南市,善化區,小新里,23.128309,120.31353,混合廁所
70,70,D330000071,7-11喜樹門市混合廁,臺南市,南區,喜東里,22.940711,120.181382,混合廁所
71,71,D370000466,7-11湖華門市混合廁,臺南市,中西區,西湖里,23.00329,120.18649,混合廁所
72,72,D360000186,7-11華平門市混合廁,臺南市,安平區,國平里,22.983908,120.173841,混合廁所
73,73,D100000056,7-11隆田門市混合廁,臺南市,官田區,隆田里,23.195935,120.31812,混合廁所
74,74,D110000006,7-11新大內門市混合廁,臺南市,大內區,石城里,23.119296,120.356187,混合廁所
75,75,D120000016,7-11新北中門市混合廁,臺南市,佳里區,忠仁里,23.158712,120.178395,混合廁所
76,76,D200000008,7-11新市門市混合廁,臺南市,新市區,新市里,23.077168,120.29447,混合廁所
77,77,D270000130,7-11新正賢門市混合廁,臺南市,仁德區,保安里,22.922375,120.236331,混合廁所
78,78,D210000057,7-11新吉門市混合廁,臺南市,安定區,新吉里,23.08455,120.210344,混合廁所
79,79,D350000178,7-11新同安門市混合廁,臺南市,安南區,理想里,23.038802,120.188233,混合廁所
80,80,D350000043,7-11新安順門市混合廁,臺南市,安南區,新順里,23.044823,120.217103,混合廁所
81,81,D120000028,7-11新佳忠門市混合廁,臺南市,佳里區,安西里,23.169469,120.17074,混合廁所
82,82,D350000161,7-11新海佃門市混合廁,臺南市,安南區,海佃里,23.025591,120.191063,混合廁所
83,83,D200000044,7-11新凱門市混合廁,臺南市,新市區,社內里,23.077098,120.284894,混合廁所
84,84,D020000044,7-11新朝琴門市混合廁,臺南市,鹽水區,岸內里,23.324486,120.273559,混合廁所
85,85,D200000010,7-11新新善門市混合廁,臺南市,新市區,新市里,23.081324,120.295399,混合廁所
86,86,D010000194,7-11新新復門市混合廁,臺南市,新營區,民榮里,23.302621,120.302881,混合廁所
87,87,D200000096,7-11新墘門市混合廁,臺南市,新市區,港墘里,23.082306,120.299429,混合廁所
88,88,D010000201,7-11新憲門市混合廁,臺南市,新營區,埤寮里,23.329563,120.316523,混合廁所
89,89,D200000099,7-11新雙新門市混合廁,臺南市,新市區,永就里,23.067503,120.291017,混合廁所
90,90,D240000035,7-11楠西門市混合廁,臺南市,楠西區,鹿田里,23.166019,120.489587,混合廁所
91,91,D320000618,7-11裕信門市混合廁,臺南市,東區,裕聖里,22.979695,120.244965,混合廁所
92,92,D320000001,7-11裕豐門市混合廁,臺南市,東區,富裕里,22.983533,120.226397,混合廁所
93,93,D310000111,7-11鈺華門市混合廁,臺南市,永康區,崑山里,23.005854,120.258314,混合廁所
94,94,D310000103,7-11雋鈺門市混合廁,臺南市,永康區,西灣里,23.009416,120.25941,混合廁所
95,95,D320000427,7-11榮譽門市混合廁,臺南市,東區,忠孝里,22.974583,120.217297,混合廁所
96,96,D310000071,7-11精工門市混合廁,臺南市,永康區,蔦松里,23.04659,120.262123,混合廁所
97,97,D290000022,7-11蜜寶門市混合廁,臺南市,關廟區,香洋里,22.958709,120.331713,混合廁所
98,98,D270000169,7-11德航門市混合廁,臺南市,仁德區,仁愛里,22.957102,120.217233,混合廁所
99,99,D360000357,7-11慶國門市混合廁,臺南市,安平區,華平里,22.997122,120.171948,混合廁所
100,100,D050000058,7-11蓮營門市內部混合廁,臺南市,後壁區,福安里,23.328441,120.34407,混合廁所
101,101,D340000220,7-11鄭子寮門市混合廁,臺南市,北區,華德里,23.019127,120.201481,混合廁所
102,102,D310000687,7-11橋富門市性別友善廁,臺南市,永康區,大橋里,23.01996,120.229221,性別友善廁所
103,103,D350000001,7-11總安門市混合廁,臺南市,安南區,安順里,23.050688,120.218833,混合廁所
104,104,D360000135,7-11豐平門市混合廁,臺南市,安平區,平通里,22.994244,120.163975,混合廁所
105,105,D310000033,7-11雙永門市混合廁,臺南市,永康區,永康里,23.017967,120.260407,混合廁所
106,106,D290000036,7-11關聖門市混合廁,臺南市,關廟區,深坑里,22.939267,120.333773,混合廁所
107,107,D330000247,7-11鯤鯓門市混合廁,臺南市,南區,南都里,22.959111,120.184296,混合廁所
108,108,D310000134,7-11瓏埔門市混合廁,臺南市,永康區,龍潭里,23.034425,120.26365,混合廁所
109,109,D020000050,7-11歡雅門市混合廁,臺南市,鹽水區,歡雅里,23.292326,120.241491,混合廁所
110,110,D020000028,7-11鹽生門市混合廁,臺南市,鹽水區,橋南里,23.31664,120.266982,混合廁所
111,111,D020000112,7-11鹽金門市混合廁,臺南市,鹽水區,義中里,23.325221,120.254558,混合廁所
112,112,D310000156,7-11鹽信門市混合廁,臺南市,永康區,尚頂里,23.025647,120.226684,混合廁所
113,113,D020000029,7-11鹽新門市混合廁,臺南市,鹽水區,橋南里,23.310534,120.273602,混合廁所
114,114,D310000114,7-11灣中門市混合廁,臺南市,永康區,北興里,23.012136,120.270738,混合廁所
115,115,D370000617,Focus時尚流行館2F女廁,臺南市,中西區,城隍里,22.995651,120.210199,女廁所
116,116,D370000654,Focus時尚流行館2F無障礙廁,臺南市,中西區,城隍里,22.995651,120.210199,無障礙廁所
117,117,D370000618,Focus時尚流行館3F女廁,臺南市,中西區,城隍里,22.995651,120.210199,女廁所
118,118,D370000619,Focus時尚流行館3F男廁,臺南市,中西區,城隍里,22.995651,120.210199,男廁所
119,119,D370000655,Focus時尚流行館3F無障礙廁,臺南市,中西區,城隍里,22.995651,120.210199,無障礙廁所
120,120,D370000620,Focus時尚流行館4F女廁,臺南市,中西區,城隍里,22.995651,120.210199,女廁所
121,121,D370000621,Focus時尚流行館5F女廁,臺南市,中西區,城隍里,22.995651,120.210199,女廁所
122,122,D370000622,Focus時尚流行館5F男廁,臺南市,中西區,城隍里,22.995651,120.210199,男廁所
123,123,D370000657,Focus時尚流行館5F無障礙廁,臺南市,中西區,城隍里,22.995651,120.210199,無障礙廁所
124,124,D370000623,Focus時尚流行館6F海底撈女廁,臺南市,中西區,城隍里,22.995651,120.210199,女廁所
125,125,D370000624,Focus時尚流行館6F海底撈男廁,臺南市,中西區,城隍里,22.995651,120.210199,男廁所
126,126,D370000625,Focus時尚流行館7F女廁,臺南市,中西區,城隍里,22.995651,120.210199,女廁所
127,127,D370000626,Focus時尚流行館7F男廁,臺南市,中西區,城隍里,22.995651,120.210199,男廁所
128,128,D370000658,Focus時尚流行館7F無障礙廁,臺南市,中西區,城隍里,22.995651,120.210199,無障礙廁所
129,129,D370000627,Focus時尚流行館8F女廁,臺南市,中西區,城隍里,22.995651,120.210199,女廁所
130,130,D370000628,Focus時尚流行館8F男廁,臺南市,中西區,城隍里,22.995651,120.210199,男廁所
131,131,D370000659,Focus時尚流行館8F無障礙廁,臺南市,中西區,城隍里,22.995651,120.210199,無障礙廁所
132,132,D280000369,MitsuiOutletPark台南1FD區客廁女廁,臺南市,歸仁區,武東里,22.925183,120.287133,女廁所
133,133,D280000368,MitsuiOutletPark台南1FD區客廁男廁,臺南市,歸仁區,武東里,22.925183,120.287133,男廁所
134,134,D280000370,MitsuiOutletPark台南1FD區客廁親子廁,臺南市,歸仁區,武東里,22.925183,120.287133,親子廁所
135,135,D280000372,MitsuiOutletPark台南1FE區南客廁女廁,臺南市,歸仁區,武東里,22.925183,120.287133,女廁所
136,136,D280000371,MitsuiOutletPark台南1FE區南客廁男廁,臺南市,歸仁區,武東里,22.925183,120.287133,男廁所
137,137,D280000373,MitsuiOutletPark台南1FE區南客廁無障礙廁,臺南市,歸仁區,武東里,22.925183,120.287133,無障礙廁所
138,138,D280000375,MitsuiOutletPark台南2FA區客廁女廁,臺南市,歸仁區,武東里,22.925183,120.287133,女廁所
139,139,D280000374,MitsuiOutletPark台南2FA區客廁男廁,臺南市,歸仁區,武東里,22.925183,120.287133,男廁所
140,140,D280000376,MitsuiOutletPark台南2FA區客廁無障礙廁,臺南市,歸仁區,武東里,22.925183,120.287133,無障礙廁所
141,141,D280000378,MitsuiOutletPark台南2FB區南客廁女廁,臺南市,歸仁區,武東里,22.925183,120.287133,女廁所
142,142,D280000377,MitsuiOutletPark台南2FB區南客廁男廁,臺南市,歸仁區,武東里,22.925183,120.287133,男廁所
143,143,D280000379,MitsuiOutletPark台南2FB區南客廁無障礙廁,臺南市,歸仁區,武東里,22.925183,120.287133,無障礙廁所
144,144,D280000384,MitsuiOutletPark台南3FB區客廁女廁,臺南市,歸仁區,武東里,22.925183,120.287133,女廁所
145,145,D280000383,MitsuiOutletPark台南3FB區客廁男廁,臺南市,歸仁區,武東里,22.925183,120.287133,男廁所
146,146,D280000385,MitsuiOutletPark台南3FB區客廁無障礙廁,臺南市,歸仁區,武東里,22.925183,120.287133,無障礙廁所
147,147,D280000381,MitsuiOutletPark台南3FD區客廁女廁,臺南市,歸仁區,武東里,22.925183,120.287133,女廁所
148,148,D280000380,MitsuiOutletPark台南3FD區客廁男廁,臺南市,歸仁區,武東里,22.925183,120.287133,男廁所
149,149,D280000382,MitsuiOutletPark台南3FD區客廁無障礙廁,臺南市,歸仁區,武東里,22.925183,120.287133,無障礙廁所
150,150,D270000033,一甲社區活動中心1F女廁,臺南市,仁德區,一甲里,22.97703,120.25489,女廁所
151,151,D270000034,一甲社區活動中心1F男廁,臺南市,仁德區,一甲里,22.97703,120.25489,男廁所
152,152,D270000035,一甲社區活動中心2F女廁,臺南市,仁德區,一甲里,22.97703,120.25489,女廁所
153,153,D270000036,一甲社區活動中心2F男廁,臺南市,仁德區,一甲里,22.97703,120.25489,男廁所
154,154,D090000022,七甲龍湖聯合多功能活動中心混合廁,臺南市,六甲區,七甲里,23.221757,120.345373,混合廁所
155,155,D150000043,七股分隊女廁,臺南市,七股區,大埕里,23.143263,120.142469,女廁所
156,156,D150000044,七股分隊男廁,臺南市,七股區,大埕里,23.143263,120.142469,男廁所
157,157,D150000033,七股分駐所混合廁,臺南市,七股區,玉成里,23.136202,120.134618,混合廁所
158,158,D150000030,七股社區活動中心混合廁,臺南市,七股區,七股里,23.134724,120.12744,混合廁所
159,159,D150000038,七股區公所1F女廁,臺南市,七股區,大埕里,23.140368,120.139104,女廁所
160,160,D150000037,七股區公所1F男廁,臺南市,七股區,大埕里,23.140368,120.139104,男廁所
161,161,D150000050,七股區公所1F無障礙廁,臺南市,七股區,大埕里,23.140368,120.139104,無障礙廁所
162,162,D150000040,七股區公所2F女廁,臺南市,七股區,大埕里,23.140368,120.139104,女廁所
163,163,D150000039,七股區公所2F男廁,臺南市,七股區,大埕里,23.140368,120.139104,男廁所
164,164,D150000042,七股區公所3F女廁,臺南市,七股區,大埕里,23.140368,120.139104,女廁所
165,165,D150000041,七股區公所3F男廁,臺南市,七股區,大埕里,23.140368,120.139104,男廁所
166,166,D150000133,七股區六孔碼頭女廁,臺南市,七股區,三股里,23.123475,120.078063,女廁所
167,167,D150000132,七股區六孔碼頭男廁,臺南市,七股區,三股里,23.123475,120.078063,男廁所
168,168,D150000134,七股區六孔碼頭無障礙廁,臺南市,七股區,三股里,23.123475,120.078063,無障礙廁所
169,169,D150000023,七股區納骨堂女廁,臺南市,七股區,龍山里,23.129485,120.11189,女廁所
170,170,D150000024,七股區納骨堂男廁,臺南市,七股區,龍山里,23.129485,120.11189,男廁所
171,171,D150000053,七股區圖書館1F女廁,臺南市,七股區,大埕里,23.140285,120.138984,女廁所
172,172,D150000052,七股區圖書館1F男廁,臺南市,七股區,大埕里,23.140285,120.138984,男廁所
173,173,D150000054,七股區圖書館2F女廁,臺南市,七股區,大埕里,23.140285,120.138984,女廁所
174,174,D150000055,七股區圖書館3F男廁,臺南市,七股區,大埕里,23.140285,120.138984,男廁所
175,175,D150000035,七股區衛生所女廁,臺南市,七股區,大埕里,23.140185,120.138649,女廁所
176,176,D150000036,七股區衛生所男廁,臺南市,七股區,大埕里,23.140185,120.138649,男廁所
177,177,D150000048,七股區調解委員會1F混合廁,臺南市,七股區,大埕里,23.140288,120.138775,混合廁所
178,178,D150000049,七股區調解委員會2F混合廁,臺南市,七股區,大埕里,23.140288,120.138775,混合廁所
179,179,D150000010,七股區觀海樓女廁,臺南市,七股區,塩埕里,23.144927,120.077308,女廁所
180,180,D150000011,七股區觀海樓男廁,臺南市,七股區,塩埕里,23.144927,120.077308,男廁所
181,181,D150000138,七股遊客中心女廁,臺南市,七股區,塩埕里,23.153898,120.103229,女廁所
182,182,D150000137,七股遊客中心男廁,臺南市,七股區,塩埕里,23.153898,120.103229,男廁所
183,183,D150000139,七股遊客中心無障礙廁,臺南市,七股區,塩埕里,23.153898,120.103229,無障礙廁所
184,184,D150000062,七股樹子脚寶安宮女廁,臺南市,七股區,樹林里,23.114547,120.156313,女廁所
185,185,D150000061,七股樹子脚寶安宮男廁,臺南市,七股區,樹林里,23.114547,120.156313,男廁所
186,186,D150000016,七股鹽場鹽山北側女廁,臺南市,七股區,塩埕里,23.154217,120.098728,女廁所
187,187,D150000013,七股鹽場鹽山北側男廁,臺南市,七股區,塩埕里,23.154217,120.098728,男廁所
188,188,D150000017,七股鹽場鹽山北側無障礙廁,臺南市,七股區,塩埕里,23.154217,120.098728,無障礙廁所
189,189,D150000015,七股鹽場鹽山南側女廁,臺南市,七股區,塩埕里,23.153612,120.098964,女廁所
190,190,D150000014,七股鹽場鹽山南側男廁,臺南市,七股區,塩埕里,23.153612,120.098964,男廁所
191,191,D160000046,九叔公餐廳女廁,臺南市,將軍區,平沙里,23.211445,120.088374,女廁所
192,192,D160000045,九叔公餐廳男廁,臺南市,將軍區,平沙里,23.211445,120.088374,男廁所
193,193,D160000047,九叔公餐廳無障礙廁,臺南市,將軍區,平沙里,23.211445,120.088374,無障礙廁所
194,194,D090000097,二甲玄武殿混合廁,臺南市,六甲區,二甲里,23.228311,120.345512,混合廁所
195,195,D260000049,二寮觀景臺女廁,臺南市,左鎮區,二寮里,22.995456,120.410118,女廁所
196,196,D260000048,二寮觀景臺男廁,臺南市,左鎮區,二寮里,22.995456,120.410118,男廁所
197,197,D260000060,二寮觀景臺無障礙廁,臺南市,左鎮區,二寮里,22.995456,120.410118,無障礙廁所
198,198,D260000061,二寮觀景臺親子廁,臺南市,左鎮區,二寮里,22.995456,120.410118,親子廁所
199,199,D270000196,二層行觀音寺女廁,臺南市,仁德區,二行里,22.918035,120.217717,女廁所
200,200,D270000195,二層行觀音寺男廁,臺南市,仁德區,二行里,22.918035,120.217717,男廁所
201,201,D040000053,人和里農民活動中心混合廁,臺南市,柳營區,人和里,23.294564,120.313095,混合廁所
202,202,D100000104,八田與一故居入園左側女廁,臺南市,官田區,烏山頭里,23.213395,120.3643,女廁所
203,203,D100000103,八田與一故居入園左側男廁,臺南市,官田區,烏山頭里,23.213395,120.3643,男廁所
204,204,D100000105,八田與一故居入園左側親子廁,臺南市,官田區,烏山頭里,23.213395,120.3643,親子廁所
205,205,D100000086,八田與一故居女廁,臺南市,官田區,烏山頭里,23.213141,120.36378,女廁所
206,206,D100000087,八田與一故居男廁,臺南市,官田區,烏山頭里,23.21387,120.364976,男廁所
207,207,D100000088,八田與一故居無障礙廁,臺南市,官田區,烏山頭里,23.21387,120.364976,無障礙廁所
208,208,D280000140,八甲里活動中心混合廁,臺南市,歸仁區,八甲里,22.976258,120.298874,混合廁所
209,209,D040000050,八翁里活動中心混合廁,臺南市,柳營區,八翁里,23.274326,120.297363,混合廁所
210,210,D040000269,八翁里集會所女廁,臺南市,柳營區,八翁里,23.272862,120.296681,女廁所
211,211,D040000270,八翁里集會所男廁,臺南市,柳營區,八翁里,23.272862,120.296681,男廁所
212,212,D040000271,八翁里集會所無障礙廁,臺南市,柳營區,八翁里,23.272862,120.296681,無障礙廁所
213,213,D270000132,十鼓文創園區商品一館女廁,臺南市,仁德區,成功里,22.939489,120.229864,女廁所
214,214,D270000133,十鼓文創園區商品一館男廁,臺南市,仁德區,成功里,22.939489,120.229864,男廁所
215,215,D270000134,十鼓文創園區商品二館混合廁,臺南市,仁德區,成功里,22.939489,120.229864,混合廁所
216,216,D270000135,十鼓文創園區露營區女廁,臺南市,仁德區,成功里,22.939489,120.229864,女廁所
217,217,D270000136,十鼓文創園區露營區男廁,臺南市,仁德區,成功里,22.939489,120.229864,男廁所
218,218,D270000239,三甲社區活動中心1F性別友善廁,臺南市,仁德區,文賢里,22.932919,120.236301,性別友善廁所
219,219,D270000240,三甲社區活動中心2F性別友善廁,臺南市,仁德區,文賢里,22.932919,120.236301,性別友善廁所
220,220,D270000241,三甲社區活動中心3F性別友善廁,臺南市,仁德區,文賢里,22.932919,120.236301,性別友善廁所
221,221,D200000030,三里聯合活動中心1F女廁,臺南市,新市區,新和里,23.080219,120.288335,女廁所
222,222,D200000031,三里聯合活動中心1F男廁,臺南市,新市區,新和里,23.080219,120.288335,男廁所
223,223,D200000032,三里聯合活動中心1F無障礙廁,臺南市,新市區,新和里,23.080219,120.288335,無障礙廁所
224,224,D200000076,三舍社區活動中心1F混合廁,臺南市,新市區,三舍里,23.089956,120.296611,混合廁所
225,225,D170000032,三寮灣東隆宮女廁,臺南市,北門區,三光里,23.238739,120.111964,女廁所
226,226,D170000031,三寮灣東隆宮男廁,臺南市,北門區,三光里,23.238739,120.111964,男廁所
227,227,D050000108,上茄苳里活動中心女廁,臺南市,後壁區,上茄苳里,23.387143,120.382543,女廁所
228,228,D050000109,上茄苳里活動中心男廁,臺南市,後壁區,上茄苳里,23.387143,120.382543,男廁所
229,229,D080000017,下營上帝廟香客樓女廁,臺南市,下營區,宅內里,23.235071,120.260462,女廁所
230,230,D080000016,下營上帝廟香客樓男廁,臺南市,下營區,宅內里,23.235071,120.260462,男廁所
231,231,D080000042,下營下橋頭朝安宮女廁,臺南市,下營區,賀建里,23.232261,120.2831,女廁所
232,232,D080000041,下營下橋頭朝安宮男廁,臺南市,下營區,賀建里,23.232261,120.2831,男廁所
233,233,D080000005,下營公有零售市場女廁,臺南市,下營區,下營里,23.233871,120.261326,女廁所
234,234,D080000004,下營公有零售市場男廁,臺南市,下營區,下營里,23.233871,120.261326,男廁所
235,235,D080000006,下營公有零售市場無障礙廁,臺南市,下營區,下營里,23.233871,120.261326,無障礙廁所
236,236,D080000050,下營公園女廁,臺南市,下營區,後街里,23.239826,120.261549,女廁所
237,237,D080000049,下營公園男廁,臺南市,下營區,後街里,23.239826,120.261549,男廁所
238,238,D080000051,下營公園無障礙廁,臺南市,下營區,後街里,23.239826,120.261549,無障礙廁所
239,239,D080000029,下營分隊女廁,臺南市,下營區,新興里,23.244669,120.281894,女廁所
240,240,D080000027,下營分隊男廁,臺南市,下營區,新興里,23.244669,120.281894,男廁所
241,241,D080000026,下營分駐所混合廁,臺南市,下營區,新興里,23.236212,120.265802,混合廁所
242,242,D080000009,下營區公所1F女廁,臺南市,下營區,下營里,23.235551,120.26441,女廁所
243,243,D080000008,下營區公所1F男廁,臺南市,下營區,下營里,23.235551,120.26441,男廁所
244,244,D080000011,下營區公所2F女廁,臺南市,下營區,下營里,23.235551,120.26441,女廁所
245,245,D080000010,下營區公所2F男廁,臺南市,下營區,下營里,23.235551,120.26441,男廁所
246,246,D080000012,下營區圖書館1F親子廁,臺南市,下營區,下營里,23.235292,120.264443,親子廁所
247,247,D080000015,下營區圖書館2F女廁,臺南市,下營區,下營里,23.235292,120.264443,女廁所
248,248,D080000014,下營區圖書館2F男廁,臺南市,下營區,下營里,23.235292,120.264443,男廁所
249,249,D080000031,下營區衛生所1F混合廁,臺南市,下營區,營前里,23.231514,120.262404,混合廁所
250,250,D080000047,下營觀音寺女廁,臺南市,下營區,茅營里,23.219535,120.283786,女廁所
251,251,D080000048,下營觀音寺男廁,臺南市,下營區,茅營里,23.21982,120.28376,男廁所
252,252,D310000098,久井中華路加油站女廁,臺南市,永康區,甲頂里,23.022276,120.211023,女廁所
253,253,D310000096,久井中華路加油站男廁,臺南市,永康區,甲頂里,23.022276,120.211023,男廁所
254,254,D270000051,久井仁德交流道加油站女廁,臺南市,仁德區,仁德里,22.973904,120.248084,女廁所
255,255,D270000044,久井仁德交流道加油站男廁,臺南市,仁德區,仁德里,22.973904,120.248084,男廁所
256,256,D350000267,久井北安加油站女廁,臺南市,安南區,州南里,23.059296,120.213599,女廁所
257,257,D350000266,久井北安加油站男廁,臺南市,安南區,州南里,23.059296,120.213599,男廁所
258,258,D030000041,久井白河加油站女廁,臺南市,白河區,庄內里,23.356092,120.420487,女廁所
259,259,D030000040,久井白河加油站男廁,臺南市,白河區,庄內里,23.356092,120.420487,男廁所
260,260,D120000106,久井佳里加油站女廁,臺南市,佳里區,民安里,23.166195,120.194698,女廁所
261,261,D120000104,久井佳里加油站男廁,臺南市,佳里區,民安里,23.166195,120.194698,男廁所
262,262,D360000044,久井府前加油站女廁,臺南市,安平區,建平里,22.996756,120.185116,女廁所
263,263,D360000043,久井府前加油站男廁,臺南市,安平區,建平里,22.996756,120.185116,男廁所
264,264,D200000163,久井新市加油站女廁,臺南市,新市區,新和里,23.066884,120.28919,女廁所
265,265,D200000162,久井新市加油站男廁,臺南市,新市區,新和里,23.066884,120.28919,男廁所
266,266,D130000004,久井學甲加油站女廁,臺南市,學甲區,新榮里,23.226458,120.182914,女廁所
267,267,D130000003,久井學甲加油站男廁,臺南市,學甲區,新榮里,23.226458,120.182914,男廁所
268,268,D290000162,久井關廟加油站混合廁,臺南市,關廟區,下湖里,22.972945,120.322023,混合廁所
269,269,D290000045,久井關廟如加油站女廁,臺南市,關廟區,下湖里,22.973279,120.316111,女廁所
270,270,D290000043,久井關廟如加油站男廁,臺南市,關廟區,下湖里,22.973279,120.316111,男廁所
271,271,D290000044,久井關廟意加油站女廁,臺南市,關廟區,下湖里,22.973474,120.315382,女廁所
272,272,D290000042,久井關廟意加油站男廁,臺南市,關廟區,下湖里,22.973474,120.315382,男廁所
273,273,D340000218,千越加油站西門站女廁,臺南市,北區,福德里,23.011779,120.208577,女廁所
274,274,D340000219,千越加油站西門站男廁,臺南市,北區,福德里,23.011779,120.208577,男廁所
275,275,D320000222,千越加油站東門站女廁,臺南市,東區,富強里,22.981459,120.229446,女廁所
276,276,D320000223,千越加油站東門站男廁,臺南市,東區,富強里,22.981459,120.229446,男廁所
277,277,D340000091,千越加油站華北站女廁,臺南市,北區,大豐里,23.007995,120.186158,女廁所
278,278,D340000092,千越加油站華北站男廁,臺南市,北區,大豐里,23.007995,120.186158,男廁所
279,279,D340000214,千越加油站開元站女廁,臺南市,北區,元寶里,23.009893,120.224022,女廁所
280,280,D340000215,千越加油站開元站男廁,臺南市,北區,元寶里,23.009893,120.224022,男廁所
281,281,D350000062,千越海佃加油站女廁,臺南市,安南區,海東里,23.029912,120.190183,女廁所
282,282,D350000063,千越海佃加油站男廁,臺南市,安南區,海東里,23.029912,120.190183,男廁所
283,283,D350000117,土城公有零售市場女廁,臺南市,安南區,城中里,23.062457,120.129349,女廁所
284,284,D350000116,土城公有零售市場男廁,臺南市,安南區,城中里,23.062457,120.129349,男廁所
285,285,D350000118,土城公有零售市場無障礙廁,臺南市,安南區,城中里,23.062457,120.129349,無障礙廁所
286,286,D350000469,土城加油站女廁,臺南市,安南區,城東里,23.068408,120.134691,女廁所
287,287,D350000470,土城加油站男廁,臺南市,安南區,城東里,23.068408,120.134691,男廁所
288,288,D310000123,土庫加油站女廁,臺南市,永康區,建國里,22.991717,120.250356,女廁所
289,289,D310000122,土庫加油站男廁,臺南市,永康區,建國里,22.991717,120.250356,男廁所
290,290,D050000040,土溝里活動中心混合廁,臺南市,後壁區,土溝里,23.373656,120.387124,混合廁所
291,291,D040000035,士林里活動中心1F女廁,臺南市,柳營區,士林里,23.278105,120.311285,女廁所
292,292,D040000036,士林里活動中心1F男廁,臺南市,柳營區,士林里,23.278105,120.311285,男廁所
293,293,D040000272,士林里活動中心2F混合廁,臺南市,柳營區,士林里,23.278199,120.311221,混合廁所
294,294,D340000253,大仁里社區活動中心女廁,臺南市,北區,大興里,23.008956,120.216466,女廁所
295,295,D340000254,大仁里社區活動中心男廁,臺南市,北區,大興里,23.008956,120.216466,男廁所
296,296,D110000046,大內分駐所混合廁,臺南市,大內區,石城里,23.120876,120.358161,混合廁所
297,297,D110000002,大內天后宮女廁,臺南市,大內區,石湖里,23.124567,120.355091,女廁所
298,298,D110000001,大內天后宮男廁,臺南市,大內區,石湖里,23.124567,120.355091,男廁所
299,299,D110000047,大內消防分隊混合廁,臺南市,大內區,石城里,23.120986,120.358137,混合廁所
300,300,D110000015,大內區公有零售市場女廁,臺南市,大內區,大內里,23.118889,120.358181,女廁所
301,301,D110000014,大內區公有零售市場男廁,臺南市,大內區,大內里,23.118889,120.358181,男廁所
302,302,D110000016,大內區公有零售市場無障礙廁,臺南市,大內區,大內里,23.118889,120.358181,無障礙廁所
303,303,D110000018,大內區公所1F女廁,臺南市,大內區,大內里,23.119133,120.356767,女廁所
304,304,D110000017,大內區公所1F男廁,臺南市,大內區,大內里,23.119133,120.356767,男廁所
305,305,D110000022,大內區圖書館1F女廁,臺南市,大內區,大內里,23.118784,120.357118,女廁所
306,306,D110000021,大內區圖書館1F男廁,臺南市,大內區,大內里,23.118784,120.357118,男廁所
307,307,D110000023,大內區圖書館1F無障礙廁,臺南市,大內區,大內里,23.118784,120.357118,無障礙廁所
308,308,D110000020,大內區衛生所女廁,臺南市,大內區,大內里,23.11926,120.356951,女廁所
309,309,D110000019,大內區衛生所男廁,臺南市,大內區,大內里,23.11926,120.356951,男廁所
310,310,D090000055,大丘派出所混合廁,臺南市,六甲區,大丘里,23.219331,120.436913,混合廁所
311,311,D030000057,大仙寺入口前女廁,臺南市,白河區,仙草里,23.340713,120.473188,女廁所
312,312,D030000056,大仙寺入口前男廁,臺南市,白河區,仙草里,23.340713,120.473188,男廁所
313,313,D030000063,大仙寺寺廟中庭女廁,臺南市,白河區,仙草里,23.339353,120.474013,女廁所
314,314,D030000062,大仙寺寺廟中庭男廁,臺南市,白河區,仙草里,23.339353,120.474013,男廁所
315,315,D030000059,大仙寺停車場女廁,臺南市,白河區,仙草里,23.340078,120.472409,女廁所
316,316,D030000058,大仙寺停車場男廁,臺南市,白河區,仙草里,23.340078,120.472409,男廁所
317,317,D030000061,大仙寺廟前女廁,臺南市,白河區,仙草里,23.339403,120.473533,女廁所
318,318,D030000060,大仙寺廟前男廁,臺南市,白河區,仙草里,23.339403,120.473533,男廁所
319,319,D230000098,大玉井加油站女廁,臺南市,玉井區,沙田里,23.115454,120.471036,女廁所
320,320,D230000097,大玉井加油站男廁,臺南市,玉井區,沙田里,23.115454,120.471036,男廁所
321,321,D270000199,大甲二行活動中心混合廁,臺南市,仁德區,大甲里,22.91508,120.218606,混合廁所
322,322,D340000114,大全聯台南店1F女廁,臺南市,北區,和順里,23.004349,120.20343,女廁所
323,323,D340000115,大全聯台南店1F男廁,臺南市,北區,和順里,23.004349,120.20343,男廁所
324,324,D210000088,大同社區活動中心混合廁,臺南市,安定區,嘉同里,23.083721,120.223579,混合廁所
325,325,D190000214,大成加油站女廁,臺南市,善化區,小新里,23.128379,120.314927,女廁所
326,326,D190000215,大成加油站男廁,臺南市,善化區,小新里,23.128379,120.314927,男廁所
327,327,D190000216,大成加油站無障礙廁,臺南市,善化區,小新里,23.128379,120.314927,無障礙廁所
328,328,D180000231,大坑休閒農場女廁,臺南市,新化區,大坑里,23.009916,120.389985,女廁所
329,329,D180000230,大坑休閒農場男廁,臺南市,新化區,大坑里,23.009916,120.389985,男廁所
330,330,D180000001,大坑里活動中心混合廁,臺南市,新化區,大坑里,23.009326,120.384877,混合廁所
331,331,D010000149,大宏王公活動中心西側2F女廁,臺南市,新營區,大宏里,23.309348,120.318159,女廁所
332,332,D010000148,大宏王公活動中心西側2F男廁,臺南市,新營區,大宏里,23.309348,120.318159,男廁所
333,333,D010000151,大宏王公活動中心西側3F女廁,臺南市,新營區,大宏里,23.309348,120.318159,女廁所
334,334,D010000150,大宏王公活動中心西側3F男廁,臺南市,新營區,大宏里,23.309348,120.318159,男廁所
335,335,D010000005,大宏王公活動中心東側2F女廁,臺南市,新營區,大宏里,23.309348,120.318159,女廁所
336,336,D010000004,大宏王公活動中心東側2F男廁,臺南市,新營區,大宏里,23.309348,120.318159,男廁所
337,337,D010000153,大宏王公活動中心東側3F女廁,臺南市,新營區,大宏里,23.309348,120.318159,女廁所
338,338,D010000152,大宏王公活動中心東側3F男廁,臺南市,新營區,大宏里,23.309348,120.318159,男廁所
339,339,D280000006,大佳加油站混合廁,臺南市,歸仁區,南保里,22.967346,120.292507,混合廁所
340,340,D340000438,大和社區活動中心1F女廁,臺南市,北區,大和里,23.01612585,120.1895693,女廁所
341,341,D340000437,大和社區活動中心1F男廁,臺南市,北區,大和里,23.01612585,120.1895693,男廁所
342,342,D340000439,大和社區活動中心1F無障礙廁,臺南市,北區,大和里,23.01612585,120.1895693,無障礙廁所
343,343,D280000151,大旺加油站女廁,臺南市,歸仁區,南興里,22.969347,120.274035,女廁所
344,344,D280000007,大旺加油站男廁,臺南市,歸仁區,南興里,22.969347,120.274035,男廁所
345,345,D200000083,大社社區活動中心2F混合廁,臺南市,新市區,大社里,23.088777,120.318039,混合廁所
346,346,D150000056,大埕里漁民活動中心女廁,臺南市,七股區,大埕里,23.144854,120.141802,女廁所
347,347,D150000057,大埕里漁民活動中心男廁,臺南市,七股區,大埕里,23.144854,120.141802,男廁所
348,348,D100000200,大崎社區活動中心女廁,臺南市,官田區,大崎里,23.190881,120.370725,女廁所
349,349,D100000199,大崎社區活動中心男廁,臺南市,官田區,大崎里,23.190881,120.370725,男廁所
350,350,D100000201,大崎社區活動中心無障礙廁,臺南市,官田區,大崎里,23.190881,120.370725,無障礙廁所
351,351,D140000034,大港加油站混合廁,臺南市,西港區,慶安里,23.112714,120.203427,混合廁所
352,352,D140000032,大塭寮保安宮女廁,臺南市,西港區,永樂里,23.105036,120.178462,女廁所
353,353,D140000031,大塭寮保安宮男廁,臺南市,西港區,永樂里,23.105036,120.178462,男廁所
354,354,D180000072,大新加油站混合廁,臺南市,新化區,協興里,23.035679,120.294795,混合廁所
355,355,D240000034,大楠西加油站女廁,臺南市,楠西區,鹿田里,23.160334,120.489478,女廁所
356,356,D240000033,大楠西加油站男廁,臺南市,楠西區,鹿田里,23.160334,120.489478,男廁所
357,357,D040000064,大農里活動中心女廁,臺南市,柳營區,大農里,23.282482,120.374769,女廁所
358,358,D040000065,大農里活動中心男廁,臺南市,柳營區,大農里,23.282482,120.374769,男廁所
359,359,D280000399,大臺南會展中心展覽棟1F西南區女廁,臺南市,歸仁區,武東里,22.92182,120.285113,女廁所
360,360,D280000398,大臺南會展中心展覽棟1F西南區男廁,臺南市,歸仁區,武東里,22.92182,120.285113,男廁所
361,361,D280000400,大臺南會展中心展覽棟1F西南區無障礙廁,臺南市,歸仁區,武東里,22.92182,120.285113,無障礙廁所
362,362,D280000401,大臺南會展中心展覽棟1F西南區親子廁,臺南市,歸仁區,武東里,22.92182,120.285113,親子廁所
363,363,D280000395,大臺南會展中心展覽棟1F東南區女廁,臺南市,歸仁區,武東里,22.92182,120.285113,女廁所
364,364,D280000394,大臺南會展中心展覽棟1F東南區男廁,臺南市,歸仁區,武東里,22.92182,120.285113,男廁所
365,365,D280000396,大臺南會展中心展覽棟1F東南區無障礙廁,臺南市,歸仁區,武東里,22.92182,120.285113,無障礙廁所
366,366,D280000397,大臺南會展中心展覽棟1F東南區親子廁,臺南市,歸仁區,武東里,22.92182,120.285113,親子廁所
367,367,D280000402,大臺南會展中心停車棟1F東南區性別友善廁,臺南市,歸仁區,武東里,22.92182,120.285113,性別友善廁所
368,368,D280000403,大臺南會展中心停車棟1F東南區無障礙廁,臺南市,歸仁區,武東里,22.92182,120.285113,無障礙廁所
369,369,D280000391,大臺南會展中心會議棟1F西北區女廁,臺南市,歸仁區,武東里,22.92182,120.285113,女廁所
370,370,D280000390,大臺南會展中心會議棟1F西北區男廁,臺南市,歸仁區,武東里,22.92182,120.285113,男廁所
371,371,D280000393,大臺南會展中心會議棟1F西區女廁,臺南市,歸仁區,武東里,22.92182,120.285113,女廁所
372,372,D280000392,大臺南會展中心會議棟1F西區男廁,臺南市,歸仁區,武東里,22.92182,120.285113,男廁所
373,373,D280000387,大臺南會展中心會議棟1F東北區女廁,臺南市,歸仁區,武東里,22.92182,120.285113,女廁所
374,374,D280000386,大臺南會展中心會議棟1F東北區男廁,臺南市,歸仁區,武東里,22.92182,120.285113,男廁所
375,375,D280000388,大臺南會展中心會議棟1F東北區前無障礙廁,臺南市,歸仁區,武東里,22.92182,120.285113,無障礙廁所
376,376,D280000389,大臺南會展中心會議棟1F東北區後無障礙廁,臺南市,歸仁區,武東里,22.92182,120.285113,無障礙廁所
377,377,D280000408,大臺南會展中心會議棟3F西北區女廁,臺南市,歸仁區,武東里,22.92182,120.285113,女廁所
378,378,D280000407,大臺南會展中心會議棟3F西北區男廁,臺南市,歸仁區,武東里,22.92182,120.285113,男廁所
379,379,D280000405,大臺南會展中心會議棟3F東北區女廁,臺南市,歸仁區,武東里,22.92182,120.285113,女廁所
380,380,D280000404,大臺南會展中心會議棟3F東北區男廁,臺南市,歸仁區,武東里,22.92182,120.285113,男廁所
381,381,D280000406,大臺南會展中心會議棟3F東北區無障礙廁,臺南市,歸仁區,武東里,22.92182,120.285113,無障礙廁所
382,382,D280000410,大臺南會展中心會議棟4F西區男廁,臺南市,歸仁區,武東里,22.92182,120.285113,男廁所
383,383,D280000411,大臺南會展中心會議棟4F西區無障礙廁,臺南市,歸仁區,武東里,22.92182,120.285113,無障礙廁所
384,384,D280000412,大臺南會展中心會議棟4F西區親子廁,臺南市,歸仁區,武東里,22.92182,120.285113,親子廁所
385,385,D280000409,大臺南會展中心會議棟4F東區女廁,臺南市,歸仁區,武東里,22.92182,120.285113,女廁所
386,386,D350000464,大銘昌加油站女廁,臺南市,安南區,學東里,23.075051,120.134657,女廁所
387,387,D350000463,大銘昌加油站男廁,臺南市,安南區,學東里,23.075051,120.134657,男廁所
388,388,D150000058,大寮社區活動中心混合廁,臺南市,七股區,大埕里,23.148752,120.153676,混合廁所
389,389,D280000145,大廟里活動中心1F女廁,臺南市,歸仁區,大廟里,22.996587,120.275903,女廁所
390,390,D280000146,大廟里活動中心1F男廁,臺南市,歸仁區,大廟里,22.996587,120.275903,男廁所
391,391,D280000147,大廟里活動中心1F無障礙廁,臺南市,歸仁區,大廟里,22.996587,120.275903,無障礙廁所
392,392,D280000148,大廟里活動中心2F女廁,臺南市,歸仁區,大廟里,22.996587,120.275903,女廁所
393,393,D280000149,大廟里活動中心2F男廁,臺南市,歸仁區,大廟里,22.996587,120.275903,男廁所
394,394,D280000150,大廟里活動中心2F無障礙廁,臺南市,歸仁區,大廟里,22.996587,120.275903,無障礙廁所
395,395,D270000234,大德加油站女廁,臺南市,仁德區,文賢里,22.927787,120.243293,女廁所
396,396,D270000235,大德加油站男廁,臺南市,仁德區,文賢里,22.927787,120.243293,男廁所
397,397,D280000029,大潭派出所混合廁,臺南市,歸仁區,大潭里,22.91023,120.271528,混合廁所
398,398,D290000166,大潭埤旺萊公園女廁,臺南市,關廟區,松腳里,22.956758,120.341177,女廁所
399,399,D290000167,大潭埤旺萊公園男廁,臺南市,關廟區,松腳里,22.956758,120.341177,男廁所
400,400,D290000168,大潭埤旺萊公園無障礙廁,臺南市,關廟區,松腳里,22.956758,120.341177,無障礙廁所
401,401,D290000169,大潭埤旺萊公園鳳梨主題遊戲場女廁,臺南市,關廟區,松腳里,22.956763,120.342489,女廁所
402,402,D290000170,大潭埤旺萊公園鳳梨主題遊戲場男廁,臺南市,關廟區,松腳里,22.956763,120.342489,男廁所
403,403,D320000856,大學東寧社區聯合活動中心1F女廁,臺南市,東區,大學里,22.992045,120.224256,女廁所
404,404,D320000855,大學東寧社區聯合活動中心1F男廁,臺南市,東區,大學里,22.992045,120.224256,男廁所
405,405,D320000858,大學東寧社區聯合活動中心2F女廁,臺南市,東區,大學里,22.992045,120.224256,女廁所
406,406,D320000857,大學東寧社區聯合活動中心2F男廁,臺南市,東區,大學里,22.992045,120.224256,男廁所
407,407,D310000153,大橋火車站女廁,臺南市,永康區,西橋里,23.01932,120.224424,女廁所
408,408,D310000009,大橋火車站男廁,臺南市,永康區,西橋里,23.01932,120.224424,男廁所
409,409,D310000154,大橋火車站無障礙廁,臺南市,永康區,西橋里,23.01932,120.224424,無障礙廁所
410,410,D290000040,大關廟加油站前方混合廁,臺南市,關廟區,下湖里,22.974867,120.319876,混合廁所
411,411,D290000048,大關廟加油站後方女廁,臺南市,關廟區,下湖里,22.974867,120.319876,女廁所
412,412,D290000047,大關廟加油站後方男廁,臺南市,關廟區,下湖里,22.974867,120.319876,男廁所
413,413,D310000018,大灣分隊混合廁,臺南市,永康區,東灣里,23.005732,120.268877,混合廁所
414,414,D310000013,大灣派出所混合廁,臺南市,永康區,東灣里,23.005559,120.269086,混合廁所
415,415,D120000107,子龍派出所混合廁,臺南市,佳里區,子龍里,23.174764,120.208,混合廁所
416,416,D120000110,子龍廟永昌宮女廁,臺南市,佳里區,子龍里,23.17598,120.209085,女廁所
417,417,D120000109,子龍廟永昌宮男廁,臺南市,佳里區,子龍里,23.17598,120.209085,男廁所
418,418,D340000019,小東公園女廁,臺南市,北區,東興里,23.001247,120.226814,女廁所
419,419,D340000020,小東公園男廁,臺南市,北區,東興里,23.001247,120.226814,男廁所
420,420,D030000099,小南海風景區女廁,臺南市,白河區,廣蓮里,23.390323,120.393619,女廁所
421,421,D030000100,小南海風景區男廁,臺南市,白河區,廣蓮里,23.390323,120.393619,男廁所
422,422,D030000101,小南海風景區無障礙廁,臺南市,白河區,廣蓮里,23.390323,120.393619,無障礙廁所
423,423,D330000379,小美軍沙灘女廁,臺南市,南區,喜北里,22.95033,120.172485,女廁所
424,424,D330000380,小美軍沙灘男廁,臺南市,南區,喜北里,22.95033,120.172485,男廁所
425,425,D330000381,小美軍沙灘無障礙廁,臺南市,南區,喜北里,22.95033,120.172485,無障礙廁所
426,426,D330000382,小美軍沙灘親子廁,臺南市,南區,喜北里,22.95033,120.172485,親子廁所
427,427,D250000029,小崙社區活動中心1F女廁,臺南市,南化區,小崙里,23.047493,120.491779,女廁所
428,428,D250000030,小崙社區活動中心1F男廁,臺南市,南化區,小崙里,23.047493,120.491779,男廁所
429,429,D250000031,小崙社區活動中心2F混合廁,臺南市,南化區,小崙里,23.047493,120.491779,混合廁所
430,430,D190000149,小新社區活動中心女廁,臺南市,善化區,小新里,23.122867,120.314445,女廁所
431,431,D190000150,小新社區活動中心男廁,臺南市,善化區,小新里,23.122867,120.314445,男廁所
432,432,D190000151,小新社區活動中心無障礙廁,臺南市,善化區,小新里,23.122867,120.314445,無障礙廁所
433,433,D040000060,小腳腿多功能活動中心1F女廁,臺南市,柳營區,篤農里,23.290854,120.368125,女廁所
434,434,D040000061,小腳腿多功能活動中心1F男廁,臺南市,柳營區,篤農里,23.290854,120.368125,男廁所
435,435,D040000062,小腳腿多功能活動中心3F女廁,臺南市,柳營區,篤農里,23.290854,120.368125,女廁所
436,436,D040000063,小腳腿多功能活動中心3F男廁,臺南市,柳營區,篤農里,23.290854,120.368125,男廁所
437,437,D040000277,小腳腿多功能活動中心室外女廁,臺南市,柳營區,篤農里,23.290918,120.368095,女廁所
438,438,D040000276,小腳腿多功能活動中心室外男廁,臺南市,柳營區,篤農里,23.290918,120.368095,男廁所
439,439,D220000022,山上公園女廁,臺南市,山上區,山上里,23.099794,120.356955,女廁所
440,440,D220000021,山上公園男廁,臺南市,山上區,山上里,23.099794,120.356955,男廁所
441,441,D220000029,山上分隊混合廁,臺南市,山上區,山上里,23.098772,120.358141,混合廁所
442,442,D220000028,山上分駐所混合廁,臺南市,山上區,山上里,23.098883,120.358189,混合廁所
443,443,D220000036,山上天后宮女廁,臺南市,山上區,山上里,23.102772,120.357701,女廁所
444,444,D220000035,山上天后宮男廁,臺南市,山上區,山上里,23.102772,120.357701,男廁所
445,445,D220000032,山上里農民教育活動中心1F女廁,臺南市,山上區,山上里,23.102067,120.35769,女廁所
446,446,D220000031,山上里農民教育活動中心1F男廁,臺南市,山上區,山上里,23.102067,120.35769,男廁所
447,447,D220000040,山上花園水道博物館女廁,臺南市,山上區,山上里,23.096415,120.36088,女廁所
448,448,D220000041,山上花園水道博物館男廁,臺南市,山上區,山上里,23.096415,120.36088,男廁所
449,449,D220000044,山上花園水道博物館停車場女廁,臺南市,山上區,山上里,23.099665,120.3612,女廁所
450,450,D220000045,山上花園水道博物館停車場男廁,臺南市,山上區,山上里,23.099665,120.3612,男廁所
451,451,D220000046,山上花園水道博物館停車場無障礙廁,臺南市,山上區,山上里,23.099665,120.3612,無障礙廁所
452,452,D220000037,山上花園水道博物館淨水池區女廁,臺南市,山上區,新莊里,23.089092,120.35881,女廁所
453,453,D220000038,山上花園水道博物館淨水池區男廁,臺南市,山上區,新莊里,23.089092,120.35881,男廁所
454,454,D220000039,山上花園水道博物館淨水池區無障礙廁,臺南市,山上區,新莊里,23.089092,120.35881,無障礙廁所
455,455,D220000042,山上花園水道博物館無障礙廁,臺南市,山上區,山上里,23.096415,120.36088,無障礙廁所
456,456,D220000008,山上區公有零售市場混合廁,臺南市,山上區,南洲里,23.102581,120.354852,混合廁所
457,457,D220000012,山上區公所1F女廁,臺南市,山上區,南洲里,23.103411,120.352701,女廁所
458,458,D220000011,山上區公所1F男廁,臺南市,山上區,南洲里,23.103411,120.352701,男廁所
459,459,D220000014,山上區公所2F女廁,臺南市,山上區,南洲里,23.103411,120.352701,女廁所
460,460,D220000013,山上區公所2F男廁,臺南市,山上區,南洲里,23.103411,120.352701,男廁所
461,461,D220000027,山上區公所3F女廁,臺南市,山上區,南洲里,23.103411,120.352701,女廁所
462,462,D220000026,山上區公所3F男廁,臺南市,山上區,南洲里,23.103411,120.352701,男廁所
463,463,D220000006,山上區朝天宮女廁,臺南市,山上區,明和里,23.10567,120.349105,女廁所
464,464,D220000005,山上區朝天宮男廁,臺南市,山上區,明和里,23.10567,120.349105,男廁所
465,465,D220000015,山上區圖書館1F無障礙廁暨親子廁,臺南市,山上區,南洲里,23.101651,120.355306,無障礙廁所
466,466,D220000016,山上區圖書館2F女廁,臺南市,山上區,南洲里,23.099817,120.359099,女廁所
467,467,D220000017,山上區圖書館2F男廁,臺南市,山上區,南洲里,23.101651,120.355306,男廁所
468,468,D220000024,山上區衛生所女廁,臺南市,山上區,山上里,23.098591,120.358077,女廁所
469,469,D220000023,山上區衛生所男廁,臺南市,山上區,山上里,23.098591,120.358077,男廁所
470,470,D220000030,山上區衛生所無障礙廁,臺南市,山上區,山上里,23.098591,120.358077,無障礙廁所
471,471,D290000019,山西宮女廁,臺南市,關廟區,關廟里,22.961998,120.325271,女廁所
472,472,D290000018,山西宮男廁,臺南市,關廟區,關廟里,22.961998,120.325271,男廁所
473,473,D090000051,山隆六甲加油站混合廁,臺南市,六甲區,龜港里,23.246364,120.314101,混合廁所
474,474,D310000100,山隆永康加油站女廁,臺南市,永康區,甲頂里,23.02301,120.218512,女廁所
475,475,D310000095,山隆永康加油站男廁,臺南市,永康區,甲頂里,23.02301,120.218512,男廁所
476,476,D210000128,山隆安定加油站女廁,臺南市,安定區,蘇厝里,23.124275,120.249607,女廁所
477,477,D210000129,山隆安定加油站男廁,臺南市,安定區,蘇厝里,23.124275,120.249607,男廁所
478,478,D210000130,山隆安定加油站無障礙廁,臺南市,安定區,蘇厝里,23.124275,120.249607,無障礙廁所
479,479,D190000146,山隆善化加油站女廁,臺南市,善化區,小新里,23.116511,120.318896,女廁所
480,480,D190000141,山隆善化加油站男廁,臺南市,善化區,小新里,23.116511,120.318896,男廁所
481,481,D010000246,山隆嘉豐加油站女廁,臺南市,新營區,嘉芳里,23.308961,120.285957,女廁所
482,482,D010000245,山隆嘉豐加油站男廁,臺南市,新營區,嘉芳里,23.308961,120.285957,男廁所
483,483,D270000228,中州保生宮混合廁,臺南市,仁德區,中洲里,22.907912,120.250476,混合廁所
484,484,D370000502,中西戶政事務所中西辦公處1F女廁,臺南市,中西區,兌悅里,23.000238,120.193068,女廁所
485,485,D370000503,中西戶政事務所中西辦公處1F混合廁,臺南市,中西區,兌悅里,22.999975,120.193103,混合廁所
486,486,D360000032,中西安平區清潔隊女廁,臺南市,安平區,金城里,22.995582,120.142961,女廁所
487,487,D360000031,中西安平區清潔隊男廁,臺南市,安平區,金城里,22.995582,120.142961,男廁所
488,488,D370000933,中西安平區清潔隊掃地班女廁,臺南市,中西區,大涼里,22.99264931,120.1881445,女廁所
489,489,D370000934,中西安平區清潔隊掃地班男廁,臺南市,中西區,大涼里,22.99264931,120.1881445,男廁所
490,490,D370000870,中西區三官廟混合廁,臺南市,中西區,永華里,22.992743,120.203048,混合廁所
491,491,D370000535,中西區五條港里活動中心女廁,臺南市,中西區,五條港里,23.000067,120.199789,女廁所
492,492,D370000536,中西區五條港里活動中心男廁,臺南市,中西區,五條港里,23.000067,120.199789,男廁所
493,493,D370000282,中西區公所1F混合廁,臺南市,中西區,永華里,22.992243,120.205751,混合廁所
494,494,D370000283,中西區公所1F無障礙廁,臺南市,中西區,永華里,22.992243,120.205751,無障礙廁所
495,495,D370000284,中西區公所2F女廁,臺南市,中西區,永華里,22.992243,120.205751,女廁所
496,496,D370000285,中西區公所2F男廁,臺南市,中西區,永華里,22.992243,120.205751,男廁所
497,497,D370000286,中西區公所3F女廁,臺南市,中西區,永華里,22.992243,120.205751,女廁所
498,498,D370000287,中西區公所3F男廁,臺南市,中西區,永華里,22.992243,120.205751,男廁所
499,499,D370000203,中西區太平境基督教堂女廁,臺南市,中西區,赤嵌里,22.993319,120.205409,女廁所
500,500,D370000204,中西區太平境基督教堂男廁,臺南市,中西區,赤嵌里,22.993319,120.205409,男廁所
501,501,D370000195,中西區北極殿女廁,臺南市,中西區,赤嵌里,22.994403,120.204706,女廁所
502,502,D370000196,中西區北極殿男廁,臺南市,中西區,赤嵌里,22.994403,120.204706,男廁所
503,503,D370000318,中西區永華里活動中心混合廁,臺南市,中西區,永華里,22.992083,120.205693,混合廁所
504,504,D370000317,中西區永華里活動中心無障礙廁,臺南市,中西區,永華里,22.992083,120.205693,無障礙廁所
505,505,D370000387,中西區光賢里活動中心3F女廁,臺南市,中西區,光賢里,23.002842,120.189947,女廁所
506,506,D370000388,中西區光賢里活動中心3F男廁,臺南市,中西區,光賢里,23.002842,120.189947,男廁所
507,507,D370000918,中西區西賢里活動中心女廁,臺南市,中西區,西賢里,22.99988,120.173617,女廁所
508,508,D370000917,中西區西賢里活動中心男廁,臺南市,中西區,西賢里,22.99988,120.173617,男廁所
509,509,D370000661,中西區東嶽殿女廁,臺南市,中西區,城隍里,22.990539,120.209401,女廁所
510,510,D370000662,中西區東嶽殿男廁,臺南市,中西區,城隍里,22.990539,120.209401,男廁所
511,511,D370000958,中西區南門里活動中心女廁,臺南市,中西區,南門里,22.9849,120.200327,女廁所
512,512,D370000959,中西區南門里活動中心男廁,臺南市,中西區,南門里,22.9849,120.200327,男廁所
513,513,D370000876,中西區重慶寺混合廁,臺南市,中西區,永華里,22.991549,120.203614,混合廁所
514,514,D370000875,中西區清水寺混合廁,臺南市,中西區,永華里,22.991817,120.206247,混合廁所
515,515,D370000607,中西區朝興宮混合廁,臺南市,中西區,南美里,22.991501,120.201441,混合廁所
516,516,D370000288,中西區圖書館女廁,臺南市,中西區,永華里,22.991351,120.203759,女廁所
517,517,D370000289,中西區圖書館男廁,臺南市,中西區,永華里,22.991351,120.203759,男廁所
518,518,D370000663,中西區臺灣城隍廟女廁,臺南市,中西區,城隍里,22.992025,120.209112,女廁所
519,519,D370000664,中西區臺灣城隍廟男廁,臺南市,中西區,城隍里,22.992025,120.209112,男廁所
520,520,D370000873,中西區德化堂混合廁,臺南市,中西區,永華里,22.989134,120.206089,混合廁所
521,521,D370000544,中西區衛生所女廁,臺南市,中西區,淺草里,22.994984,120.192671,女廁所
522,522,D370000545,中西區衛生所男廁,臺南市,中西區,淺草里,22.994984,120.192671,男廁所
523,523,D370000877,中西區鄭氏祖廟混合廁,臺南市,中西區,永華里,22.992568,120.20302,混合廁所
524,524,D370000874,中西區擇賢堂混合廁,臺南市,中西區,永華里,22.991332,120.203208,混合廁所
525,525,D250000034,中坑里活動中心1F前女廁,臺南市,南化區,中坑里,23.045825,120.450249,女廁所
526,526,D250000038,中坑里活動中心1F前無障礙廁,臺南市,南化區,中坑里,23.045825,120.450249,無障礙廁所
527,527,D250000036,中坑里活動中心1F後女廁,臺南市,南化區,中坑里,23.045825,120.450249,女廁所
528,528,D250000037,中坑里活動中心1F後男廁,臺南市,南化區,中坑里,23.045825,120.450249,男廁所
529,529,D210000002,中沙社區發展協會女廁,臺南市,安定區,中沙里,23.078787,120.209138,女廁所
530,530,D210000001,中沙社區發展協會男廁,臺南市,安定區,中沙里,23.078787,120.209138,男廁所
531,531,D150000032,中油七股加油站女廁,臺南市,七股區,玉成里,23.136861,120.134812,女廁所
532,532,D150000031,中油七股加油站男廁,臺南市,七股區,玉成里,23.136861,120.134812,男廁所
533,533,D010000009,中油三民路加油站女廁,臺南市,新營區,民權里,23.306906,120.315944,女廁所
534,534,D010000008,中油三民路加油站男廁,臺南市,新營區,民權里,23.306906,120.315944,男廁所
535,535,D080000024,中油下營加油站女廁,臺南市,下營區,新興里,23.238413,120.26972,女廁所
536,536,D080000023,中油下營加油站男廁,臺南市,下營區,新興里,23.238413,120.26972,男廁所
537,537,D110000004,中油大內加油站女廁,臺南市,大內區,石城里,23.12116,120.354771,女廁所
538,538,D110000003,中油大內加油站男廁,臺南市,大內區,石城里,23.12116,120.354771,男廁所
539,539,D110000005,中油大內加油站無障礙廁,臺南市,大內區,石城里,23.12116,120.354771,無障礙廁所
540,540,D330000143,中油大同路加油站女廁,臺南市,南區,大林里,22.975076,120.214,女廁所
541,541,D330000144,中油大同路加油站男廁,臺南市,南區,大林里,22.975076,120.214,男廁所
542,542,D330000145,中油大同路加油站無障礙廁,臺南市,南區,大林里,22.975,120.214,無障礙廁所
543,543,D310000127,中油大灣加油站女廁,臺南市,永康區,建國里,22.998198,120.248738,女廁所
544,544,D310000126,中油大灣加油站男廁,臺南市,永康區,建國里,22.998198,120.248738,男廁所
545,545,D310000128,中油大灣加油站無障礙廁,臺南市,永康區,建國里,22.998198,120.248738,無障礙廁所
546,546,D220000001,中油山上加油站混合廁,臺南市,山上區,明和里,23.106028,120.350892,混合廁所
547,547,D220000002,中油山上加油站無障礙廁,臺南市,山上區,明和里,23.106028,120.350892,無障礙廁所
548,548,D370000403,中油中華西路南加油站女廁,臺南市,中西區,大涼里,22.98713,120.186964,女廁所
549,549,D370000404,中油中華西路南加油站男廁,臺南市,中西區,大涼里,22.98713,120.186964,男廁所
550,550,D370000960,中油中華西路南加油站無障礙廁,臺南市,中西區,大涼里,22.987145,120.186984,無障礙廁所
551,551,D320000002,中油中華路西加油站混合廁,臺南市,東區,崇學里,22.977689,120.226149,混合廁所
552,552,D320000003,中油中華路西加油站無障礙廁,臺南市,東區,崇學里,22.977689,120.226149,無障礙廁所
553,553,D320000471,中油中華路東加油站混合廁,臺南市,東區,崇學里,22.977067,120.226149,混合廁所
554,554,D320000472,中油中華路東加油站無障礙廁,臺南市,東區,崇學里,22.977067,120.226149,無障礙廁所
555,555,D270000045,中油仁德加油站女廁,臺南市,仁德區,仁義里,22.971103,120.254512,女廁所
556,556,D270000037,中油仁德加油站男廁,臺南市,仁德區,仁義里,22.971103,120.254512,男廁所
557,557,D270000215,中油仁德服務區北上加油站女廁,臺南市,仁德區,中洲里,22.905991,120.266841,女廁所
558,558,D270000214,中油仁德服務區北上加油站男廁,臺南市,仁德區,中洲里,22.905991,120.266841,男廁所
559,559,D270000216,中油仁德服務區北上加油站無障礙廁,臺南市,仁德區,中洲里,22.905991,120.266841,無障礙廁所
560,560,D270000212,中油仁德服務區南下加油站女廁,臺南市,仁德區,中洲里,22.905241,120.264992,女廁所
561,561,D270000211,中油仁德服務區南下加油站男廁,臺南市,仁德區,中洲里,22.905241,120.264992,男廁所
562,562,D270000213,中油仁德服務區南下加油站無障礙廁,臺南市,仁德區,中洲里,22.905241,120.264992,無障礙廁所
563,563,D340000284,中油公園路加油站女廁,臺南市,北區,正覺里,23.017144,120.214879,女廁所
564,564,D340000285,中油公園路加油站男廁,臺南市,北區,正覺里,23.017192,120.214714,男廁所
565,565,D340000133,中油公園路加油站無障礙廁,臺南市,北區,正覺里,23.017144,120.214879,無障礙廁所
566,566,D090000033,中油六甲加油站女廁,臺南市,六甲區,水林里,23.233323,120.341675,女廁所
567,567,D090000032,中油六甲加油站男廁,臺南市,六甲區,水林里,23.233323,120.341675,男廁所
568,568,D370000488,中油文賢路加油站女廁,臺南市,中西區,西和里,23.004527,120.193514,女廁所
569,569,D370000489,中油文賢路加油站男廁,臺南市,中西區,西和里,23.004527,120.193514,男廁所
570,570,D210000029,中油加盟安定交流道加油站女廁,臺南市,安定區,安加里,23.109714,120.235714,女廁所
571,571,D210000026,中油加盟安定交流道加油站男廁,臺南市,安定區,安定里,23.109714,120.235714,男廁所
572,572,D320000819,中油加盟新厝裕農加油站混合廁,臺南市,東區,南聖里,22.989478,120.243053,混合廁所
573,573,D170000068,中油北門加油站女廁,臺南市,北門區,文山里,23.241576,120.134631,女廁所
574,574,D170000069,中油北門加油站男廁,臺南市,北門區,文山里,23.241576,120.134631,男廁所
575,575,D260000043,中油左鎮加油站女廁,臺南市,左鎮區,睦光里,23.060247,120.415983,女廁所
576,576,D260000042,中油左鎮加油站男廁,臺南市,左鎮區,睦光里,23.060247,120.415983,男廁所
577,577,D260000059,中油左鎮加油站無障礙廁,臺南市,左鎮區,睦光里,23.060241,120.415898,無障礙廁所
578,578,D370000537,中油民生路加油站女廁,臺南市,中西區,淺草里,22.996756,120.191352,女廁所
579,579,D370000538,中油民生路加油站男廁,臺南市,中西區,淺草里,22.996756,120.191352,男廁所
580,580,D310000067,中油永康加油站女廁,臺南市,永康區,蔦松里,23.041714,120.254844,女廁所
581,581,D310000064,中油永康加油站男廁,臺南市,永康區,蔦松里,23.041714,120.254844,男廁所
582,582,D310000080,中油永康交流道加油站女廁,臺南市,永康區,蔦松里,23.042313,120.247702,女廁所
583,583,D310000073,中油永康交流道加油站男廁,臺南市,永康區,蔦松里,23.042313,120.247702,男廁所
584,584,D310000081,中油永康交流道加油站無障礙廁,臺南市,永康區,蔦松里,23.042313,120.247702,無障礙廁所
585,585,D360000040,中油永華路東加油站女廁,臺南市,安平區,建平里,22.990092,120.180912,女廁所
586,586,D360000041,中油永華路東加油站男廁,臺南市,安平區,建平里,22.990066,120.180939,男廁所
587,587,D360000042,中油永華路東加油站無障礙廁,臺南市,安平區,建平里,22.990066,120.180939,無障礙廁所
588,588,D230000072,中油玉井加油站女廁,臺南市,玉井區,玉田里,23.12091,120.465289,女廁所
589,589,D230000071,中油玉井加油站男廁,臺南市,玉井區,玉田里,23.12091,120.465289,男廁所
590,590,D230000073,中油玉井加油站無障礙廁,臺南市,玉井區,玉田里,23.12091,120.465289,無障礙廁所
591,591,D320000473,中油生產路加油站女廁,臺南市,東區,東智里,22.964363,120.216777,女廁所
592,592,D320000474,中油生產路加油站男廁,臺南市,東區,東智里,22.964363,120.216777,男廁所
593,593,D320000475,中油生產路加油站無障礙廁,臺南市,東區,東智里,22.964363,120.216777,無障礙廁所
594,594,D030000016,中油白河加油站女廁,臺南市,白河區,永安里,23.349255,120.407668,女廁所
595,595,D030000013,中油白河加油站男廁,臺南市,白河區,永安里,23.349255,120.407668,男廁所
596,596,D030000043,中油白河交流道加油站女廁,臺南市,白河區,河東里,23.345075,120.4286,女廁所
597,597,D030000042,中油白河交流道加油站男廁,臺南市,白河區,河東里,23.345075,120.4286,男廁所
598,598,D360000316,中油光州路加油站女廁,臺南市,安平區,億載里,22.991344,120.1602,女廁所
599,599,D360000315,中油光州路加油站男廁,臺南市,安平區,億載里,22.991344,120.1602,男廁所
600,600,D360000359,中油光州路加油站無障礙廁,臺南市,安平區,億載里,22.991382,120.160179,無障礙廁所
601,601,D350000105,中油安中路加油站女廁,臺南市,安南區,淵西里,23.053769,120.160514,女廁所
602,602,D350000106,中油安中路加油站男廁,臺南市,安南區,淵西里,23.053769,120.160514,男廁所
603,603,D330000225,中油安平工業區加油站女廁,臺南市,南區,彰南里,22.972961,120.183442,女廁所
604,604,D330000226,中油安平工業區加油站男廁,臺南市,南區,彰南里,22.972961,120.183442,男廁所
605,605,D330000358,中油安平工業區加油站無障礙廁,臺南市,南區,彰南里,22.972961,120.183442,無障礙廁所
606,606,D370000467,中油安平古堡路加油站女廁,臺南市,中西區,西賢里,23.002111,120.167436,女廁所
607,607,D370000468,中油安平古堡路加油站男廁,臺南市,中西區,西賢里,23.002111,120.167436,男廁所
608,608,D370000469,中油安平古堡路加油站無障礙廁,臺南市,中西區,西賢里,23.002111,120.167436,無障礙廁所
609,609,D210000027,中油安定交流道加油站女廁,臺南市,安定區,安定里,23.113428,120.235267,女廁所
610,610,D210000024,中油安定交流道加油站男廁,臺南市,安定區,安定里,23.113428,120.235267,男廁所
611,611,D350000162,中油安順加油站女廁,臺南市,安南區,鳳凰里,23.043098,120.195794,女廁所
612,612,D350000163,中油安順加油站男廁,臺南市,安南區,鳳凰里,23.043098,120.195794,男廁所
613,613,D340000167,中油成功路加油站女廁,臺南市,北區,公園里,22.997841,120.209272,女廁所
614,614,D340000168,中油成功路加油站男廁,臺南市,北區,公園里,22.997841,120.209272,男廁所
615,615,D200000071,中油西拉雅加油站女廁,臺南市,新市區,三舍里,23.105927,120.295011,女廁所
616,616,D200000070,中油西拉雅加油站男廁,臺南市,新市區,三舍里,23.105927,120.295011,男廁所
617,617,D200000072,中油西拉雅加油站無障礙廁,臺南市,新市區,三舍里,23.105927,120.295011,無障礙廁所
618,618,D370000667,中油西門路加油站女廁,臺南市,中西區,小西門里,22.985212,120.197755,女廁所
619,619,D370000668,中油西門路加油站男廁,臺南市,中西區,小西門里,22.985212,120.197755,男廁所
620,620,D140000033,中油西港加油站女廁,臺南市,西港區,西港里,23.116087,120.204518,女廁所
621,621,D140000002,中油西港加油站男廁,臺南市,西港區,西港里,23.116087,120.204518,男廁所
622,622,D360000313,中油育平路加油站女廁,臺南市,安平區,育平里,22.986974,120.166757,女廁所
623,623,D360000312,中油育平路加油站男廁,臺南市,安平區,育平里,22.986974,120.166757,男廁所
624,624,D360000189,中油育平路加油站無障礙廁,臺南市,安平區,育平里,22.986974,120.166757,無障礙廁所
625,625,D120000130,中油佳里仁愛路加油站女廁,臺南市,佳里區,鎮山里,23.151057,120.184503,女廁所
626,626,D120000129,中油佳里仁愛路加油站男廁,臺南市,佳里區,鎮山里,23.151057,120.184503,男廁所
627,627,D120000032,中油佳里加油站女廁,臺南市,佳里區,六安里,23.165279,120.177929,女廁所
628,628,D120000031,中油佳里加油站男廁,臺南市,佳里區,六安里,23.165279,120.177929,男廁所
629,629,D120000033,中油佳里加油站無障礙廁,臺南市,佳里區,六安里,23.165279,120.177929,無障礙廁所
630,630,D350000028,中油和順加油站女廁,臺南市,安南區,州南里,23.057954,120.218535,女廁所
631,631,D350000029,中油和順加油站男廁,臺南市,安南區,州南里,23.057954,120.218535,男廁所
632,632,D100000083,中油官田工業區加油站女廁,臺南市,官田區,二鎮里,23.210734,120.323176,女廁所
633,633,D100000082,中油官田工業區加油站男廁,臺南市,官田區,二鎮里,23.210734,120.323176,男廁所
634,634,D370000405,中油府前路加油站女廁,臺南市,中西區,大涼里,22.992062,120.19085,女廁所
635,635,D370000406,中油府前路加油站男廁,臺南市,中西區,大涼里,22.992062,120.19085,男廁所
636,636,D370000407,中油府前路加油站無障礙廁,臺南市,中西區,大涼里,22.992062,120.19085,無障礙廁所
637,637,D060000026,中油東山加油站女廁,臺南市,東山區,東正里,23.329749,120.407152,女廁所
638,638,D060000025,中油東山加油站男廁,臺南市,東山區,東正里,23.329749,120.407152,男廁所
639,639,D060000036,中油東山服務區加油站女廁,臺南市,東山區,科里里,23.284869,120.399104,女廁所
640,640,D060000035,中油東山服務區加油站男廁,臺南市,東山區,科里里,23.284869,120.399104,男廁所
641,641,D060000037,中油東山服務區加油站無障礙廁,臺南市,東山區,科里里,23.284869,120.399104,無障礙廁所
642,642,D320000177,中油東門路加油站女廁,臺南市,東區,東安里,22.986443,120.220013,女廁所
643,643,D320000178,中油東門路加油站男廁,臺南市,東區,東安里,22.986443,120.220013,男廁所
644,644,D320000179,中油東門路加油站無障礙廁,臺南市,東區,東安里,22.986443,120.220013,無障礙廁所
645,645,D340000152,中油前鋒路加油站女廁,臺南市,北區,中樓里,23.004793,120.215295,女廁所
646,646,D340000151,中油前鋒路加油站男廁,臺南市,北區,中樓里,23.004793,120.215295,男廁所
647,647,D340000153,中油前鋒路加油站無障礙廁,臺南市,北區,中樓里,23.004793,120.215295,無障礙廁所
648,648,D250000002,中油南化加油站女廁,臺南市,南化區,南化里,23.04371,120.478746,女廁所
649,649,D250000001,中油南化加油站男廁,臺南市,南化區,南化里,23.04371,120.478746,男廁所
650,650,D200000050,中油南科加油站女廁,臺南市,新市區,豐華里,23.096317,120.287029,女廁所
651,651,D200000049,中油南科加油站男廁,臺南市,新市區,豐華里,23.096317,120.287029,男廁所
652,652,D200000042,中油南科新市交流道加油站混合廁,臺南市,新市區,社內里,23.067751,120.280495,混合廁所
653,653,D050000018,中油後壁加油站女廁,臺南市,後壁區,後壁里,23.363164,120.359988,女廁所
654,654,D050000017,中油後壁加油站男廁,臺南市,後壁區,後壁里,23.363164,120.359988,男廁所
655,655,D040000052,中油柳營加油站女廁,臺南市,柳營區,人和里,23.292001,120.312734,女廁所
656,656,D040000051,中油柳營加油站男廁,臺南市,柳營區,人和里,23.292001,120.312734,男廁所
657,657,D190000128,中油茄拔加油站混合廁,臺南市,善化區,嘉北里,23.144392,120.327943,混合廁所
658,658,D190000125,中油茄拔加油站無障礙廁,臺南市,善化區,嘉北里,23.144392,120.327943,無障礙廁所
659,659,D100000106,中油烏山頭交流道加油站女廁,臺南市,官田區,烏山頭里,23.212491,120.353626,女廁所
660,660,D100000107,中油烏山頭交流道加油站男廁,臺南市,官田區,烏山頭里,23.212491,120.353626,男廁所
661,661,D360000182,中油健康路加油站女廁,臺南市,安平區,國平里,22.983791,120.17447,女廁所
662,662,D360000183,中油健康路加油站男廁,臺南市,安平區,國平里,22.983791,120.17447,男廁所
663,663,D330000337,中油國民路加油站女廁,臺南市,南區,大忠里,22.968874,120.21018,女廁所
664,664,D330000336,中油國民路加油站男廁,臺南市,南區,大忠里,22.968874,120.21018,男廁所
665,665,D160000049,中油將軍加油站女廁,臺南市,將軍區,忠嘉里,23.20456,120.159163,女廁所
666,666,D160000050,中油將軍加油站男廁,臺南市,將軍區,忠嘉里,23.20456,120.159163,男廁所
667,667,D160000051,中油將軍加油站無障礙廁,臺南市,將軍區,忠嘉里,23.20456,120.159163,無障礙廁所
668,668,D320000220,中油崇善路加油站女廁,臺南市,東區,崇善里,22.973013,120.229777,女廁所
669,669,D320000221,中油崇善路加油站男廁,臺南市,東區,崇善里,22.973013,120.229777,男廁所
670,670,D320000560,中油崇學路加油站女廁,臺南市,東區,崇信里,22.98253,120.225995,女廁所
671,671,D320000561,中油崇學路加油站男廁,臺南市,東區,崇信里,22.98253,120.225995,男廁所
672,672,D320000562,中油崇學路加油站無障礙廁,臺南市,東區,崇信里,22.98253,120.225995,無障礙廁所
673,673,D070000153,中油麻豆加油站女廁,臺南市,麻豆區,新興里,23.183577,120.247585,女廁所
674,674,D070000154,中油麻豆加油站男廁,臺南市,麻豆區,新興里,23.183577,120.247585,男廁所
675,675,D070000090,中油麻豆交流道加油站女廁,臺南市,麻豆區,埤頭里,23.183973,120.237809,女廁所
676,676,D070000089,中油麻豆交流道加油站男廁,臺南市,麻豆區,埤頭里,23.183973,120.237809,男廁所
677,677,D070000091,中油麻豆交流道加油站無障礙廁,臺南市,麻豆區,埤頭里,23.183973,120.237809,無障礙廁所
678,678,D070000129,中油麻學加油站女廁,臺南市,麻豆區,海埔里,23.195185,120.215154,女廁所
679,679,D070000130,中油麻學加油站男廁,臺南市,麻豆區,海埔里,23.195185,120.215154,男廁所
680,680,D190000127,中油善化加油站女廁,臺南市,善化區,東關里,23.132412,120.292827,女廁所
681,681,D190000124,中油善化加油站男廁,臺南市,善化區,東關里,23.132412,120.292827,男廁所
682,682,D330000334,中油喜樹路加油站混合廁,臺南市,南區,喜北里,22.946022,120.180185,混合廁所
683,683,D100000021,中油隆田加油站女廁,臺南市,官田區,隆本里,23.199438,120.316097,女廁所
684,684,D100000019,中油隆田加油站男廁,臺南市,官田區,隆本里,23.199446,120.316089,男廁所
685,685,D100000020,中油隆田加油站無障礙廁,臺南市,官田區,隆本里,23.199446,120.316089,無障礙廁所
686,686,D180000084,中油新化加油站女廁,臺南市,新化區,豐榮里,23.035856,120.30088,女廁所
687,687,D180000082,中油新化加油站男廁,臺南市,新化區,豐榮里,23.035856,120.30088,男廁所
688,688,D180000083,中油新化加油站無障礙廁,臺南市,新化區,豐榮里,23.035856,120.30088,無障礙廁所
689,689,D200000094,中油新市加油站女廁,臺南市,新市區,港墘里,23.073341,120.299637,女廁所
690,690,D200000090,中油新市加油站男廁,臺南市,新市區,港墘里,23.073341,120.299637,男廁所
691,691,D010000161,中油新營加油站混合廁,臺南市,新營區,大宏里,23.31011,120.325146,混合廁所
692,692,D010000253,中油新營交流道加油站女廁,臺南市,新營區,新南里,23.30668,120.294023,女廁所
693,693,D010000252,中油新營交流道加油站男廁,臺南市,新營區,新南里,23.30668,120.294023,男廁所
694,694,D010000254,中油新營交流道加油站無障礙廁,臺南市,新營區,新南里,23.30668,120.294023,無障礙廁所
695,695,D050000055,中油新營服務區北上加油站女廁,臺南市,後壁區,竹新里,23.339984,120.31328,女廁所
696,696,D050000054,中油新營服務區北上加油站男廁,臺南市,後壁區,竹新里,23.339984,120.31328,男廁所
697,697,D050000056,中油新營服務區北上加油站無障礙廁,臺南市,後壁區,竹新里,23.339984,120.31328,無障礙廁所
698,698,D050000145,中油新營服務區南下加油站女廁,臺南市,後壁區,竹新里,23.339984,120.31328,女廁所
699,699,D050000144,中油新營服務區南下加油站男廁,臺南市,後壁區,竹新里,23.339984,120.31328,男廁所
700,700,D050000146,中油新營服務區南下加油站無障礙廁,臺南市,後壁區,竹新里,23.339984,120.31328,無障礙廁所
701,701,D010000249,中油新營長榮路加油站男廁,臺南市,新營區,新北里,23.318829,120.306433,男廁所
702,702,D010000250,中油新營長榮路加油站無障礙廁,臺南市,新營區,新北里,23.318829,120.306433,無障礙廁所
703,703,D240000041,中油楠西加油站女廁,臺南市,楠西區,東勢里,23.170613,120.487905,女廁所
704,704,D240000040,中油楠西加油站男廁,臺南市,楠西區,東勢里,23.170613,120.487905,男廁所
705,705,D360000127,中油慶平路加油站女廁,臺南市,安平區,華平里,22.996913,120.173619,女廁所
706,706,D360000128,中油慶平路加油站男廁,臺南市,安平區,華平里,22.996913,120.173619,男廁所
707,707,D130000055,中油學甲中正路加油站女廁,臺南市,學甲區,秀昌里,23.244347,120.189457,女廁所
708,708,D130000054,中油學甲中正路加油站男廁,臺南市,學甲區,秀昌里,23.244347,120.189457,男廁所
709,709,D130000002,中油學甲加油站女廁,臺南市,學甲區,仁得里,23.22977,120.182498,女廁所
710,710,D130000001,中油學甲加油站男廁,臺南市,學甲區,仁得里,23.22977,120.182498,男廁所
711,711,D300000002,中油龍崎加油站女廁,臺南市,龍崎區,崎頂里,22.963497,120.364763,女廁所
712,712,D300000001,中油龍崎加油站男廁,臺南市,龍崎區,崎頂里,22.963497,120.364763,男廁所
713,713,D280000034,中油歸仁加油站女廁,臺南市,歸仁區,南保里,22.967635,120.282657,女廁所
714,714,D280000005,中油歸仁加油站男廁,臺南市,歸仁區,南保里,22.967635,120.282657,男廁所
715,715,D280000001,中油歸仁加油站無障礙廁,臺南市,歸仁區,南保里,22.967635,120.282657,無障礙廁所
716,716,D280000136,中油歸仁高鐵加油站女廁,臺南市,歸仁區,六甲里,22.9289,120.277944,女廁所
717,717,D280000010,中油歸仁高鐵加油站男廁,臺南市,歸仁區,六甲里,22.9289,120.277944,男廁所
718,718,D280000137,中油歸仁高鐵加油站無障礙廁,臺南市,歸仁區,六甲里,22.9289,120.277944,無障礙廁所
719,719,D290000003,中油關廟加油站女廁,臺南市,關廟區,關廟里,22.960698,120.3256,女廁所
720,720,D290000002,中油關廟加油站男廁,臺南市,關廟區,關廟里,22.960698,120.3256,男廁所
721,721,D300000052,中油關廟服務區南下加油站女廁,臺南市,龍崎區,楠坑里,22.93048114,120.3524865,女廁所
722,722,D300000051,中油關廟服務區南下加油站男廁,臺南市,龍崎區,楠坑里,22.927705,120.350858,男廁所
723,723,D300000053,中油關廟服務區南下加油站無障礙廁,臺南市,龍崎區,楠坑里,22.93057007,120.3521646,無障礙廁所
724,724,D020000023,中油鹽水加油站混合廁,臺南市,鹽水區,橋南里,23.314726,120.266276,混合廁所
725,725,D330000135,中油灣裡加油站女廁,臺南市,南區,興農里,22.929461,120.185385,女廁所
726,726,D330000136,中油灣裡加油站男廁,臺南市,南區,興農里,22.929461,120.185385,男廁所
727,727,D270000218,中洲公有零售市場女廁,臺南市,仁德區,中洲里,22.907079,120.250896,女廁所
728,728,D270000217,中洲公有零售市場男廁,臺南市,仁德區,中洲里,22.907079,120.250896,男廁所
729,729,D270000220,中洲火車站女廁,臺南市,仁德區,中洲里,22.904555,120.252863,女廁所
730,730,D270000222,中洲火車站女無障礙廁,臺南市,仁德區,中洲里,22.904555,120.252863,無障礙廁所
731,731,D270000219,中洲火車站男廁,臺南市,仁德區,中洲里,22.904555,120.252863,男廁所
732,732,D270000221,中洲火車站男無障礙廁,臺南市,仁德區,中洲里,22.904555,120.252863,無障礙廁所
733,733,D270000223,中洲火車站親子廁,臺南市,仁德區,中洲里,22.904555,120.252863,親子廁所
734,734,D270000889,中洲示範公墓祖先牌位室混合廁,臺南市,仁德區,中洲里,22.909041,120.260409,混合廁所
735,735,D270000225,中洲示範公墓納骨堂女廁,臺南市,仁德區,中洲里,22.908505,120.261581,女廁所
736,736,D270000226,中洲示範公墓納骨堂男廁,臺南市,仁德區,中洲里,22.908505,120.261581,男廁所
737,737,D040000041,中埕里活動中心混合廁,臺南市,柳營區,中埕里,23.276128,120.315241,混合廁所
738,738,D130000066,中浯派出所混合廁,臺南市,學甲區,中洲里,23.244731,120.156369,混合廁所
739,739,D210000048,中榮農村社區活動中心混合廁,臺南市,安定區,中榮里,23.094906,120.243462,混合廁所
740,740,D150000066,中寮社區活動中心1F混合廁,臺南市,七股區,中寮里,23.153156,120.109005,混合廁所
741,741,D150000067,中寮社區活動中心2F女廁,臺南市,七股區,中寮里,23.153156,120.109005,女廁所
742,742,D070000343,中興興農活動中心2F女廁,臺南市,麻豆區,中興里,23.18077493,120.2443877,女廁所
743,743,D070000344,中興興農活動中心2F男廁,臺南市,麻豆區,中興里,23.18084736,120.2444975,男廁所
744,744,D080000037,中營市場混合廁,臺南市,下營區,茅營里,23.215554,120.277474,混合廁所
745,745,D080000045,中營社區發展協會女廁,臺南市,下營區,開化里,23.214952,120.275525,女廁所
746,746,D080000046,中營社區發展協會男廁,臺南市,下營區,開化里,23.214952,120.275525,男廁所
747,747,D150000001,中鹽派出所混合廁,臺南市,七股區,中寮里,23.153284,120.106671,混合廁所
748,748,D370000210,五妃廟女廁,臺南市,中西區,郡王里,22.981951,120.204994,女廁所
749,749,D370000211,五妃廟男廁,臺南市,中西區,郡王里,22.981951,120.204994,男廁所
750,750,D190000091,五洲加油站女廁,臺南市,善化區,胡厝里,23.129644,120.265026,女廁所
751,751,D190000090,五洲加油站男廁,臺南市,善化區,胡厝里,23.129644,120.265026,男廁所
752,752,D320000859,仁和社區活動中心1F性別友善廁,臺南市,東區,仁和里,22.971046,120.23423,性別友善廁所
753,753,D320000860,仁和社區活動中心1F無障礙廁,臺南市,東區,仁和里,22.971046,120.23423,無障礙廁所
754,754,D270000203,仁德大甲慈濟宮女廁,臺南市,仁德區,二行里,22.918343,120.212609,女廁所
755,755,D270000202,仁德大甲慈濟宮男廁,臺南市,仁德區,二行里,22.918343,120.212609,男廁所
756,756,D270000090,仁德公有零售市場女廁,臺南市,仁德區,仁義里,22.972562,120.253382,女廁所
757,757,D270000089,仁德公有零售市場男廁,臺南市,仁德區,仁義里,22.972562,120.253382,男廁所
758,758,D270000093,仁德分隊混合廁,臺南市,仁德區,仁義里,22.968392,120.257772,混合廁所
759,759,D270000062,仁德戶政事務所仁德辦公處1F女廁,臺南市,仁德區,仁德里,22.972277,120.251222,女廁所
760,760,D270000061,仁德戶政事務所仁德辦公處1F男廁,臺南市,仁德區,仁德里,22.972277,120.251222,男廁所
761,761,D270000545,仁德火車站女廁,臺南市,仁德區,保安里,22.923631,120.240613,女廁所
762,762,D270000544,仁德火車站男廁,臺南市,仁德區,保安里,22.923631,120.240613,男廁所
763,763,D270000546,仁德火車站無障礙廁,臺南市,仁德區,保安里,22.923631,120.240613,無障礙廁所
764,764,D270000207,仁德服務區北上女廁,臺南市,仁德區,中洲里,22.906419,120.266294,女廁所
765,765,D270000204,仁德服務區北上男廁,臺南市,仁德區,中洲里,22.906313,120.266356,男廁所
766,766,D270000208,仁德服務區北上無障礙廁,臺南市,仁德區,中洲里,22.906313,120.266356,無障礙廁所
767,767,D270000209,仁德服務區北上親子廁,臺南市,仁德區,中洲里,22.906313,120.266356,親子廁所
768,768,D270000205,仁德服務區南下女廁,臺南市,仁德區,中洲里,22.905764,120.264956,女廁所
769,769,D270000001,仁德服務區南下男廁,臺南市,仁德區,中洲里,22.905716,120.265109,男廁所
770,770,D270000206,仁德服務區南下無障礙廁,臺南市,仁德區,中洲里,22.908794,120.249779,無障礙廁所
771,771,D270000210,仁德服務區南下親子廁,臺南市,仁德區,中洲里,22.905716,120.265109,親子廁所
772,772,D270000066,仁德區公所1F女廁,臺南市,仁德區,仁德里,22.972434,120.251681,女廁所
773,773,D270000065,仁德區公所1F男廁,臺南市,仁德區,仁德里,22.972434,120.251681,男廁所
774,774,D270000068,仁德區公所2F左側女廁,臺南市,仁德區,仁德里,22.972434,120.251681,女廁所
775,775,D270000067,仁德區公所2F左側男廁,臺南市,仁德區,仁德里,22.972434,120.251681,男廁所
776,776,D270000073,仁德區公所3F右側女廁,臺南市,仁德區,仁德里,22.972434,120.251681,女廁所
777,777,D270000072,仁德區公所3F右側男廁,臺南市,仁德區,仁德里,22.972434,120.251681,男廁所
778,778,D270000070,仁德區公所3F左側女廁,臺南市,仁德區,仁德里,22.972434,120.251681,女廁所
779,779,D270000069,仁德區公所3F左側男廁,臺南市,仁德區,仁德里,22.972434,120.251681,男廁所
780,780,D270000109,仁德區老人文康中心1F女廁,臺南市,仁德區,後壁里,22.947915,120.253108,女廁所
781,781,D270000108,仁德區老人文康中心1F男廁,臺南市,仁德區,後壁里,22.947915,120.253108,男廁所
782,782,D270000111,仁德區老人文康中心2F女廁,臺南市,仁德區,後壁里,22.947915,120.253108,女廁所
783,783,D270000110,仁德區老人文康中心2F男廁,臺南市,仁德區,後壁里,22.947915,120.253108,男廁所
784,784,D270000095,仁德區圖書館2F女廁,臺南市,仁德區,仁義里,22.97249,120.253348,女廁所
785,785,D270000094,仁德區圖書館2F男廁,臺南市,仁德區,仁義里,22.97249,120.253348,男廁所
786,786,D270000891,仁德區圖書館2F親子廁,臺南市,仁德區,仁義里,22.972232,120.253105,親子廁所
787,787,D270000064,仁德區衛生所1F女廁,臺南市,仁德區,仁德里,22.972713,120.251475,女廁所
788,788,D270000063,仁德區衛生所1F性別友善廁,臺南市,仁德區,仁德里,22.972713,120.251475,性別友善廁所
789,789,D270000082,仁德運動公園游泳池旁女廁,臺南市,仁德區,仁義里,22.967741,120.258338,女廁所
790,790,D270000079,仁德運動公園游泳池旁男廁,臺南市,仁德區,仁義里,22.967741,120.258338,男廁所
791,791,D270000084,仁德運動公園管理中心女廁,臺南市,仁德區,仁義里,22.967741,120.258338,女廁所
792,792,D270000080,仁德運動公園管理中心男廁,臺南市,仁德區,仁義里,22.967741,120.258338,男廁所
793,793,D270000083,仁德運動公園籃球場女廁,臺南市,仁德區,仁義里,22.967741,120.258338,女廁所
794,794,D270000081,仁德運動公園籃球場男廁,臺南市,仁德區,仁義里,22.967741,120.258338,男廁所
795,795,D270000085,仁德運動公園體育館前方右側男廁,臺南市,仁德區,仁義里,22.967741,120.258338,男廁所
796,796,D270000086,仁德運動公園體育館前方左側女廁,臺南市,仁德區,仁義里,22.967741,120.258338,女廁所
797,797,D270000088,仁德運動公園體育館後方右側女廁,臺南市,仁德區,仁義里,22.967741,120.258338,女廁所
798,798,D270000087,仁德運動公園體育館後方左側男廁,臺南市,仁德區,仁義里,22.967741,120.258338,男廁所
799,799,D270000857,仁德糖廠冰店女廁,臺南市,仁德區,成功里,22.938816,120.229247,女廁所
800,800,D270000856,仁德糖廠冰店男廁,臺南市,仁德區,成功里,22.938816,120.229247,男廁所
801,801,D310000107,元大加油站女廁,臺南市,永康區,崑山里,22.996073,120.257275,女廁所
802,802,D310000105,元大加油站男廁,臺南市,永康區,崑山里,22.996073,120.257275,男廁所
803,803,D030000087,內角派出所混合廁,臺南市,白河區,內角里,23.397513,120.439134,混合廁所
804,804,D200000052,公12女廁,臺南市,新市區,豐華里,23.095461,120.286603,女廁所
805,805,D200000051,公12男廁,臺南市,新市區,豐華里,23.095461,120.286603,男廁所
806,806,D190000065,公14女廁,臺南市,善化區,南關里,23.116625,120.281374,女廁所
807,807,D190000064,公14男廁,臺南市,善化區,南關里,23.116625,120.281374,男廁所
808,808,D190000063,公4女廁,臺南市,善化區,南關里,23.118101,120.280614,女廁所
809,809,D190000062,公4男廁,臺南市,善化區,南關里,23.118101,120.280614,男廁所
810,810,D200000057,公8西側女廁,臺南市,新市區,豐華里,23.103761,120.280874,女廁所
811,811,D200000056,公8西側男廁,臺南市,新市區,豐華里,23.103761,120.280874,男廁所
812,812,D200000058,公8西側無障礙廁,臺南市,新市區,豐華里,23.103761,120.280874,無障礙廁所
813,813,D200000054,公8東側女廁,臺南市,新市區,豐華里,23.104201,120.283304,女廁所
814,814,D200000053,公8東側男廁,臺南市,新市區,豐華里,23.104201,120.283304,男廁所
815,815,D200000055,公8東側無障礙廁,臺南市,新市區,豐華里,23.104201,120.283304,無障礙廁所
816,816,D350000467,公學加油站女廁,臺南市,安南區,佃東里,23.0802,120.194747,女廁所
817,817,D350000468,公學加油站男廁,臺南市,安南區,佃東里,23.0802,120.194747,男廁所
818,818,D190000110,六分社區活動中心女廁,臺南市,善化區,六分里,23.150802,120.296963,女廁所
819,819,D190000109,六分社區活動中心男廁,臺南市,善化區,六分里,23.150802,120.296963,男廁所
820,820,D090000003,六甲公有零售市場北側女廁,臺南市,六甲區,六甲里,23.230271,120.351552,女廁所
821,821,D090000005,六甲公有零售市場北側男廁,臺南市,六甲區,六甲里,23.230271,120.351552,男廁所
822,822,D090000004,六甲公有零售市場南側女廁,臺南市,六甲區,六甲里,23.230271,120.351552,女廁所
823,823,D090000002,六甲公有零售市場南側男廁,臺南市,六甲區,六甲里,23.230271,120.351552,男廁所
824,824,D090000042,六甲分隊混合廁,臺南市,六甲區,水林里,23.231919,120.347107,混合廁所
825,825,D090000041,六甲分駐所混合廁,臺南市,六甲區,水林里,23.231955,120.347006,混合廁所
826,826,D280000058,六甲里活動中心1F混合廁,臺南市,歸仁區,六甲里,22.954366,120.278166,混合廁所
827,827,D280000059,六甲里活動中心2F混合廁,臺南市,歸仁區,六甲里,22.954366,120.278166,混合廁所
828,828,D280000060,六甲里活動中心3F混合廁,臺南市,歸仁區,六甲里,22.954366,120.278166,混合廁所
829,829,D090000012,六甲保安宮混合廁,臺南市,六甲區,甲南里,23.226726,120.352764,混合廁所
830,830,D090000096,六甲區二甲里活動中心混合廁,臺南市,六甲區,二甲里,23.228101,120.346089,混合廁所
831,831,D090000057,六甲區大丘里活動中心混合廁,臺南市,六甲區,大丘里,23.219148,120.436844,混合廁所
832,832,D090000049,六甲區中社里活動中心混合廁,臺南市,六甲區,中社里,23.237382,120.325785,混合廁所
833,833,D090000036,六甲區公所1F女廁,臺南市,六甲區,水林里,23.231797,120.347468,女廁所
834,834,D090000035,六甲區公所1F男廁,臺南市,六甲區,水林里,23.231797,120.347468,男廁所
835,835,D090000044,六甲區公所1F無障礙廁,臺南市,六甲區,水林里,23.231797,120.347468,無障礙廁所
836,836,D090000038,六甲區公所2F女廁,臺南市,六甲區,水林里,23.231797,120.347468,女廁所
837,837,D090000037,六甲區公所2F男廁,臺南市,六甲區,水林里,23.231797,120.347468,男廁所
838,838,D090000040,六甲區公所3F女廁,臺南市,六甲區,水林里,23.231797,120.347468,女廁所
839,839,D090000039,六甲區公所3F男廁,臺南市,六甲區,水林里,23.231797,120.347468,男廁所
840,840,D090000006,六甲區六甲里活動中心混合廁,臺南市,六甲區,六甲里,23.22976,120.349392,混合廁所
841,841,D090000047,六甲區水林里活動中心混合廁,臺南市,六甲區,水林里,23.233828,120.34654,混合廁所
842,842,D090000056,六甲區王爺里活動中心混合廁,臺南市,六甲區,王爺里,23.225601,120.400015,混合廁所
843,843,D090000009,六甲區甲東里活動中心混合廁,臺南市,六甲區,甲東里,23.23174,120.355196,混合廁所
844,844,D090000011,六甲區甲南里活動中心混合廁,臺南市,六甲區,甲南里,23.226726,120.352764,混合廁所
845,845,D090000030,六甲區多功能運動公園女廁,臺南市,六甲區,二甲里,23.231162,120.343732,女廁所
846,846,D090000029,六甲區多功能運動公園男廁,臺南市,六甲區,二甲里,23.231162,120.343732,男廁所
847,847,D090000031,六甲區多功能運動公園無障礙廁,臺南市,六甲區,二甲里,23.231162,120.343732,無障礙廁所
848,848,D090000054,六甲區菁埔里活動中心混合廁,臺南市,六甲區,菁埔里,23.236211,120.302548,混合廁所
849,849,D090000045,六甲區圖書館4F女廁,臺南市,六甲區,水林里,23.231852,120.347466,女廁所
850,850,D090000046,六甲區圖書館4F男廁,臺南市,六甲區,水林里,23.231852,120.347466,男廁所
851,851,D090000015,六甲區衛生所1F女廁,臺南市,六甲區,二甲里,23.224661,120.346949,女廁所
852,852,D090000014,六甲區衛生所1F男廁,臺南市,六甲區,二甲里,23.224661,120.346949,男廁所
853,853,D090000016,六甲區衛生所2F女廁,臺南市,六甲區,二甲里,23.224661,120.346949,女廁所
854,854,D090000013,六甲區衛生所2F男廁,臺南市,六甲區,二甲里,23.224661,120.346949,男廁所
855,855,D090000053,六甲區龜港里活動中心混合廁,臺南市,六甲區,龜港里,23.251706,120.314445,混合廁所
856,856,D190000111,六德里活動中心女廁,臺南市,善化區,六德里,23.155508,120.303912,女廁所
857,857,D190000112,六德里活動中心男廁,臺南市,善化區,六德里,23.155508,120.303912,男廁所
858,858,D370000576,友愛市場女廁,臺南市,中西區,南美里,22.991403,120.199415,女廁所
859,859,D370000577,友愛市場男廁,臺南市,中西區,南美里,22.991403,120.199415,男廁所
860,860,D370000578,友愛市場無障礙廁,臺南市,中西區,南美里,22.991403,120.199415,無障礙廁所
861,861,D360000251,天妃里活動中心混合廁,臺南市,安平區,天妃里,23.000709,120.167194,混合廁所
862,862,D010000199,天鵝湖公園女廁,臺南市,新營區,埤寮里,23.332,120.318511,女廁所
863,863,D010000198,天鵝湖公園男廁,臺南市,新營區,埤寮里,23.332,120.318511,男廁所
864,864,D010000200,天鵝湖公園無障礙廁,臺南市,新營區,埤寮里,23.332,120.318511,無障礙廁所
865,865,D270000027,太子土庫聯合活動中心4F女廁,臺南市,仁德區,太子里,22.991025,120.260305,女廁所
866,866,D270000028,太子土庫聯合活動中心4F男廁,臺南市,仁德區,太子里,22.991025,120.260305,男廁所
867,867,D290000032,太子加油站女廁,臺南市,關廟區,五甲里,22.947004,120.332336,女廁所
868,868,D290000031,太子加油站男廁,臺南市,關廟區,五甲里,22.947004,120.332336,男廁所
869,869,D010000236,太宮派出所混合廁,臺南市,新營區,太南里,23.293581,120.277433,混合廁所
870,870,D040000057,太康里活動中心混合廁,臺南市,柳營區,太康里,23.287885,120.332271,混合廁所
871,871,D370000319,孔子廟女廁,臺南市,中西區,永華里,22.990159,120.204579,女廁所
872,872,D370000320,孔子廟男廁,臺南市,中西區,永華里,22.990159,120.204579,男廁所
873,873,D370000321,孔子廟無障礙廁,臺南市,中西區,永華里,22.990159,120.204579,無障礙廁所
874,874,D360000310,文平里活動中心混合廁,臺南市,安平區,文平里,22.986394,120.185564,混合廁所
875,875,D360000181,文平里活動中心無障礙廁,臺南市,安平區,文平里,22.986394,120.185564,無障礙廁所
876,876,D190000073,文正社區活動中心女廁,臺南市,善化區,文正里,23.136741,120.28637,女廁所
877,877,D190000074,文正社區活動中心男廁,臺南市,善化區,文正里,23.136741,120.28637,男廁所
878,878,D190000075,文正社區活動中心混合廁,臺南市,善化區,文正里,23.136741,120.28637,混合廁所
879,879,D190000076,文正社區活動中心無障礙廁,臺南市,善化區,文正里,23.136741,120.28637,無障礙廁所
880,880,D190000052,文昌社區活動中心混合廁,臺南市,善化區,文昌里,23.127584,120.290586,混合廁所
881,881,D330000243,文南里活動中心3F女廁,臺南市,南區,文南里,22.985115,120.189315,女廁所
882,882,D330000242,文南里活動中心3F男廁,臺南市,南區,文南里,22.985115,120.189315,男廁所
883,883,D330000246,文南里活動中心4F女廁,臺南市,南區,文南里,22.985115,120.189315,女廁所
884,884,D330000245,文南里活動中心4F男廁,臺南市,南區,文南里,22.985115,120.189315,男廁所
885,885,D330000198,文華市場女廁,臺南市,南區,文華里,22.985165,120.189747,女廁所
886,886,D330000197,文華市場男廁,臺南市,南區,文華里,22.985165,120.189747,男廁所
887,887,D270000023,文賢派出所混合廁,臺南市,仁德區,成功里,22.943326,120.220765,混合廁所
888,888,D370000506,水仙宮市場女廁,臺南市,中西區,五條港里,22.996914,120.197568,女廁所
889,889,D370000507,水仙宮市場男廁,臺南市,中西區,五條港里,22.996914,120.197568,男廁所
890,890,D330000012,水交社公園女廁,臺南市,南區,明德里,22.977171,120.20238,女廁所
891,891,D330000011,水交社公園男廁,臺南市,南區,明德里,22.977171,120.20238,男廁所
892,892,D330000013,水交社公園無障礙廁,臺南市,南區,明德里,22.977171,120.20238,無障礙廁所
893,893,D330000352,水交社文化園區水交社歷史館旁女廁,臺南市,南區,明德里,22.977864,120.20128,女廁所
894,894,D330000353,水交社文化園區水交社歷史館旁男廁,臺南市,南區,明德里,22.977864,120.20128,男廁所
895,895,D330000354,水交社文化園區水交社歷史館旁無障礙廁,臺南市,南區,明德里,22.977864,120.20128,無障礙廁所
896,896,D330000344,水交社文化園區遊客中心旁女廁,臺南市,南區,明德里,22.97793,120.201693,女廁所
897,897,D330000345,水交社文化園區遊客中心旁男廁,臺南市,南區,明德里,22.97793,120.201693,男廁所
898,898,D330000346,水交社文化園區遊客中心旁無障礙廁,臺南市,南區,明德里,22.97793,120.201693,無障礙廁所
899,899,D330000416,水萍塭公園地下停車場B1女廁,臺南市,南區,廣州里,22.985688,120.194667,女廁所
900,900,D330000417,水萍塭公園地下停車場B1男廁,臺南市,南區,廣州里,22.985688,120.194667,男廁所
901,901,D330000418,水萍塭公園地下停車場B1無障礙廁,臺南市,南區,廣州里,22.985688,120.194667,無障礙廁所
902,902,D330000419,水萍塭公園地下停車場B2女廁,臺南市,南區,廣州里,22.985688,120.194667,女廁所
903,903,D330000420,水萍塭公園地下停車場B2男廁,臺南市,南區,廣州里,22.985688,120.194667,男廁所
904,904,D330000421,水萍塭公園地下停車場B2無障礙廁,臺南市,南區,廣州里,22.985688,120.194667,無障礙廁所
905,905,D330000280,水萍塭公園臨永華路女廁,臺南市,南區,廣州里,22.987386,120.194203,女廁所
906,906,D330000279,水萍塭公園臨永華路性別友善廁,臺南市,南區,廣州里,22.987386,120.194203,性別友善廁所
907,907,D330000355,水萍塭公園臨永華路無障礙廁,臺南市,南區,廣州里,22.987386,120.194203,無障礙廁所
908,908,D330000284,水萍塭公園臨金華路女廁,臺南市,南區,廣州里,22.986923,120.192205,女廁所
909,909,D330000283,水萍塭公園臨金華路男廁,臺南市,南區,廣州里,22.986923,120.192205,男廁所
910,910,D330000357,水萍塭公園臨金華路無障礙廁,臺南市,南區,廣州里,22.986923,120.192205,無障礙廁所
911,911,D330000282,水萍塭公園臨客家文化館女廁,臺南市,南區,廣州里,22.985509,120.19409,女廁所
912,912,D330000281,水萍塭公園臨客家文化館男廁,臺南市,南區,廣州里,22.985509,120.19409,男廁所
913,913,D330000356,水萍塭公園臨客家文化館親子廁,臺南市,南區,廣州里,22.985509,120.19409,親子廁所
914,914,D190000197,牛庄元興堂混合廁,臺南市,善化區,牛庄里,23.139696,120.315271,混合廁所
915,915,D300000040,牛埔泥岩生態教學園區女廁,臺南市,龍崎區,牛埔里,22.927396,120.409525,女廁所
916,916,D300000039,牛埔泥岩生態教學園區男廁,臺南市,龍崎區,牛埔里,22.927396,120.409525,男廁所
917,917,D030000053,仙草派出所混合廁,臺南市,白河區,仙草里,23.345386,120.4733,混合廁所
918,918,D060000070,仙湖休閒農場山言大廳女廁,臺南市,東山區,南勢里,23.26563449,120.4818893,女廁所
919,919,D060000071,仙湖休閒農場山言大廳男廁,臺南市,東山區,南勢里,23.26563449,120.4818893,男廁所
920,920,D350000474,加州加油站女廁,臺南市,安南區,東和里,23.053984,120.236682,女廁所
921,921,D350000475,加州加油站男廁,臺南市,安南區,東和里,23.053984,120.236682,男廁所
922,922,D310000078,加泓加油站女廁,臺南市,永康區,塩行里,23.035472,120.243279,女廁所
923,923,D310000074,加泓加油站男廁,臺南市,永康區,塩行里,23.035472,120.243279,男廁所
924,924,D250000040,北平里活動中心1F無障礙廁,臺南市,南化區,北平里,23.062458,120.465484,無障礙廁所
925,925,D350000482,北安加油站女廁,臺南市,安南區,梅花里,23.035708,120.203061,女廁所
926,926,D350000483,北安加油站男廁,臺南市,安南區,梅花里,23.035708,120.203061,男廁所
927,927,D200000037,北迎曦湖女廁,臺南市,新市區,社內里,23.088676,120.286109,女廁所
928,928,D200000036,北迎曦湖男廁,臺南市,新市區,社內里,23.088676,120.286109,男廁所
929,929,D200000038,北迎曦湖無障礙廁,臺南市,新市區,社內里,23.088676,120.286109,無障礙廁所
930,930,D170000015,北門井仔腳瓦盤鹽田女廁,臺南市,北門區,北門里,23.258631,120.108056,女廁所
931,931,D170000016,北門井仔腳瓦盤鹽田男廁,臺南市,北門區,北門里,23.258631,120.108056,男廁所
932,932,D170000017,北門井仔腳瓦盤鹽田親子廁,臺南市,北門區,北門里,23.258631,120.108056,親子廁所
933,933,D170000049,北門分隊混合廁,臺南市,北門區,永隆里,23.270282,120.125497,混合廁所
934,934,D170000023,北門分駐所混合廁,臺南市,北門區,北門里,23.265805,120.12454,混合廁所
935,935,D170000021,北門區公所1F女廁,臺南市,北門區,北門里,23.267732,120.125413,女廁所
936,936,D170000020,北門區公所1F男廁,臺南市,北門區,北門里,23.267732,120.125413,男廁所
937,937,D170000019,北門區公所2F男廁,臺南市,北門區,北門里,23.267732,120.125413,男廁所
938,938,D170000018,北門區北門公有零售市場混合廁,臺南市,北門區,北門里,23.268499,120.123319,混合廁所
939,939,D170000058,北門區農民教育活動中心混合廁,臺南市,北門區,永隆里,23.26928,120.123201,混合廁所
940,940,D170000052,北門區圖書館1F女廁,臺南市,北門區,永隆里,23.270449,120.12491,女廁所
941,941,D170000053,北門區圖書館1F親子廁,臺南市,北門區,永隆里,23.270449,120.12491,親子廁所
942,942,D170000055,北門區圖書館2F男廁,臺南市,北門區,永隆里,23.270449,120.12491,男廁所
943,943,D170000050,北門區衛生所1F女廁,臺南市,北門區,永隆里,23.270339,120.125195,女廁所
944,944,D170000047,北門區衛生所1F無障礙廁,臺南市,北門區,永隆里,23.270339,120.125195,無障礙廁所
945,945,D170000051,北門區衛生所2F女廁,臺南市,北門區,永隆里,23.270339,120.125195,女廁所
946,946,D170000048,北門區衛生所2F男廁,臺南市,北門區,永隆里,23.270339,120.125195,男廁所
947,947,D170000087,北門遊客中心1F女廁,臺南市,北門區,北門里,23.266967,120.124183,女廁所
948,948,D170000086,北門遊客中心1F男廁,臺南市,北門區,北門里,23.266967,120.124183,男廁所
949,949,D170000088,北門遊客中心1F無障礙廁,臺南市,北門區,北門里,23.266967,120.124183,無障礙廁所
950,950,D170000084,北門遊客中心停車場女廁,臺南市,北門區,北門里,23.266084,120.123397,女廁所
951,951,D170000083,北門遊客中心停車場男廁,臺南市,北門區,北門里,23.266084,120.123397,男廁所
952,952,D170000085,北門遊客中心停車場無障礙廁,臺南市,北門區,北門里,23.266084,120.123397,無障礙廁所
953,953,D330000090,北海加油站女廁,臺南市,南區,喜北里,22.950562,120.178657,女廁所
954,954,D330000091,北海加油站男廁,臺南市,南區,喜北里,22.950562,120.178657,男廁所
955,955,D340000261,北區區公所1F女廁,臺南市,北區,北華里,22.99982,120.202941,女廁所
956,956,D340000262,北區區公所1F男廁,臺南市,北區,北華里,22.99982,120.202941,男廁所
957,957,D340000266,北區區公所1F無障礙廁,臺南市,北區,北華里,22.99982,120.202941,無障礙廁所
958,958,D340000267,北區區公所2F女廁,臺南市,北區,北華里,22.99982,120.202941,女廁所
959,959,D340000268,北區區公所2F男廁,臺南市,北區,北華里,22.99982,120.202941,男廁所
960,960,D340000269,北區區公所3F女廁,臺南市,北區,北華里,22.99982,120.202941,女廁所
961,961,D340000270,北區區公所3F男廁,臺南市,北區,北華里,22.99982,120.202941,男廁所
962,962,D340000271,北區區公所4F女廁,臺南市,北區,北華里,22.99982,120.202941,女廁所
963,963,D340000272,北區區公所4F男廁,臺南市,北區,北華里,22.99982,120.202941,男廁所
964,964,D340000179,北區衛生所混合廁,臺南市,北區,公園里,23.00011,120.210889,混合廁所
965,965,D270000029,北基太子加油站混合廁,臺南市,仁德區,土庫里,22.991262,120.265542,混合廁所
966,966,D310000736,北基永康加油站女廁,臺南市,永康區,鹽洲里,23.035894,120.230783,女廁所
967,967,D310000737,北基永康加油站男廁,臺南市,永康區,鹽洲里,23.035894,120.230783,男廁所
968,968,D310000738,北基永康加油站無障礙廁,臺南市,永康區,鹽洲里,23.035894,120.230783,無障礙廁所
969,969,D310000104,北基崑山加油站混合廁,臺南市,永康區,建國里,22.999002,120.249659,混合廁所
970,970,D310000106,北基崑山加油站無障礙廁,臺南市,永康區,建國里,22.999002,120.249659,無障礙廁所
971,971,D070000139,北基麻豆加油站女廁,臺南市,麻豆區,麻口里,23.176227,120.215744,女廁所
972,972,D070000136,北基麻豆加油站男廁,臺南市,麻豆區,麻口里,23.176227,120.215744,男廁所
973,973,D190000126,北基善化加油站混合廁,臺南市,善化區,嘉北里,23.142469,120.324806,混合廁所
974,974,D200000282,北基新市加油站女廁,臺南市,新市區,永就里,23.067283,120.290744,女廁所
975,975,D200000283,北基新市加油站男廁,臺南市,新市區,永就里,23.067283,120.290744,男廁所
976,976,D200000284,北基新市加油站無障礙廁,臺南市,新市區,永就里,23.067283,120.290744,無障礙廁所
977,977,D010000563,北基新營加油站混合廁,臺南市,新營區,民榮里,23.304095,120.302308,混合廁所
978,978,D280000008,北基歸仁加油站女廁,臺南市,歸仁區,武東里,22.920602,120.274461,女廁所
979,979,D280000135,北基歸仁加油站男廁,臺南市,歸仁區,武東里,22.920602,120.274461,男廁所
980,980,D250000053,北寮里活動中心1F女廁,臺南市,南化區,北寮里,23.077716,120.491451,女廁所
981,981,D250000054,北寮里活動中心1F男廁,臺南市,南化區,北寮里,23.077716,120.491451,男廁所
982,982,D250000055,北寮里活動中心1F無障礙廁,臺南市,南化區,北寮里,23.077716,120.491451,無障礙廁所
983,983,D250000056,北寮里活動中心2F混合廁,臺南市,南化區,北寮里,23.077716,120.491451,混合廁所
984,984,D250000096,北寮思親堂女廁,臺南市,南化區,北寮里,23.085827,120.497315,女廁所
985,985,D250000095,北寮思親堂男廁,臺南市,南化區,北寮里,23.085827,120.497315,男廁所
986,986,D150000073,北槺寮玉安宮女廁,臺南市,七股區,義合里,23.097049,120.144737,女廁所
987,987,D150000074,北槺寮玉安宮男廁,臺南市,七股區,義合里,23.097049,120.144737,男廁所
988,988,D090000105,台大六甲加油站女廁,臺南市,六甲區,七甲里,23.218533,120.349331,女廁所
989,989,D090000106,台大六甲加油站男廁,臺南市,六甲區,七甲里,23.218533,120.349331,男廁所
990,990,D090000107,台大六甲加油站無障礙廁,臺南市,六甲區,七甲里,23.218533,120.349331,無障礙廁所
991,991,D010000437,台大加油站女廁,臺南市,新營區,新北里,23.308265,120.293769,女廁所
992,992,D010000436,台大加油站男廁,臺南市,新營區,新北里,23.308265,120.293769,男廁所
993,993,D010000438,台大加油站無障礙廁,臺南市,新營區,新北里,23.308265,120.293769,無障礙廁所
994,994,D020000205,台大鹽水加油站女廁,臺南市,鹽水區,義中里,23.32043,120.255711,女廁所
995,995,D020000206,台大鹽水加油站男廁,臺南市,鹽水區,義中里,23.32043,120.255711,男廁所
996,996,D350000147,台江國家公園管理處行政中心1F女廁,臺南市,安南區,四草里,23.002202,120.139049,女廁所
997,997,D350000146,台江國家公園管理處行政中心1F男廁,臺南市,安南區,四草里,23.002202,120.139049,男廁所
998,998,D350000148,台江國家公園管理處行政中心1F無障礙廁,臺南市,安南區,四草里,23.002202,120.139049,無障礙廁所
999,999,D350000150,台江國家公園管理處遊客中心女廁,臺南市,安南區,四草里,23.002202,120.139049,女廁所
1000,1000,D350000459,台江國家公園管理處遊客中心內女廁,臺南市,安南區,四草里,23.00232446,120.138913,女廁所
1001,1001,D350000458,台江國家公園管理處遊客中心內男廁,臺南市,安南區,四草里,23.00232446,120.138913,男廁所
1002,1002,D350000149,台江國家公園管理處遊客中心男廁,臺南市,安南區,四草里,23.002202,120.139049,男廁所
1003,1003,D350000151,台江國家公園管理處遊客中心無障礙廁,臺南市,安南區,四草里,23.002202,120.139049,無障礙廁所
1004,1004,D350000153,台江國家公園管理處遊客停車場生態女廁,臺南市,安南區,四草里,23.0028143,120.1366618,女廁所
1005,1005,D350000152,台江國家公園管理處遊客停車場生態男廁,臺南市,安南區,四草里,23.0028143,120.1366618,男廁所
1006,1006,D350000154,台江國家公園管理處遊客停車場生態無障礙廁,臺南市,安南區,四草里,23.0028143,120.1366618,無障礙廁所
1007,1007,D320000865,台亞大同路加油站女廁,臺南市,東區,大同里,22.982948,120.211445,女廁所
1008,1008,D320000864,台亞大同路加油站男廁,臺南市,東區,大同里,22.982948,120.211445,男廁所
1009,1009,D320000866,台亞大同路加油站無障礙廁,臺南市,東區,大同里,22.982948,120.211445,無障礙廁所
1010,1010,D340000426,台亞中華北路加油站女廁,臺南市,北區,賢北里,23.007504,120.185856,女廁所
1011,1011,D340000427,台亞中華北路加油站男廁,臺南市,北區,賢北里,23.007504,120.185856,男廁所
1012,1012,D340000428,台亞中華北路加油站無障礙廁,臺南市,北區,賢北里,23.007504,120.185856,無障礙廁所
1013,1013,D310000740,台亞永大加油站女廁,臺南市,永康區,崑山里,23.000377,120.259074,女廁所
1014,1014,D310000739,台亞永大加油站男廁,臺南市,永康區,崑山里,23.000377,120.259074,男廁所
1015,1015,D310000741,台亞永大加油站無障礙廁,臺南市,永康區,崑山里,23.000377,120.259074,無障礙廁所
1016,1016,D330000389,台亞安平加油站女廁,臺南市,南區,彰南里,22.979272,120.17879,女廁所
1017,1017,D330000388,台亞安平加油站男廁,臺南市,南區,彰南里,22.979272,120.17879,男廁所
1018,1018,D330000390,台亞安平加油站無障礙廁,臺南市,南區,彰南里,22.979272,120.17879,無障礙廁所
1019,1019,D350000486,台亞安吉路加油站女廁,臺南市,安南區,公親里,23.077797,120.194181,女廁所
1020,1020,D350000485,台亞安吉路加油站男廁,臺南市,安南區,公親里,23.077797,120.194181,男廁所
1021,1021,D350000487,台亞安吉路加油站無障礙廁,臺南市,安南區,公親里,23.077797,120.194181,無障礙廁所
1022,1022,D210000028,台亞安定交流道加油站女廁,臺南市,安定區,安定里,23.115184,120.239171,女廁所
1023,1023,D210000025,台亞安定交流道加油站男廁,臺南市,安定區,安加里,23.115184,120.239171,男廁所
1024,1024,D350000320,台亞安南加油站女廁,臺南市,安南區,原佃里,23.045229,120.19375,女廁所
1025,1025,D350000319,台亞安南加油站男廁,臺南市,安南區,原佃里,23.045229,120.19375,男廁所
1026,1026,D070000140,台亞麻豆口加油站女廁,臺南市,麻豆區,麻口里,23.178292,120.225042,女廁所
1027,1027,D070000138,台亞麻豆口加油站男廁,臺南市,麻豆區,麻口里,23.178292,120.225042,男廁所
1028,1028,D070000095,台亞麻豆交流道南加油站女廁,臺南市,麻豆區,埤頭里,23.178744,120.228873,女廁所
1029,1029,D070000094,台亞麻豆交流道南加油站男廁,臺南市,麻豆區,埤頭里,23.178744,120.228873,男廁所
1030,1030,D070000096,台亞麻豆交流道南加油站無障礙廁,臺南市,麻豆區,埤頭里,23.178744,120.228873,無障礙廁所
1031,1031,D190000218,台亞善化中正路加油站女廁,臺南市,善化區,坐駕里,23.120107,120.294669,女廁所
1032,1032,D190000217,台亞善化中正路加油站男廁,臺南市,善化區,坐駕里,23.120107,120.294669,男廁所
1033,1033,D190000219,台亞善化中正路加油站無障礙廁,臺南市,善化區,坐駕里,23.120107,120.294669,無障礙廁所
1034,1034,D030000111,台亞關子嶺加油站混合廁,臺南市,白河區,虎山里,23.348317,120.447418,混合廁所
1035,1035,D370000197,台南大天后宮女廁,臺南市,中西區,赤嵌里,22.996558,120.201538,女廁所
1036,1036,D370000198,台南大天后宮男廁,臺南市,中西區,赤嵌里,22.996558,120.201538,男廁所
1037,1037,D370000199,台南大天后宮迎和樓女廁,臺南市,中西區,赤嵌里,22.996558,120.201538,女廁所
1038,1038,D370000200,台南大天后宮迎和樓男廁,臺南市,中西區,赤嵌里,22.996558,120.201538,男廁所
1039,1039,D320000757,台南大東夜市女廁,臺南市,東區,德光里,22.982678,120.219465,女廁所
1040,1040,D320000756,台南大東夜市男廁,臺南市,東區,德光里,22.982678,120.219465,男廁所
1041,1041,D370000165,台南大飯店女廁,臺南市,中西區,赤嵌里,22.997193,120.210849,女廁所
1042,1042,D370000166,台南大飯店男廁,臺南市,中西區,赤嵌里,22.997193,120.210849,男廁所
1043,1043,D340000364,台南小北成功夜市女廁,臺南市,北區,成德里,23.010554,120.207917,女廁所
1044,1044,D340000363,台南小北成功夜市男廁,臺南市,北區,成德里,23.010554,120.207917,男廁所
1045,1045,D270000184,台南仁德秀泰影城女廁,臺南市,仁德區,仁愛里,22.947288,120.219943,女廁所
1046,1046,D270000185,台南仁德秀泰影城男廁,臺南市,仁德區,仁愛里,22.947288,120.219943,男廁所
1047,1047,D270000186,台南仁德秀泰影城無障礙廁,臺南市,仁德區,仁愛里,22.947288,120.219943,無障礙廁所
1048,1048,D370000910,台南武聖夜市西側女廁,臺南市,中西區,光賢里,23.004156,120.190603,女廁所
1049,1049,D370000909,台南武聖夜市西側男廁,臺南市,中西區,光賢里,23.004156,120.190603,男廁所
1050,1050,D370000908,台南武聖夜市東側女廁,臺南市,中西區,光賢里,23.004156,120.190603,女廁所
1051,1051,D370000907,台南武聖夜市東側男廁,臺南市,中西區,光賢里,23.004156,120.190603,男廁所
1052,1052,D320000088,台南南紡威秀影城A2館B1影城女廁,臺南市,東區,東光里,22.990772,120.233334,女廁所
1053,1053,D320000089,台南南紡威秀影城A2館B1影城男廁,臺南市,東區,東光里,22.990772,120.233334,男廁所
1054,1054,D320000090,台南南紡威秀影城A2館B1影城無障礙廁,臺南市,東區,東光里,22.990772,120.233334,無障礙廁所
1055,1055,D350000329,台南產業園區西側公園女廁,臺南市,安南區,塩田里,23.035598,120.146525,女廁所
1056,1056,D350000328,台南產業園區西側公園男廁,臺南市,安南區,塩田里,23.035598,120.146525,男廁所
1057,1057,D350000327,台南產業園區東側公園女廁,臺南市,安南區,塩田里,23.034272,120.142372,女廁所
1058,1058,D350000326,台南產業園區東側公園男廁,臺南市,安南區,塩田里,23.034272,120.142372,男廁所
1059,1059,D350000428,台南鹿耳門聖母廟西側辦公室旁女廁,臺南市,安南區,城東里,23.068131,120.126958,女廁所
1060,1060,D350000427,台南鹿耳門聖母廟西側辦公室旁男廁,臺南市,安南區,城東里,23.068131,120.126958,男廁所
1061,1061,D350000425,台南鹿耳門聖母廟東側辦公室旁女廁,臺南市,安南區,城東里,23.068183,120.127539,女廁所
1062,1062,D350000424,台南鹿耳門聖母廟東側辦公室旁男廁,臺南市,安南區,城東里,23.068183,120.127539,男廁所
1063,1063,D350000423,台南鹿耳門聖母廟停車場女廁,臺南市,安南區,城東里,23.067013,120.128158,女廁所
1064,1064,D350000422,台南鹿耳門聖母廟停車場男廁,臺南市,安南區,城東里,23.067013,120.128158,男廁所
1065,1065,D370000682,台南新光影城7F北區女廁,臺南市,中西區,小西門里,22.986965,120.198833,女廁所
1066,1066,D370000683,台南新光影城7F北區男廁,臺南市,中西區,小西門里,22.986965,120.198833,男廁所
1067,1067,D370000684,台南新光影城7F北區無障礙廁,臺南市,中西區,小西門里,22.986965,120.198833,無障礙廁所
1068,1068,D370000685,台南新光影城8F北區女廁,臺南市,中西區,小西門里,22.986965,120.198833,女廁所
1069,1069,D370000686,台南新光影城8F北區男廁,臺南市,中西區,小西門里,22.986965,120.198833,男廁所
1070,1070,D370000687,台南新光影城8F北區無障礙廁,臺南市,中西區,小西門里,22.986965,120.198833,無障礙廁所
1071,1071,D370000171,台南遠百威秀影城5F女廁,臺南市,中西區,赤嵌里,22.995446,120.205872,女廁所
1072,1072,D370000172,台南遠百威秀影城5F男廁,臺南市,中西區,赤嵌里,22.995446,120.205872,男廁所
1073,1073,D370000173,台南遠百威秀影城5F無障礙廁,臺南市,中西區,赤嵌里,22.995446,120.205872,無障礙廁所
1074,1074,D370000174,台南遠百威秀影城7F女廁,臺南市,中西區,赤嵌里,22.995446,120.205872,女廁所
1075,1075,D370000175,台南遠百威秀影城7F男廁,臺南市,中西區,赤嵌里,22.995446,120.205872,男廁所
1076,1076,D370000176,台南遠百威秀影城7F無障礙廁,臺南市,中西區,赤嵌里,22.995446,120.205872,無障礙廁所
1077,1077,D370000177,台南遠百威秀影城9F女廁,臺南市,中西區,赤嵌里,22.995446,120.205872,女廁所
1078,1078,D370000178,台南遠百威秀影城9F男廁,臺南市,中西區,赤嵌里,22.995446,120.205872,男廁所
1079,1079,D370000179,台南遠百威秀影城9F無障礙廁,臺南市,中西區,赤嵌里,22.995446,120.205872,無障礙廁所
1080,1080,D150000078,台糖三股加油站女廁,臺南市,七股區,三股里,23.102788,120.131506,女廁所
1081,1081,D150000077,台糖三股加油站男廁,臺南市,七股區,三股里,23.102788,120.131506,男廁所
1082,1082,D200000078,台糖大營加油站女廁,臺南市,新市區,大營里,23.106441,120.318407,女廁所
1083,1083,D200000077,台糖大營加油站男廁,臺南市,新市區,大營里,23.106441,120.318407,男廁所
1084,1084,D200000079,台糖大營加油站無障礙廁,臺南市,新市區,大營里,23.106441,120.318407,無障礙廁所
1085,1085,D270000166,台糖仁德加油站女廁,臺南市,仁德區,仁愛里,22.950742,120.218755,女廁所
1086,1086,D270000163,台糖仁德加油站男廁,臺南市,仁德區,仁愛里,22.950742,120.218755,男廁所
1087,1087,D280000039,台糖六甲加油站女廁,臺南市,歸仁區,六甲里,22.946673,120.277363,女廁所
1088,1088,D280000002,台糖六甲加油站男廁,臺南市,歸仁區,六甲里,22.946673,120.277363,男廁所
1089,1089,D280000040,台糖六甲加油站無障礙廁,臺南市,歸仁區,六甲里,22.946673,120.277363,無障礙廁所
1090,1090,D040000056,台糖太康加油站女廁,臺南市,柳營區,太康里,23.291573,120.325746,女廁所
1091,1091,D040000055,台糖太康加油站男廁,臺南市,柳營區,太康里,23.291573,120.325746,男廁所
1092,1092,D070000059,台糖文正加油站女廁,臺南市,麻豆區,南勢里,23.189135,120.268799,女廁所
1093,1093,D070000057,台糖文正加油站男廁,臺南市,麻豆區,南勢里,23.189135,120.268799,男廁所
1094,1094,D310000729,台糖永安加油站女廁,臺南市,永康區,三民里,23.04946662,120.2412683,女廁所
1095,1095,D310000728,台糖永安加油站男廁,臺南市,永康區,三民里,23.04949624,120.2412844,男廁所
1096,1096,D310000730,台糖永安加油站無障礙廁,臺南市,永康區,三民里,23.04946662,120.2413005,無障礙廁所
1097,1097,D120000030,台糖佳里糖廠冰品店女廁,臺南市,佳里區,六安里,23.172267,120.178962,女廁所
1098,1098,D120000029,台糖佳里糖廠冰品店男廁,臺南市,佳里區,六安里,23.172267,120.178962,男廁所
1099,1099,D270000047,台糖虎山加油站女廁,臺南市,仁德區,仁愛里,22.946993,120.219091,女廁所
1100,1100,D270000041,台糖虎山加油站男廁,臺南市,仁德區,仁愛里,22.946993,120.219091,男廁所
1101,1101,D270000048,台糖虎山加油站無障礙廁,臺南市,仁德區,仁愛里,22.946993,120.219091,無障礙廁所
1102,1102,D320000428,台糖長榮酒店1F女廁,臺南市,東區,忠孝里,22.974489,120.220628,女廁所
1103,1103,D320000429,台糖長榮酒店1F男廁,臺南市,東區,忠孝里,22.974489,120.220628,男廁所
1104,1104,D320000430,台糖長榮酒店1F無障礙廁,臺南市,東區,忠孝里,22.974489,120.220628,無障礙廁所
1105,1105,D320000431,台糖長榮酒店2F女廁,臺南市,東區,忠孝里,22.974489,120.220628,女廁所
1106,1106,D320000432,台糖長榮酒店2F男廁,臺南市,東區,忠孝里,22.974489,120.220628,男廁所
1107,1107,D320000433,台糖長榮酒店2F無障礙廁,臺南市,東區,忠孝里,22.974489,120.220628,無障礙廁所
1108,1108,D150000072,台糖國聖加油站女廁,臺南市,七股區,義合里,23.102175,120.131807,女廁所
1109,1109,D150000071,台糖國聖加油站男廁,臺南市,七股區,義合里,23.102175,120.131807,男廁所
1110,1110,D320000839,台糖崇德加油站女廁,臺南市,東區,東智里,22.964724,120.227391,女廁所
1111,1111,D320000838,台糖崇德加油站男廁,臺南市,東區,東智里,22.964724,120.227391,男廁所
1112,1112,D320000840,台糖崇德加油站無障礙廁,臺南市,東區,東智里,22.964724,120.227391,無障礙廁所
1113,1113,D190000108,台糖曾文加油站女廁,臺南市,善化區,六分里,23.164569,120.270772,女廁所
1114,1114,D190000107,台糖曾文加油站男廁,臺南市,善化區,六分里,23.164569,120.270772,男廁所
1115,1115,D010000177,台糖新進加油站女廁,臺南市,新營區,興業里,23.301657,120.317073,女廁所
1116,1116,D010000178,台糖新進加油站男廁,臺南市,新營區,興業里,23.301657,120.317073,男廁所
1117,1117,D200000086,台糖潭頂加油站女廁,臺南市,新市區,潭頂里,23.076294,120.31783,女廁所
1118,1118,D200000085,台糖潭頂加油站男廁,臺南市,新市區,潭頂里,23.076294,120.31783,男廁所
1119,1119,D050000133,台糖樹安加油站女廁,臺南市,後壁區,長安里,23.333069,120.36267,女廁所
1120,1120,D050000132,台糖樹安加油站男廁,臺南市,後壁區,長安里,23.333069,120.36267,男廁所
1121,1121,D220000051,台糖豐德加油站女廁,臺南市,山上區,豐德里,23.078866,120.367642,女廁所
1122,1122,D220000050,台糖豐德加油站男廁,臺南市,山上區,豐德里,23.078866,120.367642,男廁所
1123,1123,D350000441,四草里活動中心1F女廁,臺南市,安南區,四草里,23.016776,120.128164,女廁所
1124,1124,D350000440,四草里活動中心1F男廁,臺南市,安南區,四草里,23.016776,120.128164,男廁所
1125,1125,D260000030,左鎮分駐所混合廁,臺南市,左鎮區,左鎮里,23.05539,120.404938,混合廁所
1126,1126,D260000011,左鎮化石園區生命演化館3館後方女廁,臺南市,左鎮區,榮和里,23.064447,120.389,女廁所
1127,1127,D260000010,左鎮化石園區生命演化館3館後方男廁,臺南市,左鎮區,榮和里,23.064447,120.389,男廁所
1128,1128,D260000065,左鎮化石園區生命演化館3館後方無障礙廁,臺南市,左鎮區,榮和里,23.064033,120.389664,無障礙廁所
1129,1129,D260000004,左鎮化石園區自然史教育館1F女廁,臺南市,左鎮區,榮和里,23.064234,120.389127,女廁所
1130,1130,D260000003,左鎮化石園區自然史教育館1F男廁,臺南市,左鎮區,榮和里,23.064234,120.389127,男廁所
1131,1131,D260000005,左鎮化石園區自然史教育館1F無障礙廁,臺南市,左鎮區,榮和里,23.064234,120.389127,無障礙廁所
1132,1132,D260000007,左鎮化石園區自然史教育館2F女廁,臺南市,左鎮區,榮和里,23.064234,120.389127,女廁所
1133,1133,D260000006,左鎮化石園區自然史教育館2F男廁,臺南市,左鎮區,榮和里,23.064234,120.389127,男廁所
1134,1134,D260000009,左鎮化石園區自然史教育館B1女廁,臺南市,左鎮區,榮和里,23.064234,120.389127,女廁所
1135,1135,D260000008,左鎮化石園區自然史教育館B1男廁,臺南市,左鎮區,榮和里,23.064234,120.389127,男廁所
1136,1136,D260000012,左鎮化石園區探索館化石補給站混合廁,臺南市,左鎮區,榮和里,23.064416,120.389199,混合廁所
1137,1137,D260000013,左鎮化石園區探索館化石補給站親子廁,臺南市,左鎮區,榮和里,23.064416,120.389199,親子廁所
1138,1138,D260000062,左鎮化石園區遊客中心女廁,臺南市,左鎮區,榮和里,23.063483,120.388982,女廁所
1139,1139,D260000063,左鎮化石園區遊客中心男廁,臺南市,左鎮區,榮和里,23.063483,120.388982,男廁所
1140,1140,D260000064,左鎮化石園區遊客中心無障礙廁,臺南市,左鎮區,榮和里,23.063483,120.388982,無障礙廁所
1141,1141,D260000045,左鎮消防分隊女廁,臺南市,左鎮區,睦光里,23.062842,120.420925,女廁所
1142,1142,D260000044,左鎮消防分隊男廁,臺南市,左鎮區,睦光里,23.062842,120.420925,男廁所
1143,1143,D260000046,左鎮消防分隊無障礙廁,臺南市,左鎮區,睦光里,23.062842,120.420925,無障礙廁所
1144,1144,D260000026,左鎮區公有零售市場女廁,臺南市,左鎮區,中正里,23.058518,120.408617,女廁所
1145,1145,D260000024,左鎮區公有零售市場男廁,臺南市,左鎮區,中正里,23.058518,120.408617,男廁所
1146,1146,D260000031,左鎮區公所1F女廁,臺南市,左鎮區,中正里,23.056776,120.408656,女廁所
1147,1147,D260000027,左鎮區公所1F男廁,臺南市,左鎮區,中正里,23.056776,120.408656,男廁所
1148,1148,D260000032,左鎮區公所1F無障礙廁,臺南市,左鎮區,中正里,23.056776,120.408656,無障礙廁所
1149,1149,D260000033,左鎮區公所2F混合廁,臺南市,左鎮區,中正里,23.056776,120.408656,混合廁所
1150,1150,D260000034,左鎮區公所3F性別友善廁,臺南市,左鎮區,中正里,23.056776,120.408656,性別友善廁所
1151,1151,D260000002,左鎮區北極殿女廁,臺南市,左鎮區,中正里,23.05719,120.408377,女廁所
1152,1152,D260000001,左鎮區北極殿男廁,臺南市,左鎮區,中正里,23.05719,120.408377,男廁所
1153,1153,D260000037,左鎮區圖書館2F女廁,臺南市,左鎮區,中正里,23.056386,120.408754,女廁所
1154,1154,D260000039,左鎮區圖書館2F男廁,臺南市,左鎮區,中正里,23.056386,120.408754,男廁所
1155,1155,D260000035,左鎮區圖書館女廁,臺南市,左鎮區,中正里,23.056386,120.408754,女廁所
1156,1156,D260000036,左鎮區圖書館無障礙廁,臺南市,左鎮區,中正里,23.056386,120.408754,無障礙廁所
1157,1157,D260000028,左鎮區衛生所性別友善廁,臺南市,左鎮區,中正里,23.056698,120.408982,性別友善廁所
1158,1158,D260000029,左鎮區衛生所無障礙廁,臺南市,左鎮區,中正里,23.056698,120.408982,無障礙廁所
1159,1159,D260000058,左鎮蔗埕公園性別友善廁,臺南市,左鎮區,中正里,23.05972604,120.4074539,性別友善廁所
1160,1160,D360000348,平安里活動中心混合廁,臺南市,安平區,平安里,22.998986,120.177136,混合廁所
1161,1161,D360000162,平通里活動中心女廁,臺南市,安平區,平通里,22.996424,120.170655,女廁所
1162,1162,D360000309,平通里活動中心男廁,臺南市,安平區,平通里,22.996424,120.170655,男廁所
1163,1163,D360000163,平通里活動中心無障礙廁,臺南市,安平區,平通里,22.996424,120.170655,無障礙廁所
1164,1164,D220000048,平陽里活動中心混合廁,臺南市,山上區,平陽里,23.087078,120.38053,混合廁所
1165,1165,D320000026,平實公園平二街女廁,臺南市,東區,後甲里,22.996753,120.236831,女廁所
1166,1166,D320000025,平實公園平二街男廁,臺南市,東區,後甲里,22.996753,120.236831,男廁所
1167,1167,D320000023,平實公園平五路女廁,臺南市,東區,後甲里,22.994708,120.235925,女廁所
1168,1168,D320000022,平實公園平五路男廁,臺南市,東區,後甲里,22.994708,120.235925,男廁所
1169,1169,D320000024,平實公園平五路無障礙廁,臺南市,東區,後甲里,22.994708,120.235925,無障礙廁所
1170,1170,D320000835,平實公園地下停車場A區女廁,臺南市,東區,後甲里,22.99285671,120.2349651,女廁所
1171,1171,D320000836,平實公園地下停車場A區男廁,臺南市,東區,後甲里,22.99285671,120.2349651,男廁所
1172,1172,D320000837,平實公園地下停車場A區親子廁,臺南市,東區,後甲里,22.99285671,120.2349651,親子廁所
1173,1173,D350000090,本淵寮市場女廁,臺南市,安南區,淵東里,23.052944,120.177244,女廁所
1174,1174,D350000089,本淵寮市場男廁,臺南市,安南區,淵東里,23.052944,120.177244,男廁所
1175,1175,D270000054,民安加油站女廁,臺南市,仁德區,仁德里,22.959348,120.240292,女廁所
1176,1176,D270000040,民安加油站男廁,臺南市,仁德區,仁德里,22.959348,120.240292,男廁所
1177,1177,D350000443,民安海佃加油站女廁,臺南市,安南區,理想里,23.034129,120.189721,女廁所
1178,1178,D350000442,民安海佃加油站男廁,臺南市,安南區,理想里,23.034129,120.189721,男廁所
1179,1179,D010000070,民治派出所混合廁,臺南市,新營區,民權里,23.310444,120.313176,混合廁所
1180,1180,D310000731,永大夜市女廁,臺南市,永康區,北興里,23.018816,120.263577,女廁所
1181,1181,D310000732,永大夜市男廁,臺南市,永康區,北興里,23.018816,120.263577,男廁所
1182,1182,D310000025,永大路加油站女廁,臺南市,永康區,永康里,23.017896,120.262308,女廁所
1183,1183,D310000024,永大路加油站男廁,臺南市,永康區,永康里,23.017896,120.262308,男廁所
1184,1184,D150000079,永吉里多功能活動中心女廁,臺南市,七股區,永吉里,23.095103,120.128275,女廁所
1185,1185,D150000080,永吉里多功能活動中心男廁,臺南市,七股區,永吉里,23.095103,120.128275,男廁所
1186,1186,D120000122,永安宮女廁,臺南市,佳里區,下營里,23.173467,120.149632,女廁所
1187,1187,D120000123,永安宮男廁,臺南市,佳里區,下營里,23.173467,120.149632,男廁所
1188,1188,D320000851,永昇加油站女廁,臺南市,東區,莊敬里,22.99793,120.23436,女廁所
1189,1189,D320000852,永昇加油站男廁,臺南市,東區,莊敬里,22.99793,120.23436,男廁所
1190,1190,D310000159,永信派出所女廁,臺南市,永康區,復華里,23.015688,120.248536,女廁所
1191,1191,D310000016,永信派出所男廁,臺南市,永康區,復華里,23.015688,120.248536,男廁所
1192,1192,D310000062,永康中山加油站女廁,臺南市,永康區,東橋里,23.016942,120.237357,女廁所
1193,1193,D310000060,永康中山加油站男廁,臺南市,永康區,東橋里,23.016942,120.237357,男廁所
1194,1194,D310000079,永康中正南路加油站女廁,臺南市,永康區,鹽洲里,23.037815,120.232689,女廁所
1195,1195,D310000075,永康中正南路加油站男廁,臺南市,永康區,鹽洲里,23.037815,120.232689,男廁所
1196,1196,D310000030,永康公有零售市場女廁,臺南市,永康區,永康里,23.026311,120.256971,女廁所
1197,1197,D310000029,永康公有零售市場男廁,臺南市,永康區,永康里,23.026311,120.256971,男廁所
1198,1198,D310000119,永康公園經國紀念館旁女廁,臺南市,永康區,復興里,23.002749,120.244035,女廁所
1199,1199,D310000118,永康公園經國紀念館旁男廁,臺南市,永康區,復興里,23.002749,120.244035,男廁所
1200,1200,D310000121,永康公園管理室女廁,臺南市,永康區,復興里,23.003184,120.24295,女廁所
1201,1201,D310000120,永康公園管理室男廁,臺南市,永康區,復興里,23.003184,120.24295,男廁所
1202,1202,D310000099,永康六甲頂加油站女廁,臺南市,永康區,甲頂里,23.021967,120.216854,女廁所
1203,1203,D310000097,永康六甲頂加油站男廁,臺南市,永康區,甲頂里,23.021967,120.216854,男廁所
1204,1204,D310000017,永康分隊混合廁,臺南市,永康區,永康里,23.024302,120.252662,混合廁所
1205,1205,D310000044,永康戶政事務所永康辦公處女廁,臺南市,永康區,永康里,23.020987,120.263002,女廁所
1206,1206,D310000042,永康戶政事務所永康辦公處男廁,臺南市,永康區,永康里,23.020987,120.263002,男廁所
1207,1207,D310000046,永康戶政事務所永康辦公處無障礙廁,臺南市,永康區,永康里,23.020987,120.263002,無障礙廁所
1208,1208,D200000017,永康戶政事務所新市辦公處混合廁,臺南市,新市區,新市里,23.07866,120.295329,混合廁所
1209,1209,D310000054,永康火車站女廁,臺南市,永康區,埔園里,23.03829,120.253396,女廁所
1210,1210,D310000053,永康火車站男廁,臺南市,永康區,埔園里,23.03829,120.253396,男廁所
1211,1211,D310000055,永康火車站無障礙廁,臺南市,永康區,埔園里,23.03829,120.253396,無障礙廁所
1212,1212,D310000008,永康正大加油站混合廁,臺南市,永康區,尚頂里,23.030205,120.226123,混合廁所
1213,1213,D310000045,永康地政事務所女廁,臺南市,永康區,永康里,23.016322,120.260809,女廁所
1214,1214,D310000043,永康地政事務所男廁,臺南市,永康區,永康里,23.016322,120.260809,男廁所
1215,1215,D310000234,永康派出所女廁,臺南市,永康區,永康里,23.025838,120.257467,女廁所
1216,1216,D310000011,永康派出所男廁,臺南市,永康區,永康里,23.025838,120.257467,男廁所
1217,1217,D310000034,永康區公所1F性別友善廁,臺南市,永康區,永康里,23.026362,120.256974,性別友善廁所
1218,1218,D310000037,永康區公所2F女廁,臺南市,永康區,永康里,23.026362,120.256974,女廁所
1219,1219,D310000038,永康區公所3F男廁,臺南市,永康區,永康里,23.026362,120.256974,男廁所
1220,1220,D310000720,永康區第一公墓納骨塔女廁,臺南市,永康區,復華里,23.01389442,120.2429447,女廁所
1221,1221,D310000721,永康區第一公墓納骨塔男廁,臺南市,永康區,復華里,23.01389442,120.2429447,男廁所
1222,1222,D310000722,永康區第一公墓納骨塔無障礙廁,臺南市,永康區,復華里,23.01389442,120.2429447,無障礙廁所
1223,1223,D310000723,永康區第一公墓納骨塔親子廁,臺南市,永康區,復華里,23.01389442,120.2429447,親子廁所
1224,1224,D310000048,永康區圖書館1F女廁,臺南市,永康區,永康里,23.01888,120.2597,女廁所
1225,1225,D310000047,永康區圖書館1F男廁,臺南市,永康區,永康里,23.01888,120.2597,男廁所
1226,1226,D310000050,永康區圖書館2F女廁,臺南市,永康區,永康里,23.01888,120.2597,女廁所
1227,1227,D310000049,永康區圖書館2F男廁,臺南市,永康區,永康里,23.01888,120.2597,男廁所
1228,1228,D310000041,永康區衛生所1F女廁,臺南市,永康區,永康里,23.016461,120.261116,女廁所
1229,1229,D310000040,永康區衛生所1F男廁,臺南市,永康區,永康里,23.016461,120.261116,男廁所
1230,1230,D310000027,永康探索公園管理室女廁,臺南市,永康區,永康里,23.020786,120.260752,女廁所
1231,1231,D310000026,永康探索公園管理室男廁,臺南市,永康區,永康里,23.020786,120.260752,男廁所
1232,1232,D310000028,永康探索公園管理室無障礙廁,臺南市,永康區,永康里,23.020786,120.260752,無障礙廁所
1233,1233,D200000100,永就社區活動中心1F混合廁,臺南市,新市區,永就里,23.062579,120.293188,混合廁所
1234,1234,D330000273,永華田徑場1F女廁,臺南市,南區,竹溪里,22.978228,120.20575,女廁所
1235,1235,D330000274,永華田徑場1F男廁,臺南市,南區,竹溪里,22.978228,120.20575,男廁所
1236,1236,D330000414,永華田徑場1F無障礙廁,臺南市,南區,竹溪里,22.978228,120.20575,無障礙廁所
1237,1237,D330000415,永華田徑場1F親子廁,臺南市,南區,竹溪里,22.978228,120.20575,親子廁所
1238,1238,D330000275,永華田徑場2F女廁,臺南市,南區,竹溪里,22.978228,120.20575,女廁所
1239,1239,D330000276,永華田徑場2F男廁,臺南市,南區,竹溪里,22.978228,120.20575,男廁所
1240,1240,D330000270,永華田徑場西北門女廁,臺南市,南區,竹溪里,22.978149,120.205732,女廁所
1241,1241,D330000009,永華田徑場西北門多功能性別友善廁,臺南市,南區,竹溪里,22.978137,120.205793,性別友善廁所
1242,1242,D330000271,永華田徑場西北門男廁,臺南市,南區,竹溪里,22.978149,120.205732,男廁所
1243,1243,D330000272,永華田徑場西北門無障礙廁,臺南市,南區,竹溪里,22.978149,120.205732,無障礙廁所
1244,1244,D330000267,永華田徑場西南門女廁,臺南市,南區,竹溪里,22.978149,120.205732,女廁所
1245,1245,D330000010,永華田徑場西南門多功能性別友善廁,臺南市,南區,竹溪里,22.978137,120.205793,性別友善廁所
1246,1246,D330000268,永華田徑場西南門男廁,臺南市,南區,竹溪里,22.978149,120.205732,男廁所
1247,1247,D330000269,永華田徑場西南門無障礙廁,臺南市,南區,竹溪里,22.978149,120.205732,無障礙廁所
1248,1248,D330000261,永華田徑場東北門女廁,臺南市,南區,竹溪里,22.978149,120.205732,女廁所
1249,1249,D330000007,永華田徑場東北門多功能性別友善廁,臺南市,南區,竹溪里,22.978137,120.205793,性別友善廁所
1250,1250,D330000262,永華田徑場東北門男廁,臺南市,南區,竹溪里,22.978149,120.205732,男廁所
1251,1251,D330000263,永華田徑場東北門無障礙廁,臺南市,南區,竹溪里,22.978149,120.205732,無障礙廁所
1252,1252,D330000264,永華田徑場東南門女廁,臺南市,南區,竹溪里,22.978149,120.205732,女廁所
1253,1253,D330000008,永華田徑場東南門多功能性別友善廁,臺南市,南區,竹溪里,22.978137,120.205793,性別友善廁所
1254,1254,D330000265,永華田徑場東南門男廁,臺南市,南區,竹溪里,22.978149,120.205732,男廁所
1255,1255,D330000266,永華田徑場東南門無障礙廁,臺南市,南區,竹溪里,22.978149,120.205732,無障礙廁所
1256,1256,D370000952,永華國民運動中心北棟1F女廁,臺南市,中西區,大涼里,22.99007646,120.1875544,女廁所
1257,1257,D370000953,永華國民運動中心北棟1F男廁,臺南市,中西區,大涼里,22.99007646,120.1875544,男廁所
1258,1258,D310000068,永新加油站女廁,臺南市,永康區,新樹里,23.031457,120.281197,女廁所
1259,1259,D310000065,永新加油站男廁,臺南市,永康區,新樹里,23.031457,120.281197,男廁所
1260,1260,D370000868,永慶啟智活動中心女廁,臺南市,中西區,永華里,22.990941,120.202752,女廁所
1261,1261,D370000867,永慶啟智活動中心男廁,臺南市,中西區,永華里,22.990941,120.202752,男廁所
1262,1262,D370000869,永慶啟智活動中心無障礙廁,臺南市,中西區,永華里,22.990941,120.202752,無障礙廁所
1263,1263,D370000508,永樂公有零售市場北棟1F女廁,臺南市,中西區,五條港里,22.997407,120.198382,女廁所
1264,1264,D370000509,永樂公有零售市場北棟1F男廁,臺南市,中西區,五條港里,22.997407,120.198382,男廁所
1265,1265,D370000948,永樂公有零售市場北棟1F親子兼性別友善廁,臺南市,中西區,五條港里,22.99764276,120.1988416,性別友善廁所
1266,1266,D370000944,永樂公有零售市場北棟2F女廁,臺南市,中西區,五條港里,22.99764276,120.1988416,女廁所
1267,1267,D370000946,永樂公有零售市場北棟2F男廁,臺南市,中西區,五條港里,22.99764276,120.1988416,男廁所
1268,1268,D370000950,永樂公有零售市場北棟2F親子兼性別友善廁,臺南市,中西區,五條港里,22.99764276,120.1988416,性別友善廁所
1269,1269,D370000943,永樂公有零售市場南棟1F女廁,臺南市,中西區,五條港里,22.99764276,120.1988416,女廁所
1270,1270,D370000510,永樂公有零售市場南棟1F男廁,臺南市,中西區,五條港里,22.997724,120.198761,男廁所
1271,1271,D370000947,永樂公有零售市場南棟1F親子兼性別友善廁,臺南市,中西區,五條港里,22.99764276,120.1988416,性別友善廁所
1272,1272,D370000945,永樂公有零售市場南棟2F女廁,臺南市,中西區,五條港里,22.99764276,120.1988416,女廁所
1273,1273,D370000511,永樂公有零售市場南棟2F男廁,臺南市,中西區,五條港里,22.997724,120.198761,男廁所
1274,1274,D370000949,永樂公有零售市場南棟2F親子兼性別友善廁,臺南市,中西區,五條港里,22.99764276,120.1988416,性別友善廁所
1275,1275,D140000029,永樂里活動中心女廁,臺南市,西港區,永樂里,23.104029,120.179028,女廁所
1276,1276,D140000028,永樂里活動中心男廁,臺南市,西港區,永樂里,23.104029,120.179028,男廁所
1277,1277,D140000030,永樂里活動中心無障礙廁,臺南市,西港區,永樂里,23.104029,120.179028,無障礙廁所
1278,1278,D350000480,永樺加油站女廁,臺南市,安南區,媽祖宮里,23.053805,120.139737,女廁所
1279,1279,D350000481,永樺加油站男廁,臺南市,安南區,媽祖宮里,23.053805,120.139737,男廁所
1280,1280,D250000065,玉山里活動中心1F女廁,臺南市,南化區,玉山里,23.075126,120.519668,女廁所
1281,1281,D250000066,玉山里活動中心1F男廁,臺南市,南化區,玉山里,23.075126,120.519668,男廁所
1282,1282,D250000067,玉山里活動中心1F無障礙廁,臺南市,南化區,玉山里,23.075126,120.519668,無障礙廁所
1283,1283,D250000068,玉山里活動中心2F女廁,臺南市,南化區,玉山里,23.075126,120.519668,女廁所
1284,1284,D250000069,玉山里活動中心2F男廁,臺南市,南化區,玉山里,23.075126,120.519668,男廁所
1285,1285,D250000064,玉山派出所混合廁,臺南市,南化區,玉山里,23.075008,120.519564,混合廁所
1286,1286,D230000069,玉井公有零售市場女廁,臺南市,玉井區,玉井里,23.122968,120.459417,女廁所
1287,1287,D230000068,玉井公有零售市場男廁,臺南市,玉井區,玉井里,23.122968,120.459417,男廁所
1288,1288,D230000070,玉井公有零售市場無障礙廁,臺南市,玉井區,玉井里,23.122968,120.459417,無障礙廁所
1289,1289,D230000034,玉井分局女廁,臺南市,玉井區,玉田里,23.11935,120.458957,女廁所
1290,1290,D230000031,玉井分局男廁,臺南市,玉井區,玉田里,23.11935,120.458957,男廁所
1291,1291,D230000032,玉井分隊混合廁,臺南市,玉井區,玉田里,23.119487,120.459555,混合廁所
1292,1292,D260000021,玉井戶政事務所左鎮辦公處混合廁,臺南市,左鎮區,左鎮里,23.05546,120.404957,混合廁所
1293,1293,D230000009,玉井戶政事務所玉井辦公處混合廁,臺南市,玉井區,玉田里,23.119393,120.459047,混合廁所
1294,1294,D240000009,玉井戶政事務所楠西辦公處女廁,臺南市,楠西區,楠西里,23.174021,120.48647,女廁所
1295,1295,D240000001,玉井戶政事務所楠西辦公處男廁,臺南市,楠西區,楠西里,23.174021,120.48647,男廁所
1296,1296,D230000035,玉井地政事務所1F女廁,臺南市,玉井區,玉田里,23.123562,120.466944,女廁所
1297,1297,D230000036,玉井地政事務所1F男廁,臺南市,玉井區,玉田里,23.123562,120.466944,男廁所
1298,1298,D230000037,玉井地政事務所2F女廁,臺南市,玉井區,玉田里,23.123562,120.466944,女廁所
1299,1299,D230000038,玉井地政事務所2F男廁,臺南市,玉井區,玉田里,23.123562,120.466944,男廁所
1300,1300,D230000039,玉井地政事務所3F女廁,臺南市,玉井區,玉田里,23.123562,120.466944,女廁所
1301,1301,D230000040,玉井地政事務所3F男廁,臺南市,玉井區,玉田里,23.123562,120.466944,男廁所
1302,1302,D230000014,玉井區公所2F男廁,臺南市,玉井區,玉井里,23.123691,120.460133,男廁所
1303,1303,D230000012,玉井區公所女廁,臺南市,玉井區,玉井里,23.123691,120.460133,女廁所
1304,1304,D230000008,玉井區公所男廁,臺南市,玉井區,玉井里,23.123691,120.460133,男廁所
1305,1305,D230000013,玉井區公所無障礙廁,臺南市,玉井區,玉井里,23.123691,120.460133,無障礙廁所
1306,1306,D230000074,玉井區運動公園性別友善廁,臺南市,玉井區,玉田里,23.122189,120.469913,性別友善廁所
1307,1307,D230000075,玉井區運動公園無障礙廁,臺南市,玉井區,玉田里,23.122189,120.469913,無障礙廁所
1308,1308,D230000105,玉井區圖書館女廁,臺南市,玉井區,玉田里,23.12330613,120.4689825,女廁所
1309,1309,D230000104,玉井區圖書館男廁,臺南市,玉井區,玉田里,23.12330613,120.4689825,男廁所
1310,1310,D230000106,玉井區圖書館親子廁,臺南市,玉井區,玉田里,23.12329133,120.4690039,親子廁所
1311,1311,D230000112,玉井區綜合體育館女廁,臺南市,玉井區,玉田里,23.123179,120.468236,女廁所
1312,1312,D230000111,玉井區綜合體育館男廁,臺南市,玉井區,玉田里,23.123179,120.468236,男廁所
1313,1313,D230000113,玉井區綜合體育館無障礙廁,臺南市,玉井區,玉田里,23.123179,120.468236,無障礙廁所
1314,1314,D230000010,玉井區衛生所混合廁,臺南市,玉井區,玉井里,23.122236,120.45923,混合廁所
1315,1315,D030000096,玉豐派出所混合廁,臺南市,白河區,詔豐里,23.378794,120.416583,混合廁所
1316,1316,D270000892,田厝水明殿混合廁,臺南市,仁德區,文賢里,22.938917,120.242818,混合廁所
1317,1317,D270000238,田厝活動中心3F性別友善廁,臺南市,仁德區,文賢里,22.937216,120.243716,性別友善廁所
1318,1318,D350000476,甲上加油站女廁,臺南市,安南區,溪心里,23.054074,120.189865,女廁所
1319,1319,D350000477,甲上加油站男廁,臺南市,安南區,溪心里,23.054074,120.189865,男廁所
1320,1320,D030000017,白河中山路加油站女廁,臺南市,白河區,永安里,23.345263,120.41179,女廁所
1321,1321,D030000015,白河中山路加油站男廁,臺南市,白河區,永安里,23.345263,120.41179,男廁所
1322,1322,D030000152,白河公有零售市場2F性別友善廁,臺南市,白河區,白河里,23.348742,120.415601,性別友善廁所
1323,1323,D030000002,白河公有零售市場西側混合廁,臺南市,白河區,白河里,23.348985,120.415107,混合廁所
1324,1324,D030000003,白河公有零售市場南側性別友善廁,臺南市,白河區,白河里,23.349347,120.415164,性別友善廁所
1325,1325,D030000011,白河分局混合廁,臺南市,白河區,白河里,23.350835,120.416562,混合廁所
1326,1326,D030000010,白河分隊女廁,臺南市,白河區,白河里,23.347535,120.414247,女廁所
1327,1327,D030000007,白河分隊男廁,臺南市,白河區,白河里,23.347535,120.414247,男廁所
1328,1328,D060000003,白河戶政事務所東山辦公處混合廁,臺南市,東山區,東山里,23.325845,120.403538,混合廁所
1329,1329,D050000024,白河戶政事務所後壁辦公處混合廁,臺南市,後壁區,後壁里,23.365679,120.36186,混合廁所
1330,1330,D030000031,白河地政事務所1F女廁,臺南市,白河區,永安里,23.35282,120.412832,女廁所
1331,1331,D030000030,白河地政事務所1F男廁,臺南市,白河區,永安里,23.35282,120.412832,男廁所
1332,1332,D030000032,白河地政事務所1F無障礙廁,臺南市,白河區,永安里,23.35282,120.412832,無障礙廁所
1333,1333,D030000034,白河地政事務所2F女廁,臺南市,白河區,永安里,23.35282,120.412832,女廁所
1334,1334,D030000033,白河地政事務所2F男廁,臺南市,白河區,永安里,23.35282,120.412832,男廁所
1335,1335,D030000035,白河地政事務所2F無障礙廁,臺南市,白河區,永安里,23.35282,120.412832,無障礙廁所
1336,1336,D030000006,白河派出所混合廁,臺南市,白河區,白河里,23.350807,120.416554,混合廁所
1337,1337,D030000027,白河區公所1F女廁,臺南市,白河區,永安里,23.351225,120.415846,女廁所
1338,1338,D030000026,白河區公所1F男廁,臺南市,白河區,永安里,23.351225,120.415846,男廁所
1339,1339,D030000175,白河區公所1F親子廁,臺南市,白河區,永安里,23.351225,120.415846,親子廁所
1340,1340,D030000045,白河區清潔隊1F性別友善廁,臺南市,白河區,河東里,23.34259,120.435835,性別友善廁所
1341,1341,D030000046,白河區清潔隊2F性別友善廁,臺南市,白河區,河東里,23.34259,120.435835,性別友善廁所
1342,1342,D030000028,白河區衛生所女廁,臺南市,白河區,永安里,23.352084,120.415802,女廁所
1343,1343,D030000029,白河區衛生所男廁,臺南市,白河區,永安里,23.352084,120.415802,男廁所
1344,1344,D030000159,白河張慶芳紀念圖書館1F女廁,臺南市,白河區,永安里,23.353425,120.414315,女廁所
1345,1345,D030000158,白河張慶芳紀念圖書館1F男廁,臺南市,白河區,永安里,23.353425,120.414315,男廁所
1346,1346,D030000160,白河張慶芳紀念圖書館1F無障礙廁,臺南市,白河區,永安里,23.353425,120.414315,無障礙廁所
1347,1347,D030000161,白河張慶芳紀念圖書館1F親子廁,臺南市,白河區,永安里,23.353425,120.414315,親子廁所
1348,1348,D030000163,白河張慶芳紀念圖書館2F女廁,臺南市,白河區,永安里,23.353425,120.414315,女廁所
1349,1349,D030000162,白河張慶芳紀念圖書館2F男廁,臺南市,白河區,永安里,23.353425,120.414315,男廁所
1350,1350,D030000164,白河張慶芳紀念圖書館2F無障礙廁,臺南市,白河區,永安里,23.353425,120.414315,無障礙廁所
1351,1351,D030000166,白河張慶芳紀念圖書館3F女廁,臺南市,白河區,永安里,23.353425,120.414315,女廁所
1352,1352,D030000165,白河張慶芳紀念圖書館3F男廁,臺南市,白河區,永安里,23.353425,120.414315,男廁所
1353,1353,D030000167,白河張慶芳紀念圖書館3F無障礙廁,臺南市,白河區,永安里,23.353425,120.414315,無障礙廁所
1354,1354,D030000022,白河運動公園女廁,臺南市,白河區,永安里,23.35381,120.414865,女廁所
1355,1355,D030000021,白河運動公園男廁,臺南市,白河區,永安里,23.35381,120.414865,男廁所
1356,1356,D030000023,白河運動公園無障礙廁,臺南市,白河區,永安里,23.35381,120.414865,無障礙廁所
1357,1357,D110000010,石子瀨活動中心女廁,臺南市,大內區,石城里,23.122151,120.354418,女廁所
1358,1358,D110000009,石子瀨活動中心男廁,臺南市,大內區,石城里,23.122151,120.354418,男廁所
1359,1359,D330000339,交通大隊大門女廁,臺南市,南區,南都里,22.958839,120.186025,女廁所
1360,1360,D330000338,交通大隊大門男廁,臺南市,南區,南都里,22.958839,120.186025,男廁所
1361,1361,D330000340,交通大隊大門無障礙廁,臺南市,南區,南都里,22.958839,120.186025,無障礙廁所
1362,1362,D190000041,光文社區活動中心女廁,臺南市,善化區,光文里,23.131744,120.305093,女廁所
1363,1363,D190000042,光文社區活動中心男廁,臺南市,善化區,光文里,23.131744,120.305093,男廁所
1364,1364,D130000029,光華里活動中心混合廁,臺南市,學甲區,光華里,23.243404,120.16612,混合廁所
1365,1365,D270000192,全家仁德二仁店混合廁,臺南市,仁德區,二行里,22.918145,120.22464,混合廁所
1366,1366,D270000107,全家仁德德洋店混合廁,臺南市,仁德區,後壁里,22.956986,120.245521,混合廁所
1367,1367,D340000138,全家台南大興店混合廁,臺南市,北區,大港里,23.009355,120.182842,混合廁所
1368,1368,D340000094,全家台南大豐店混合廁,臺南市,北區,大豐里,23.008755,120.185872,混合廁所
1369,1369,D320000021,全家台南仁東店混合廁,臺南市,東區,仁和里,22.969904,120.235361,混合廁所
1370,1370,D360000386,全家台南平豐店混合廁,臺南市,安平區,億載里,22.993175,120.163756,混合廁所
1371,1371,D350000032,全家台南安順店混合廁,臺南市,安南區,安東里,23.04022,120.215503,混合廁所
1372,1372,D340000221,全家台南育德店混合廁,臺南市,北區,福德里,23.013802,120.206477,混合廁所
1373,1373,D360000358,全家台南承天店混合廁,臺南市,安平區,平通里,22.997515,120.169742,混合廁所
1374,1374,D320000216,全家台南東文店混合廁,臺南市,東區,和平里,22.978101,120.233084,混合廁所
1375,1375,D320000579,全家台南東成店混合廁,臺南市,東區,復興里,22.982554,120.237036,混合廁所
1376,1376,D350000027,全家台南長安店混合廁,臺南市,安南區,塭南里,23.069641,120.222858,混合廁所
1377,1377,D360000170,全家台南建平店混合廁,臺南市,安平區,文平里,22.982924,120.181064,混合廁所
1378,1378,D320000576,全家台南崇善店混合廁,臺南市,東區,崇文里,22.967562,120.231574,混合廁所
1379,1379,D370000542,全家台南康樂二店混合廁,臺南市,中西區,淺草里,22.994892,120.195063,混合廁所
1380,1380,D330000194,全家台南華興店混合廁,臺南市,南區,明興里,22.961943,120.192426,混合廁所
1381,1381,D350000091,全家台南新本原店混合廁,臺南市,安南區,淵東里,23.051983,120.174117,混合廁所
1382,1382,D330000032,全家台南新夏店混合廁,臺南市,南區,田寮里,22.977872,120.195058,混合廁所
1383,1383,D350000045,全家台南臺江店混合廁,臺南市,安南區,總頭里,23.058886,120.201025,混合廁所
1384,1384,D320000477,全家台南德東店混合廁,臺南市,東區,東智里,22.961803,120.229664,混合廁所
1385,1385,D350000107,全家台南興德店混合廁,臺南市,安南區,淵西里,23.050766,120.167594,混合廁所
1386,1386,D330000140,全家台南灣裡店混合廁,臺南市,南區,佛壇里,22.923426,120.183368,混合廁所
1387,1387,D310000023,全家永康文化店混合廁,臺南市,永康區,網寮里,23.016061,120.257879,混合廁所
1388,1388,D310000112,全家永康永仁店混合廁,臺南市,永康區,崑山里,23.001452,120.256486,混合廁所
1389,1389,D310000129,全家永康忠孝店混合廁,臺南市,永康區,神洲里,23.003954,120.240083,混合廁所
1390,1390,D310000157,全家永康復華店混合廁,臺南市,永康區,復華里,23.015048,120.244757,混合廁所
1391,1391,D310000115,全家永康新大灣店混合廁,臺南市,永康區,北灣里,23.007968,120.268438,混合廁所
1392,1392,D310000155,全家永康新長億店混合廁,臺南市,永康區,西橋里,23.016072,120.225492,混合廁所
1393,1393,D310000136,全家永康龍橋店混合廁,臺南市,永康區,龍潭里,23.037689,120.264582,混合廁所
1394,1394,D030000004,全家白河昶興店混合廁,臺南市,白河區,永安里,23.348538,120.414544,混合廁所
1395,1395,D210000049,全家安定新港口店混合廁,臺南市,安定區,港口里,23.09182,120.235669,混合廁所
1396,1396,D120000116,全家佳里佳興店混合廁,臺南市,佳里區,佳興里,23.190023,120.18811,混合廁所
1397,1397,D100000057,全家官田新田店混合廁,臺南市,官田區,隆田里,23.192479,120.318128,混合廁所
1398,1398,D050000107,全家後壁茄苳店混合廁,臺南市,後壁區,上茄苳里,23.388781,120.375679,混合廁所
1399,1399,D190000047,全家善化正國店混合廁,臺南市,善化區,文昌里,23.123491,120.294294,混合廁所
1400,1400,D190000025,全家善化和平店混合廁,臺南市,善化區,光文里,23.132237,120.298072,混合廁所
1401,1401,D180000095,全家新化那拔店混合廁,臺南市,新化區,那拔里,23.067735,120.34973,混合廁所
1402,1402,D180000068,全家新化新北店混合廁,臺南市,新化區,太平里,23.042397,120.305105,混合廁所
1403,1403,D010000251,全家新營民興店混合廁,臺南市,新營區,新北里,23.31012,120.309762,混合廁所
1404,1404,D010000243,全家新營南紙店混合廁,臺南市,新營區,南紙里,23.298593,120.294359,混合廁所
1405,1405,D010000248,全家新營帝寶店混合廁,臺南市,新營區,嘉芳里,23.308887,120.285357,混合廁所
1406,1406,D010000024,全家新營新興店混合廁,臺南市,新營區,忠政里,23.314226,120.31645,混合廁所
1407,1407,D010000195,全家新營裕民店混合廁,臺南市,新營區,民榮里,23.302917,120.307344,混合廁所
1408,1408,D130000039,全家學甲安得富店混合廁,臺南市,學甲區,慈福里,23.231327,120.18267,混合廁所
1409,1409,D130000051,全家學甲狀元店混合廁,臺南市,學甲區,明宜里,23.235292,120.176253,混合廁所
1410,1410,D280000036,全家歸仁新文化店混合廁,臺南市,歸仁區,南保里,22.970708,120.288044,混合廁所
1411,1411,D290000023,全家關廟南雄店混合廁,臺南市,關廟區,香洋里,22.961055,120.327876,混合廁所
1412,1412,D020000045,全家鹽水武廟店混合廁,臺南市,鹽水區,岸內里,23.324313,120.262938,混合廁所
1413,1413,D270000167,全國台南機場加油站女廁,臺南市,仁德區,仁愛里,22.949479,120.218549,女廁所
1414,1414,D270000164,全國台南機場加油站男廁,臺南市,仁德區,仁愛里,22.949479,120.218549,男廁所
1415,1415,D270000168,全國台南機場加油站無障礙廁,臺南市,仁德區,仁德里,22.949479,120.218549,無障礙廁所
1416,1416,D010000165,全國新營加油站女廁,臺南市,新營區,中營里,23.318066,120.332787,女廁所
1417,1417,D010000162,全國新營加油站男廁,臺南市,新營區,中營里,23.318066,120.332787,男廁所
1418,1418,D010000166,全國新營加油站無障礙廁,臺南市,新營區,中營里,23.318066,120.332787,無障礙廁所
1419,1419,D130000049,全國學甲啓冬加油站女廁,臺南市,學甲區,明宜里,23.235347,120.175601,女廁所
1420,1420,D130000048,全國學甲啓冬加油站男廁,臺南市,學甲區,明宜里,23.235347,120.175601,男廁所
1421,1421,D070000022,全聯麻豆加油站混合廁,臺南市,麻豆區,中興里,23.176323,120.246883,混合廁所
1422,1422,D250000059,再傳加油站女廁,臺南市,南化區,玉山里,23.075221,120.519339,女廁所
1423,1423,D250000058,再傳加油站男廁,臺南市,南化區,玉山里,23.075221,120.519339,男廁所
1424,1424,D050000105,吉克加油站女廁,臺南市,後壁區,上茄苳里,23.390782,120.377136,女廁所
1425,1425,D050000106,吉克加油站男廁,臺南市,後壁區,上茄苳里,23.390782,120.377136,男廁所
1426,1426,D040000040,吉克柳營加油站女廁,臺南市,柳營區,中埕里,23.270423,120.315126,女廁所
1427,1427,D040000039,吉克柳營加油站男廁,臺南市,柳營區,中埕里,23.270423,120.315126,男廁所
1428,1428,D340000308,好市多COSTCO台南店1F女廁,臺南市,北區,大豐里,23.010631,120.192911,女廁所
1429,1429,D340000307,好市多COSTCO台南店1F男廁,臺南市,北區,大豐里,23.010631,120.192911,男廁所
1430,1430,D340000310,好市多COSTCO台南店B1女廁,臺南市,北區,大豐里,23.010631,120.192911,女廁所
1431,1431,D340000309,好市多COSTCO台南店B1男廁,臺南市,北區,大豐里,23.010631,120.192911,男廁所
1432,1432,D340000312,好市多COSTCO台南店B2女廁,臺南市,北區,大豐里,23.010631,120.192911,女廁所
1433,1433,D340000311,好市多COSTCO台南店B2男廁,臺南市,北區,大豐里,23.010631,120.192911,男廁所
1434,1434,D340000314,好市多COSTCO台南店B3女廁,臺南市,北區,大豐里,23.010631,120.192911,女廁所
1435,1435,D340000313,好市多COSTCO台南店B3男廁,臺南市,北區,大豐里,23.010631,120.192911,男廁所
1436,1436,D370000180,好樂迪KTV台南成功店混合廁,臺南市,中西區,赤嵌里,22.997765,120.207898,混合廁所
1437,1437,D130000037,宅港派出所混合廁,臺南市,學甲區,宅港里,23.258506,120.203329,混合廁所
1438,1438,D360000233,安中社區活動中心混合廁,臺南市,安平區,王城里,23.001989,120.164236,混合廁所
1439,1439,D360000039,安平三鯤鯓慶和壇女廁,臺南市,安平區,漁光里,22.982071,120.155955,女廁所
1440,1440,D360000038,安平三鯤鯓慶和壇男廁,臺南市,安平區,漁光里,22.982071,120.155955,男廁所
1441,1441,D360000242,安平公有零售市場1F女廁,臺南市,安平區,天妃里,23.00121015,120.1650292,女廁所
1442,1442,D360000241,安平公有零售市場1F男廁,臺南市,安平區,天妃里,23.00121015,120.1650292,男廁所
1443,1443,D360000243,安平公有零售市場1F無障礙廁,臺南市,安平區,天妃里,23.00121015,120.1650292,無障礙廁所
1444,1444,D360000245,安平公有零售市場2F女廁,臺南市,安平區,天妃里,23.00122014,120.1650453,女廁所
1445,1445,D360000244,安平公有零售市場2F男廁,臺南市,安平區,天妃里,23.00122014,120.1650453,男廁所
1446,1446,D360000246,安平公有零售市場2F無障礙廁,臺南市,安平區,天妃里,23.00122227,120.1650184,無障礙廁所
1447,1447,D360000142,安平戶政事務所安平辦公處1F女廁,臺南市,安平區,平通里,22.994778,120.16875,女廁所
1448,1448,D360000143,安平戶政事務所安平辦公處1F男廁,臺南市,安平區,平通里,22.994778,120.16875,男廁所
1449,1449,D360000017,安平古堡女廁,臺南市,安平區,王城里,23.001527,120.160913,女廁所
1450,1450,D360000018,安平古堡男廁,臺南市,安平區,王城里,23.001527,120.160913,男廁所
1451,1451,D360000019,安平古堡管理室旁女廁,臺南市,安平區,王城里,23.00119,120.159863,女廁所
1452,1452,D360000020,安平古堡管理室旁男廁,臺南市,安平區,王城里,23.00119,120.159863,男廁所
1453,1453,D360000021,安平古堡管理室旁無障礙廁,臺南市,安平區,王城里,23.000774,120.161319,無障礙廁所
1454,1454,D360000389,安平四季公園女廁,臺南市,安平區,王城里,23.003223,120.157549,女廁所
1455,1455,D360000390,安平四季公園男廁,臺南市,安平區,王城里,23.003223,120.157549,男廁所
1456,1456,D360000391,安平四季公園無障礙廁,臺南市,安平區,王城里,23.003223,120.157549,無障礙廁所
1457,1457,D360000383,安平定情碼頭德陽艦園區女廁,臺南市,安平區,億載里,22.989577,120.156698,女廁所
1458,1458,D360000384,安平定情碼頭德陽艦園區男廁,臺南市,安平區,億載里,22.989577,120.156698,男廁所
1459,1459,D360000385,安平定情碼頭德陽艦園區無障礙廁,臺南市,安平區,億載里,22.989577,120.156698,無障礙廁所
1460,1460,D360000213,安平旅遊資訊中心女廁,臺南市,安平區,王城里,23.000343,120.161353,女廁所
1461,1461,D360000214,安平旅遊資訊中心男廁,臺南市,安平區,王城里,23.000343,120.161353,男廁所
1462,1462,D360000215,安平旅遊資訊中心無障礙廁,臺南市,安平區,王城里,23.000343,120.161353,無障礙廁所
1463,1463,D360000363,安平航海城1F女廁,臺南市,安平區,金城里,22.998432,120.157201,女廁所
1464,1464,D360000362,安平航海城1F男廁,臺南市,安平區,金城里,22.998432,120.157201,男廁所
1465,1465,D360000364,安平航海城1F無障礙廁,臺南市,安平區,金城里,22.998432,120.157201,無障礙廁所
1466,1466,D360000366,安平航海城2F女廁,臺南市,安平區,金城里,22.998432,120.157201,女廁所
1467,1467,D360000365,安平航海城2F男廁,臺南市,安平區,金城里,22.998432,120.157201,男廁所
1468,1468,D360000367,安平航海城2F無障礙廁,臺南市,安平區,金城里,22.998432,120.157201,無障礙廁所
1469,1469,D360000368,安平航海城2F親子廁,臺南市,安平區,金城里,22.998432,120.157201,親子廁所
1470,1470,D360000370,安平航海城3F女廁,臺南市,安平區,金城里,22.998432,120.157201,女廁所
1471,1471,D360000369,安平航海城3F男廁,臺南市,安平區,金城里,22.998432,120.157201,男廁所
1472,1472,D360000371,安平航海城3F無障礙廁,臺南市,安平區,金城里,22.998432,120.157201,無障礙廁所
1473,1473,D360000373,安平航海城4F女廁,臺南市,安平區,金城里,22.998432,120.157201,女廁所
1474,1474,D360000372,安平航海城4F男廁,臺南市,安平區,金城里,22.998432,120.157201,男廁所
1475,1475,D360000136,安平區公所2F女廁,臺南市,安平區,平通里,22.99453,120.168846,女廁所
1476,1476,D360000137,安平區公所2F男廁,臺南市,安平區,平通里,22.99453,120.168846,男廁所
1477,1477,D360000138,安平區公所3F女廁,臺南市,安平區,平通里,22.99453,120.168846,女廁所
1478,1478,D360000139,安平區公所3F男廁,臺南市,安平區,平通里,22.99453,120.168846,男廁所
1479,1479,D360000140,安平區公所4F女廁,臺南市,安平區,平通里,22.99453,120.168846,女廁所
1480,1480,D360000141,安平區公所4F男廁,臺南市,安平區,平通里,22.99453,120.168846,男廁所
1481,1481,D360000379,安平區古堡段公11西側無障礙廁,臺南市,安平區,王城里,23.00006881,120.159469,無障礙廁所
1482,1482,D360000378,安平區古堡段公11東側無障礙廁,臺南市,安平區,王城里,23.00006881,120.159469,無障礙廁所
1483,1483,D360000377,安平區古堡段公11混合廁,臺南市,安平區,王城里,23.00006881,120.159469,混合廁所
1484,1484,D360000380,安平區古堡段公11親子廁,臺南市,安平區,王城里,23.00006881,120.159469,親子廁所
1485,1485,D360000027,安平區遊憩碼頭女廁,臺南市,安平區,金城里,22.998396,120.161432,女廁所
1486,1486,D360000026,安平區遊憩碼頭男廁,臺南市,安平區,金城里,22.998396,120.161432,男廁所
1487,1487,D360000028,安平區遊憩碼頭無障礙廁,臺南市,安平區,金城里,22.998396,120.161432,無障礙廁所
1488,1488,D360000156,安平區圖書館女廁,臺南市,安平區,平通里,22.994788,120.168172,女廁所
1489,1489,D360000157,安平區圖書館男廁,臺南市,安平區,平通里,22.994788,120.168172,男廁所
1490,1490,D360000158,安平區圖書館無障礙廁,臺南市,安平區,平通里,22.994788,120.168172,無障礙廁所
1491,1491,D360000304,安平區衛生所女廁,臺南市,安平區,平通里,22.994379,120.168217,女廁所
1492,1492,D360000303,安平區衛生所男廁,臺南市,安平區,平通里,22.994379,120.168217,男廁所
1493,1493,D360000305,安平區衛生所無障礙廁,臺南市,安平區,平通里,22.994379,120.168217,無障礙廁所
1494,1494,D360000238,安平蚵灰窯文化館女廁,臺南市,安平區,天妃里,23.0023,120.164949,女廁所
1495,1495,D360000239,安平蚵灰窯文化館男廁,臺南市,安平區,天妃里,23.0023,120.164949,男廁所
1496,1496,D360000240,安平蚵灰窯文化館無障礙廁,臺南市,安平區,天妃里,23.0023,120.164949,無障礙廁所
1497,1497,D360000381,安平港濱歷史特色遊戲場無障礙廁,臺南市,安平區,億載里,22.9948,120.162617,無障礙廁所
1498,1498,D360000382,安平港濱歷史特色遊戲場親子廁,臺南市,安平區,億載里,22.9948,120.162617,親子廁所
1499,1499,D360000374,安平開臺天后宮停車場女廁,臺南市,安平區,金城里,22.999787,120.160837,女廁所
1500,1500,D360000375,安平開臺天后宮停車場男廁,臺南市,安平區,金城里,22.999787,120.160837,男廁所
1501,1501,D360000376,安平開臺天后宮停車場無障礙廁,臺南市,安平區,金城里,22.999787,120.160837,無障礙廁所
1502,1502,D360000029,安平漁港安檢所1F男廁,臺南市,安平區,金城里,22.988933,120.149944,男廁所
1503,1503,D360000030,安平漁港安檢所1F無障礙廁,臺南市,安平區,金城里,22.988933,120.149944,無障礙廁所
1504,1504,D360000216,安平樹屋女廁,臺南市,安平區,王城里,23.00347,120.159766,女廁所
1505,1505,D360000217,安平樹屋男廁,臺南市,安平區,王城里,23.00347,120.159766,男廁所
1506,1506,D360000218,安平樹屋無障礙廁,臺南市,安平區,王城里,23.00347,120.159766,無障礙廁所
1507,1507,D360000208,安平歷史水景公園女廁,臺南市,安平區,平安里,22.998884,120.156989,女廁所
1508,1508,D360000207,安平歷史水景公園男廁,臺南市,安平區,平安里,22.998884,120.156989,男廁所
1509,1509,D360000209,安平歷史水景公園無障礙廁,臺南市,安平區,平安里,22.998884,120.156989,無障礙廁所
1510,1510,D350000041,安和加油站男廁,臺南市,安南區,新順里,23.041661,120.216172,男廁所
1511,1511,D210000066,安定分隊女廁,臺南市,安定區,文科里,23.102439,120.227778,女廁所
1512,1512,D210000067,安定分隊男廁,臺南市,安定區,文科里,23.102439,120.227778,男廁所
1513,1513,D210000068,安定分隊無障礙廁,臺南市,安定區,文科里,23.102439,120.227778,無障礙廁所
1514,1514,D210000034,安定分駐所混合廁,臺南市,安定區,安加里,23.121126,120.236255,混合廁所
1515,1515,D210000023,安定保安宮女廁,臺南市,安定區,安定里,23.120349,120.236347,女廁所
1516,1516,D210000022,安定保安宮男廁,臺南市,安定區,安定里,23.120349,120.236347,男廁所
1517,1517,D210000011,安定區公所1F女廁,臺南市,安定區,安定里,23.12162,120.237058,女廁所
1518,1518,D210000012,安定區公所1F男廁,臺南市,安定區,安定里,23.12162,120.237058,男廁所
1519,1519,D210000013,安定區公所1F無障礙廁,臺南市,安定區,安定里,23.12162,120.237058,無障礙廁所
1520,1520,D210000015,安定區公所2F混合廁,臺南市,安定區,安定里,23.12162,120.237058,混合廁所
1521,1521,D210000016,安定區公所3F女廁,臺南市,安定區,安定里,23.12162,120.237058,女廁所
1522,1522,D210000017,安定區公所3F男廁,臺南市,安定區,安定里,23.12162,120.237058,男廁所
1523,1523,D210000018,安定區公所人事政風棟1F女廁,臺南市,安定區,安定里,23.12162,120.237058,女廁所
1524,1524,D210000019,安定區公所人事政風棟1F男廁,臺南市,安定區,安定里,23.12162,120.237058,男廁所
1525,1525,D210000021,安定區公所人事政風棟2F調解室男廁,臺南市,安定區,安定里,23.12162,120.237058,男廁所
1526,1526,D210000044,安定區納骨堂女廁,臺南市,安定區,港尾里,23.097513,120.22769,女廁所
1527,1527,D210000045,安定區納骨堂男廁,臺南市,安定區,港尾里,23.097513,120.22769,男廁所
1528,1528,D210000046,安定區納骨堂無障礙廁,臺南市,安定區,港尾里,23.097513,120.22769,無障礙廁所
1529,1529,D210000126,安定區游泳池女廁,臺南市,安定區,安加里,23.115826,120.233209,女廁所
1530,1530,D210000127,安定區游泳池男廁,臺南市,安定區,安加里,23.115826,120.233209,男廁所
1531,1531,D210000036,安定區圖書館1F女廁,臺南市,安定區,安加里,23.11472,120.234303,女廁所
1532,1532,D210000035,安定區圖書館1F男廁,臺南市,安定區,安加里,23.11472,120.234303,男廁所
1533,1533,D210000039,安定區圖書館1F親子廁,臺南市,安定區,安加里,23.11472,120.234303,親子廁所
1534,1534,D210000030,安定區衛生所性別友善廁,臺南市,安定區,安定里,23.12165,120.237317,性別友善廁所
1535,1535,D210000031,安定區衛生所無障礙廁,臺南市,安定區,安定里,23.121552,120.237375,無障礙廁所
1536,1536,D210000056,安定崑崙宮混合廁,臺南市,安定區,中沙里,23.070975,120.205608,混合廁所
1537,1537,D210000005,安定福安宮混合廁,臺南市,安定區,港尾里,23.103915,120.233567,混合廁所
1538,1538,D350000067,安南戶政事務所安南辦公處女廁,臺南市,安南區,溪心里,23.047165,120.184791,女廁所
1539,1539,D350000068,安南戶政事務所安南辦公處性別友善廁,臺南市,安南區,溪心里,23.047165,120.184791,性別友善廁所
1540,1540,D350000094,安南地政事務所女廁,臺南市,安南區,淵東里,23.049866,120.17545,女廁所
1541,1541,D350000095,安南地政事務所男廁,臺南市,安南區,淵東里,23.049866,120.17545,男廁所
1542,1542,D350000103,安南地政事務所無障礙廁,臺南市,安南區,淵東里,23.049908,120.175405,無障礙廁所
1543,1543,D350000120,安南區土城圖書館1F女廁,臺南市,安南區,城中里,23.0663,120.126744,女廁所
1544,1544,D350000121,安南區土城圖書館1F男廁,臺南市,安南區,城中里,23.0663,120.126744,男廁所
1545,1545,D350000122,安南區土城圖書館1F兒童混合廁,臺南市,安南區,城中里,23.0663,120.126744,混合廁所
1546,1546,D350000123,安南區土城圖書館1F無障礙廁,臺南市,安南區,城中里,23.0663,120.126744,無障礙廁所
1547,1547,D350000124,安南區土城圖書館2F女廁,臺南市,安南區,城中里,23.0663,120.126744,女廁所
1548,1548,D350000125,安南區土城圖書館2F男廁,臺南市,安南區,城中里,23.0663,120.126744,男廁所
1549,1549,D350000074,安南區公所2F西側女廁,臺南市,安南區,溪心里,23.047205,120.184788,女廁所
1550,1550,D350000075,安南區公所2F西側男廁,臺南市,安南區,溪心里,23.047205,120.184788,男廁所
1551,1551,D350000065,安南區公所2F東側女廁,臺南市,安南區,溪心里,23.047205,120.184788,女廁所
1552,1552,D350000076,安南區公所3F性別友善廁,臺南市,安南區,溪心里,23.047205,120.184788,性別友善廁所
1553,1553,D350000077,安南區公所4F女廁,臺南市,安南區,溪心里,23.047205,120.184788,女廁所
1554,1554,D350000078,安南區公所4F男廁,臺南市,安南區,溪心里,23.047205,120.184788,男廁所
1555,1555,D350000232,安南區安富里活動中心1F女廁,臺南市,安南區,安富里,23.027356,120.196756,女廁所
1556,1556,D350000233,安南區安富里活動中心1F男廁,臺南市,安南區,安富里,23.027356,120.196756,男廁所
1557,1557,D350000234,安南區安富里活動中心2F女廁,臺南市,安南區,安富里,23.027356,120.196756,女廁所
1558,1558,D350000235,安南區安富里活動中心2F男廁,臺南市,安南區,安富里,23.027356,120.196756,男廁所
1559,1559,D350000236,安南區安富里活動中心3F女廁,臺南市,安南區,安富里,23.027356,120.196756,女廁所
1560,1560,D350000237,安南區安富里活動中心3F男廁,臺南市,安南區,安富里,23.027356,120.196756,男廁所
1561,1561,D350000081,安南區圖書館性別友善廁,臺南市,安南區,溪心里,23.047205,120.184788,性別友善廁所
1562,1562,D350000092,安南區衛生所女廁,臺南市,安南區,淵東里,23.050089,120.176064,女廁所
1563,1563,D350000093,安南區衛生所男廁,臺南市,安南區,淵東里,23.050089,120.176064,男廁所
1564,1564,D350000286,安南醫院復健大樓1F女廁,臺南市,安南區,州南里,23.064444,120.223277,女廁所
1565,1565,D350000285,安南醫院復健大樓1F男廁,臺南市,安南區,州南里,23.064444,120.223277,男廁所
1566,1566,D350000287,安南醫院復健大樓1F無障礙廁,臺南市,安南區,州南里,23.064444,120.223277,無障礙廁所
1567,1567,D350000289,安南醫院復健大樓2F行政辦公室女廁,臺南市,安南區,州南里,23.064444,120.223277,女廁所
1568,1568,D350000288,安南醫院復健大樓2F行政辦公室男廁,臺南市,安南區,州南里,23.064444,120.223277,男廁所
1569,1569,D350000271,安南醫院醫療大樓1F西側女廁,臺南市,安南區,州南里,23.064444,120.223277,女廁所
1570,1570,D350000270,安南醫院醫療大樓1F西側男廁,臺南市,安南區,州南里,23.064444,120.223277,男廁所
1571,1571,D350000272,安南醫院醫療大樓1F西側無障礙廁,臺南市,安南區,州南里,23.064444,120.223277,無障礙廁所
1572,1572,D350000269,安南醫院醫療大樓1F東側女廁,臺南市,安南區,州南里,23.064444,120.223277,女廁所
1573,1573,D350000268,安南醫院醫療大樓1F東側男廁,臺南市,安南區,州南里,23.064444,120.223277,男廁所
1574,1574,D350000276,安南醫院醫療大樓2F西側女廁,臺南市,安南區,州南里,23.064444,120.223277,女廁所
1575,1575,D350000275,安南醫院醫療大樓2F西側男廁,臺南市,安南區,州南里,23.064444,120.223277,男廁所
1576,1576,D350000277,安南醫院醫療大樓2F西側無障礙廁,臺南市,安南區,州南里,23.064444,120.223277,無障礙廁所
1577,1577,D350000274,安南醫院醫療大樓2F東側女廁,臺南市,安南區,州南里,23.064444,120.223277,女廁所
1578,1578,D350000273,安南醫院醫療大樓2F東側男廁,臺南市,安南區,州南里,23.064444,120.223277,男廁所
1579,1579,D350000281,安南醫院醫療大樓3F西側女廁,臺南市,安南區,州南里,23.064444,120.223277,女廁所
1580,1580,D350000280,安南醫院醫療大樓3F西側男廁,臺南市,安南區,州南里,23.064444,120.223277,男廁所
1581,1581,D350000282,安南醫院醫療大樓3F西側無障礙廁,臺南市,安南區,州南里,23.064444,120.223277,無障礙廁所
1582,1582,D350000279,安南醫院醫療大樓3F東側女廁,臺南市,安南區,州南里,23.064444,120.223277,女廁所
1583,1583,D350000278,安南醫院醫療大樓3F東側男廁,臺南市,安南區,州南里,23.064444,120.223277,男廁所
1584,1584,D350000284,安南醫院醫療大樓5F家屬休息室旁女廁,臺南市,安南區,州南里,23.064444,120.223277,女廁所
1585,1585,D350000283,安南醫院醫療大樓5F家屬休息室旁男廁,臺南市,安南區,州南里,23.064444,120.223277,男廁所
1586,1586,D310000152,安康里活動中心女廁,臺南市,永康區,安康里,23.015437,120.227985,女廁所
1587,1587,D310000151,安康里活動中心男廁,臺南市,永康區,安康里,23.015437,120.227985,男廁所
1588,1588,D070000159,安業加油站女廁,臺南市,麻豆區,井東里,23.16275,120.246975,女廁所
1589,1589,D070000160,安業加油站男廁,臺南市,麻豆區,井東里,23.16275,120.246975,男廁所
1590,1590,D070000161,安業加油站無障礙廁,臺南市,麻豆區,井東里,23.16275,120.246975,無障礙廁所
1591,1591,D070000146,安業派出所混合廁,臺南市,麻豆區,安業里,23.159332,120.246332,混合廁所
1592,1592,D050000012,安溪派出所混合廁,臺南市,後壁區,長安里,23.33204,120.357879,混合廁所
1593,1593,D360000133,安億公園女廁,臺南市,安平區,平通里,22.995503,120.164274,女廁所
1594,1594,D360000132,安億公園男廁,臺南市,安平區,平通里,22.995503,120.164274,男廁所
1595,1595,D360000134,安億公園無障礙廁,臺南市,安平區,平通里,22.995503,120.164274,無障礙廁所
1596,1596,D350000031,州南社區活動中心混合廁,臺南市,安南區,州南里,23.062212,120.218072,混合廁所
1597,1597,D040000119,旭山里山仔腳活動中心女廁,臺南市,柳營區,旭山里,23.270952,120.385616,女廁所
1598,1598,D040000120,旭山里山仔腳活動中心男廁,臺南市,柳營區,旭山里,23.270952,120.385616,男廁所
1599,1599,D030000082,竹門派出所混合廁,臺南市,白河區,竹門里,23.37629,120.444918,混合廁所
1600,1600,D150000069,竹港社區活動中心混合廁,臺南市,七股區,竹橋里,23.110968,120.171129,混合廁所
1601,1601,D330000343,竹溪水岸園區性別友善廁,臺南市,南區,新生里,22.97766585,120.2120161,性別友善廁所
1602,1602,D330000342,竹溪水岸園區親子廁,臺南市,南區,新生里,22.97766585,120.2120161,親子廁所
1603,1603,D150000070,竹橋里多功能活動中心混合廁,臺南市,七股區,竹橋里,23.103198,120.163584,混合廁所
1604,1604,D150000068,竹橋派出所混合廁,臺南市,七股區,竹橋里,23.101234,120.159847,混合廁所
1605,1605,D370000492,西和里活動中心1F女廁,臺南市,中西區,西和里,22.999421,120.187581,女廁所
1606,1606,D370000493,西和里活動中心1F男廁,臺南市,中西區,西和里,22.999421,120.187581,男廁所
1607,1607,D370000494,西和里活動中心1F無障礙廁,臺南市,中西區,西和里,22.999421,120.187581,無障礙廁所
1608,1608,D370000495,西和里活動中心2F女廁,臺南市,中西區,西和里,22.999421,120.187581,女廁所
1609,1609,D370000496,西和里活動中心2F男廁,臺南市,中西區,西和里,22.999421,120.187581,男廁所
1610,1610,D370000497,西和里活動中心3F女廁,臺南市,中西區,西和里,22.999421,120.187581,女廁所
1611,1611,D370000498,西和里活動中心3F男廁,臺南市,中西區,西和里,22.999421,120.187581,男廁所
1612,1612,D100000008,西拉雅風景區管理處官田遊客中心北側女廁,臺南市,官田區,官田里,23.188777,120.335432,女廁所
1613,1613,D100000007,西拉雅風景區管理處官田遊客中心北側男廁,臺南市,官田區,官田里,23.188777,120.335432,男廁所
1614,1614,D100000005,西拉雅風景區管理處官田遊客中心南側販賣部旁女廁,臺南市,官田區,官田里,23.188777,120.335432,女廁所
1615,1615,D100000004,西拉雅風景區管理處官田遊客中心南側販賣部旁男廁,臺南市,官田區,官田里,23.188777,120.335432,男廁所
1616,1616,D100000006,西拉雅風景區管理處官田遊客中心南側販賣部旁無障礙廁,臺南市,官田區,官田里,23.188777,120.335432,無障礙廁所
1617,1617,D100000015,西拉雅風景區管理處處本部行政中心1F北側秘書室旁女廁,臺南市,官田區,官田里,23.188777,120.335432,女廁所
1618,1618,D100000014,西拉雅風景區管理處處本部行政中心1F北側秘書室旁男廁,臺南市,官田區,官田里,23.188777,120.335432,男廁所
1619,1619,D100000017,西拉雅風景區管理處處本部行政中心1F南側女廁,臺南市,官田區,官田里,23.188777,120.335432,女廁所
1620,1620,D100000016,西拉雅風景區管理處處本部行政中心1F南側男廁,臺南市,官田區,官田里,23.188777,120.335432,男廁所
1621,1621,D100000018,西拉雅風景區管理處處本部行政中心1F南側無障礙廁,臺南市,官田區,官田里,23.188777,120.335432,無障礙廁所
1622,1622,D030000055,西拉雅國家風景區管理處本部女廁,臺南市,白河區,仙草里,23.354744,120.471472,女廁所
1623,1623,D030000054,西拉雅國家風景區管理處本部男廁,臺南市,白河區,仙草里,23.354744,120.471472,男廁所
1624,1624,D110000034,西拉雅親子公園西側女廁,臺南市,大內區,頭社里,23.143071,120.369867,女廁所
1625,1625,D110000033,西拉雅親子公園西側男廁,臺南市,大內區,頭社里,23.143071,120.369867,男廁所
1626,1626,D110000035,西拉雅親子公園西側親子廁,臺南市,大內區,頭社里,23.143071,120.369867,親子廁所
1627,1627,D110000032,西拉雅親子公園東側女廁,臺南市,大內區,頭社里,23.142047,120.370751,女廁所
1628,1628,D110000031,西拉雅親子公園東側男廁,臺南市,大內區,頭社里,23.142047,120.370751,男廁所
1629,1629,D110000036,西拉雅親子公園東側無障礙廁,臺南市,大內區,頭社里,23.142047,120.370751,無障礙廁所
1630,1630,D370000955,西門市場女廁,臺南市,中西區,淺草里,22.993829,120.198665,女廁所
1631,1631,D370000956,西門市場男廁,臺南市,中西區,淺草里,22.993829,120.198665,男廁所
1632,1632,D370000957,西門市場無障礙廁,臺南市,中西區,淺草里,22.993829,120.198665,無障礙廁所
1633,1633,D370000539,西門淺草公有零售市場女廁,臺南市,中西區,淺草里,22.993764,120.197703,女廁所
1634,1634,D370000540,西門淺草公有零售市場男廁,臺南市,中西區,淺草里,22.993764,120.197703,男廁所
1635,1635,D370000541,西門淺草公有零售市場無障礙廁,臺南市,中西區,淺草里,22.993764,120.197703,無障礙廁所
1636,1636,D140000036,西港公有零售市場女廁,臺南市,西港區,慶安里,23.120068,120.202103,女廁所
1637,1637,D140000035,西港公有零售市場男廁,臺南市,西港區,慶安里,23.120068,120.202103,男廁所
1638,1638,D140000037,西港公有零售市場無障礙廁,臺南市,西港區,慶安里,23.12028,120.202333,無障礙廁所
1639,1639,D140000042,西港分駐所混合廁,臺南市,西港區,慶安里,23.122568,120.202906,混合廁所
1640,1640,D140000001,西港社區關懷中心混合廁,臺南市,西港區,西港里,23.118598,120.204669,混合廁所
1641,1641,D140000052,西港保安宮女廁,臺南市,西港區,西港里,23.124074,120.208232,女廁所
1642,1642,D140000019,西港保安宮男廁,臺南市,西港區,西港里,23.124074,120.208232,男廁所
1643,1643,D140000025,西港後營公有零售市場混合廁,臺南市,西港區,營西里,23.140488,120.216547,混合廁所
1644,1644,D140000009,西港消防分隊混合廁,臺南市,西港區,西港里,23.125533,120.202973,混合廁所
1645,1645,D140000046,西港消防分隊無障礙廁,臺南市,西港區,西港里,23.125533,120.202973,無障礙廁所
1646,1646,D140000007,西港區公所1F女廁,臺南市,西港區,西港里,23.12311,120.203431,女廁所
1647,1647,D140000006,西港區公所1F男廁,臺南市,西港區,西港里,23.12311,120.203431,男廁所
1648,1648,D140000012,西港區公所1F無障礙廁,臺南市,西港區,西港里,23.12311,120.203431,無障礙廁所
1649,1649,D140000005,西港區公所2F女廁,臺南市,西港區,西港里,23.12311,120.203431,女廁所
1650,1650,D140000004,西港區公所2F男廁,臺南市,西港區,西港里,23.12311,120.203431,男廁所
1651,1651,D140000044,西港區公所3F女廁,臺南市,西港區,西港里,23.12311,120.203431,女廁所
1652,1652,D140000043,西港區公所3F男廁,臺南市,西港區,西港里,23.12311,120.203431,男廁所
1653,1653,D140000048,西港區圖書館1F女廁,臺南市,西港區,西港里,23.1234,120.203404,女廁所
1654,1654,D140000049,西港區圖書館1F男廁,臺南市,西港區,西港里,23.1234,120.203404,男廁所
1655,1655,D140000013,西港區圖書館1F無障礙廁,臺南市,西港區,西港里,23.1234,120.203404,無障礙廁所
1656,1656,D140000014,西港區圖書館1F親子廁,臺南市,西港區,西港里,23.1234,120.203404,親子廁所
1657,1657,D140000015,西港區圖書館2F女廁,臺南市,西港區,西港里,23.1234,120.203404,女廁所
1658,1658,D140000016,西港區圖書館2F男廁,臺南市,西港區,西港里,23.1234,120.203404,男廁所
1659,1659,D140000017,西港區圖書館3F女廁,臺南市,西港區,西港里,23.1234,120.203404,女廁所
1660,1660,D140000018,西港區圖書館3F男廁,臺南市,西港區,西港里,23.1234,120.203404,男廁所
1661,1661,D140000047,西港區衛生所女廁,臺南市,西港區,西港里,23.123296,120.203287,女廁所
1662,1662,D140000039,西港區衛生所男廁,臺南市,西港區,西港里,23.123296,120.203287,男廁所
1663,1663,D140000038,西港區衛生所無障礙廁,臺南市,西港區,西港里,23.123296,120.203287,無障礙廁所
1664,1664,D140000021,西港慶安宮女廁,臺南市,西港區,慶安里,23.122091,120.202,女廁所
1665,1665,D140000020,西港慶安宮男廁,臺南市,西港區,慶安里,23.122091,120.202,男廁所
1666,1666,D310000725,西灣里滯洪池公園性別友善廁,臺南市,永康區,西灣里,23.01411907,120.2632248,性別友善廁所
1667,1667,D310000724,西灣里滯洪池公園無障礙廁,臺南市,永康區,西灣里,23.01411907,120.2632248,無障礙廁所
1668,1668,D030000104,佑昇醫院男廁,臺南市,白河區,永安里,23.346237,120.411162,男廁所
1669,1669,D030000105,佑昇醫院無障礙廁,臺南市,白河區,永安里,23.346237,120.411162,無障礙廁所
1670,1670,D040000003,佛山觀音巖停車場女廁,臺南市,柳營區,旭山里,23.250485,120.385424,女廁所
1671,1671,D040000002,佛山觀音巖停車場男廁,臺南市,柳營區,旭山里,23.250485,120.385424,男廁所
1672,1672,D040000125,佛山觀音巖廚房混合廁,臺南市,柳營區,旭山里,23.250485,120.385424,混合廁所
1673,1673,D040000124,佛山觀音巖餐廳女廁,臺南市,柳營區,旭山里,23.250485,120.385424,女廁所
1674,1674,D040000001,佛山觀音巖餐廳男廁,臺南市,柳營區,旭山里,23.250485,120.385424,男廁所
1675,1675,D370000160,吳園藝文中心公會所旁女廁,臺南市,中西區,赤嵌里,22.994286,120.206025,女廁所
1676,1676,D370000161,吳園藝文中心公會所旁男廁,臺南市,中西區,赤嵌里,22.994286,120.206025,男廁所
1677,1677,D370000162,吳園藝文中心柳屋女廁,臺南市,中西區,赤嵌里,22.994286,120.206025,女廁所
1678,1678,D370000163,吳園藝文中心柳屋男廁,臺南市,中西區,赤嵌里,22.994286,120.206025,男廁所
1679,1679,D370000164,吳園藝文中心柳屋無障礙廁,臺南市,中西區,赤嵌里,22.994286,120.206025,無障礙廁所
1680,1680,D190000019,坐駕社區活動中心混合廁,臺南市,善化區,坐駕里,23.13069,120.305238,混合廁所
1681,1681,D190000162,宏科醫院1F女廁,臺南市,善化區,南關里,23.12768,120.287031,女廁所
1682,1682,D190000161,宏科醫院1F男廁,臺南市,善化區,南關里,23.12768,120.287031,男廁所
1683,1683,D190000164,宏科醫院2F女廁,臺南市,善化區,南關里,23.12768,120.287031,女廁所
1684,1684,D190000163,宏科醫院2F男廁,臺南市,善化區,南關里,23.12768,120.287031,男廁所
1685,1685,D190000170,宏科醫院B1混合廁,臺南市,善化區,南關里,23.12768,120.287031,混合廁所
1686,1686,D130000032,巡安宮混合廁,臺南市,學甲區,光華里,23.244792,120.167956,混合廁所
1687,1687,D340000281,志誠醫院1F門診混合廁,臺南市,北區,長興里,23.003558,120.21008,混合廁所
1688,1688,D030000086,汴頭里辦公處旁混合廁,臺南市,白河區,汴頭里,23.367324,120.451403,混合廁所
1689,1689,D370000568,沙卡里巴市場女廁,臺南市,中西區,府前里,22.992433,120.196549,女廁所
1690,1690,D370000569,沙卡里巴市場男廁,臺南市,中西區,府前里,22.992433,120.196549,男廁所
1691,1691,D280000209,沙崙火車站女廁,臺南市,歸仁區,武東里,22.924073,120.286269,女廁所
1692,1692,D280000208,沙崙火車站男廁,臺南市,歸仁區,武東里,22.92492747,120.2882594,男廁所
1693,1693,D280000210,沙崙火車站無障礙廁,臺南市,歸仁區,武東里,22.924073,120.286269,無障礙廁所
1694,1694,D280000415,沙崙火車站親子廁,臺南市,歸仁區,武東里,22.92395,120.286302,親子廁所
1695,1695,D360000033,沙灘忠誠社區聯合活動中心女廁,臺南市,安平區,金城里,22.997015,120.148547,女廁所
1696,1696,D360000272,沙灘忠誠社區聯合活動中心男廁,臺南市,安平區,金城里,22.997015,120.148547,男廁所
1697,1697,D360000314,育平里活動中心混合廁,臺南市,安平區,育平里,22.987217,120.167454,混合廁所
1698,1698,D090000025,赤山龍湖巖西側女廁,臺南市,六甲區,七甲里,23.216675,120.361171,女廁所
1699,1699,D090000026,赤山龍湖巖西側男廁,臺南市,六甲區,七甲里,23.216675,120.361171,男廁所
1700,1700,D090000027,赤山龍湖巖東側女廁,臺南市,六甲區,七甲里,23.216675,120.361171,女廁所
1701,1701,D090000028,赤山龍湖巖東側男廁,臺南市,六甲區,七甲里,23.216675,120.361171,男廁所
1702,1702,D370000151,赤嵌樓女廁,臺南市,中西區,赤嵌里,22.997113,120.20258,女廁所
1703,1703,D370000152,赤嵌樓男廁,臺南市,中西區,赤嵌里,22.997113,120.20258,男廁所
1704,1704,D370000153,赤嵌樓無障礙廁,臺南市,中西區,赤嵌里,22.997113,120.20258,無障礙廁所
1705,1705,D230000102,走馬瀨加油站女廁,臺南市,玉井區,豐里里,23.138379,120.434972,女廁所
1706,1706,D230000101,走馬瀨加油站男廁,臺南市,玉井區,豐里里,23.138379,120.434972,男廁所
1707,1707,D110000088,走馬瀨農場大武壠吊橋19女廁,臺南市,大內區,二溪里,23.13541,120.429338,女廁所
1708,1708,D110000087,走馬瀨農場大武壠吊橋19男廁,臺南市,大內區,二溪里,23.13541,120.429338,男廁所
1709,1709,D110000086,走馬瀨農場田園藝廊伴手館17女廁,臺南市,大內區,二溪里,23.135507,120.429389,女廁所
1710,1710,D110000085,走馬瀨農場田園藝廊伴手館17男廁,臺南市,大內區,二溪里,23.135507,120.429389,男廁所
1711,1711,D110000096,走馬瀨農場住宿區停車場34女廁,臺南市,大內區,二溪里,23.135284,120.425315,女廁所
1712,1712,D110000095,走馬瀨農場住宿區停車場34男廁,臺南市,大內區,二溪里,23.135284,120.425315,男廁所
1713,1713,D110000094,走馬瀨農場草原餐廳32女廁,臺南市,大內區,二溪里,23.136156,120.425933,女廁所
1714,1714,D110000093,走馬瀨農場草原餐廳32男廁,臺南市,大內區,二溪里,23.136156,120.425933,男廁所
1715,1715,D110000078,走馬瀨農場停車場02女廁,臺南市,大內區,二溪里,23.135786,120.430422,女廁所
1716,1716,D110000077,走馬瀨農場停車場02男廁,臺南市,大內區,二溪里,23.135786,120.430422,男廁所
1717,1717,D110000080,走馬瀨農場第二烤肉區03女廁,臺南市,大內區,二溪里,23.134279,120.433233,女廁所
1718,1718,D110000079,走馬瀨農場第二烤肉區03男廁,臺南市,大內區,二溪里,23.134279,120.433233,男廁所
1719,1719,D110000082,走馬瀨農場第六會議室11女廁,臺南市,大內區,二溪里,23.133876,120.431278,女廁所
1720,1720,D110000081,走馬瀨農場第六會議室11男廁,臺南市,大內區,二溪里,23.133876,120.431278,男廁所
1721,1721,D110000098,走馬瀨農場農民聯誼中心35女廁,臺南市,大內區,二溪里,23.135339,120.425166,女廁所
1722,1722,D110000097,走馬瀨農場農民聯誼中心35男廁,臺南市,大內區,二溪里,23.135339,120.425166,男廁所
1723,1723,D110000090,走馬瀨農場農業推廣中心30女廁,臺南市,大內區,二溪里,23.136605,120.42619,女廁所
1724,1724,D110000089,走馬瀨農場農業推廣中心30男廁,臺南市,大內區,二溪里,23.136605,120.42619,男廁所
1725,1725,D110000092,走馬瀨農場遊客服務中心31女廁,臺南市,大內區,二溪里,23.136569,120.426377,女廁所
1726,1726,D110000091,走馬瀨農場遊客服務中心31男廁,臺南市,大內區,二溪里,23.136569,120.426377,男廁所
1727,1727,D110000100,走馬瀨農場蘭花會館39女廁,臺南市,大內區,二溪里,23.136376,120.425658,女廁所
1728,1728,D110000099,走馬瀨農場蘭花會館39男廁,臺南市,大內區,二溪里,23.136376,120.425658,男廁所
1729,1729,D110000101,走馬瀨農場蘭花會館39無障礙廁,臺南市,大內區,二溪里,23.136376,120.425658,無障礙廁所
1730,1730,D110000105,走馬瀨農場露營區停車場42女廁,臺南市,大內區,二溪里,23.138378,120.424982,女廁所
1731,1731,D110000104,走馬瀨農場露營區停車場42男廁,臺南市,大內區,二溪里,23.138378,120.424982,男廁所
1732,1732,D110000103,走馬瀨農場露營管理中心41女廁,臺南市,大內區,二溪里,23.137521,120.427366,女廁所
1733,1733,D110000102,走馬瀨農場露營管理中心41男廁,臺南市,大內區,二溪里,23.137521,120.427366,男廁所
1734,1734,D180000092,那拔林加油站女廁,臺南市,新化區,那拔里,23.064159,120.33687,女廁所
1735,1735,D180000090,那拔林加油站男廁,臺南市,新化區,那拔里,23.064159,120.33687,男廁所
1736,1736,D180000096,那拔派出所混合廁,臺南市,新化區,那拔里,23.068184,120.351088,混合廁所
1737,1737,D120000001,佳池宮混合廁,臺南市,佳里區,忠仁里,23.157657,120.181563,混合廁所
1738,1738,D120000035,佳里公園女廁,臺南市,佳里區,六安里,23.16846,120.178302,女廁所
1739,1739,D120000034,佳里公園男廁,臺南市,佳里區,六安里,23.16846,120.178302,男廁所
1740,1740,D120000036,佳里公園親子廁,臺南市,佳里區,六安里,23.16846,120.178302,親子廁所
1741,1741,D120000048,佳里分局1F混合廁,臺南市,佳里區,六安里,23.165185,120.176526,混合廁所
1742,1742,D120000049,佳里分局2F混合廁,臺南市,佳里區,六安里,23.165185,120.176526,混合廁所
1743,1743,D120000050,佳里分局3F混合廁,臺南市,佳里區,六安里,23.165185,120.176526,混合廁所
1744,1744,D120000051,佳里分局4F混合廁,臺南市,佳里區,六安里,23.165185,120.176526,混合廁所
1745,1745,D120000053,佳里分隊混合廁,臺南市,佳里區,六安里,23.171038,120.175364,混合廁所
1746,1746,D150000051,佳里戶政事務所七股辦公處混合廁,臺南市,七股區,大埕里,23.140674,120.139553,混合廁所
1747,1747,D140000040,佳里戶政事務所西港辦公處混合廁,臺南市,西港區,慶安里,23.122703,120.202882,混合廁所
1748,1748,D120000062,佳里戶政事務所佳里辦公處女廁,臺南市,佳里區,六安里,23.165338,120.176254,女廁所
1749,1749,D120000063,佳里戶政事務所佳里辦公處男廁,臺南市,佳里區,六安里,23.165338,120.176254,男廁所
1750,1750,D120000064,佳里戶政事務所佳里辦公處無障礙廁,臺南市,佳里區,六安里,23.165338,120.176254,無障礙廁所
1751,1751,D120000181,佳里忠孝東路加油站女廁,臺南市,佳里區,六安里,23.164031,120.181223,女廁所
1752,1752,D120000182,佳里忠孝東路加油站男廁,臺南市,佳里區,六安里,23.164031,120.181223,男廁所
1753,1753,D120000183,佳里忠孝東路加油站無障礙廁,臺南市,佳里區,六安里,23.164031,120.181223,無障礙廁所
1754,1754,D120000052,佳里派出所混合廁,臺南市,佳里區,六安里,23.165211,120.176646,混合廁所
1755,1755,D120000007,佳里區中山公有市場女廁,臺南市,佳里區,東寧里,23.161067,120.177328,女廁所
1756,1756,D120000006,佳里區中山公有市場男廁,臺南市,佳里區,東寧里,23.161067,120.177328,男廁所
1757,1757,D120000041,佳里區公所1F女廁,臺南市,佳里區,六安里,23.165189,120.177161,女廁所
1758,1758,D120000040,佳里區公所1F男廁,臺南市,佳里區,六安里,23.165189,120.177161,男廁所
1759,1759,D120000055,佳里區公所1F無障礙廁,臺南市,佳里區,六安里,23.165189,120.177161,無障礙廁所
1760,1760,D120000056,佳里區公所2F性別友善廁,臺南市,佳里區,六安里,23.165189,120.177161,性別友善廁所
1761,1761,D120000045,佳里區公所3F女廁,臺南市,佳里區,六安里,23.165189,120.177161,女廁所
1762,1762,D120000044,佳里區公所3F男廁,臺南市,佳里區,六安里,23.165189,120.177161,男廁所
1763,1763,D120000057,佳里區公所3F性別友善廁,臺南市,佳里區,六安里,23.165189,120.177161,性別友善廁所
1764,1764,D120000047,佳里區公所4F女廁,臺南市,佳里區,六安里,23.165189,120.177161,女廁所
1765,1765,D120000046,佳里區公所4F男廁,臺南市,佳里區,六安里,23.165189,120.177161,男廁所
1766,1766,D120000058,佳里區公所4F性別友善廁,臺南市,佳里區,六安里,23.165189,120.177161,性別友善廁所
1767,1767,D120000025,佳里區光復公有市場女廁,臺南市,佳里區,東寧里,23.162396,120.175104,女廁所
1768,1768,D120000024,佳里區光復公有市場男廁,臺南市,佳里區,東寧里,23.162396,120.175104,男廁所
1769,1769,D120000026,佳里區光復公有市場無障礙廁,臺南市,佳里區,東寧里,23.162396,120.175104,無障礙廁所
1770,1770,D120000113,佳里區佳興公有市場女廁,臺南市,佳里區,佳興里,23.190241,120.1886,女廁所
1771,1771,D120000114,佳里區佳興公有市場男廁,臺南市,佳里區,佳興里,23.190241,120.1886,男廁所
1772,1772,D120000067,佳里區圖書館1F女廁,臺南市,佳里區,六安里,23.168833,120.177374,女廁所
1773,1773,D120000065,佳里區圖書館1F男廁,臺南市,佳里區,六安里,23.168833,120.177374,男廁所
1774,1774,D120000069,佳里區圖書館1F親子廁,臺南市,佳里區,六安里,23.168833,120.177374,親子廁所
1775,1775,D120000068,佳里區圖書館2F女廁,臺南市,佳里區,六安里,23.168757,120.177347,女廁所
1776,1776,D120000066,佳里區圖書館2F男廁,臺南市,佳里區,六安里,23.168757,120.177347,男廁所
1777,1777,D120000054,佳里區衛生所2F混合廁,臺南市,佳里區,東寧里,23.163813,120.177784,混合廁所
1778,1778,D120000039,佳里區衛生所女廁,臺南市,佳里區,東寧里,23.163813,120.177784,女廁所
1779,1779,D120000038,佳里區衛生所男廁,臺南市,佳里區,東寧里,23.163813,120.177784,男廁所
1780,1780,D120000023,佳里運動公園女廁,臺南市,佳里區,六安里,23.170331,120.173976,女廁所
1781,1781,D120000022,佳里運動公園男廁,臺南市,佳里區,六安里,23.170331,120.173976,男廁所
1782,1782,D120000124,佳里鎮安宮女廁,臺南市,佳里區,下營里,23.169832,120.150011,女廁所
1783,1783,D120000125,佳里鎮安宮男廁,臺南市,佳里區,下營里,23.169832,120.150011,男廁所
1784,1784,D050000131,佳昌加油站女廁,臺南市,後壁區,頂安里,23.338365,120.352428,女廁所
1785,1785,D050000130,佳昌加油站男廁,臺南市,後壁區,頂安里,23.338365,120.352428,男廁所
1786,1786,D120000018,佳農加油站女廁,臺南市,佳里區,南勢里,23.157566,120.166581,女廁所
1787,1787,D120000017,佳農加油站男廁,臺南市,佳里區,南勢里,23.157566,120.166581,男廁所
1788,1788,D130000052,佳億加油站混合廁,臺南市,學甲區,平和里,23.26062735,120.2123702,混合廁所
1789,1789,D120000111,佳興加油站女廁,臺南市,佳里區,佳興里,23.185405,120.185468,女廁所
1790,1790,D120000112,佳興加油站男廁,臺南市,佳里區,佳興里,23.185405,120.185468,男廁所
1791,1791,D120000117,佳興派出所混合廁,臺南市,佳里區,佳興里,23.190169,120.18816,混合廁所
1792,1792,D320000210,和平運動公園女廁,臺南市,東區,和平里,22.977088,120.232617,女廁所
1793,1793,D320000211,和平運動公園男廁,臺南市,東區,和平里,22.977088,120.232617,男廁所
1794,1794,D010000193,和欣客運新營站女廁,臺南市,新營區,南紙里,23.304902,120.29331,女廁所
1795,1795,D010000192,和欣客運新營站男廁,臺南市,新營區,南紙里,23.304902,120.29331,男廁所
1796,1796,D350000454,和順工業區服務中心2F混合廁,臺南市,安南區,新順里,23.046185,120.219572,混合廁所
1797,1797,D350000164,和順市場女廁,臺南市,安南區,鳳凰里,23.042816,120.196306,女廁所
1798,1798,D350000165,和順市場男廁,臺南市,安南區,鳳凰里,23.042816,120.196306,男廁所
1799,1799,D350000489,和順轉運站1F女廁,臺南市,安南區,東和里,23.058009,120.23256,女廁所
1800,1800,D350000488,和順轉運站1F男廁,臺南市,安南區,東和里,23.058009,120.23256,男廁所
1801,1801,D350000490,和順轉運站1F無障礙廁,臺南市,安南區,東和里,23.058009,120.23256,無障礙廁所
1802,1802,D350000491,和順轉運站1F親子廁,臺南市,安南區,東和里,23.058009,120.23256,親子廁所
1803,1803,D350000493,和順轉運站2F女廁,臺南市,安南區,東和里,23.058009,120.23256,女廁所
1804,1804,D350000492,和順轉運站2F男廁,臺南市,安南區,東和里,23.058009,120.23256,男廁所
1805,1805,D270000141,奇美博物館展示區1F北側女廁,臺南市,仁德區,成功里,22.934451,120.226209,女廁所
1806,1806,D270000140,奇美博物館展示區1F北側男廁,臺南市,仁德區,成功里,22.934451,120.226209,男廁所
1807,1807,D270000146,奇美博物館展示區1F東側女廁,臺南市,仁德區,成功里,22.934451,120.226209,女廁所
1808,1808,D270000145,奇美博物館展示區1F東側男廁,臺南市,仁德區,成功里,22.934451,120.226209,男廁所
1809,1809,D270000147,奇美博物館展示區1F東側無障礙廁,臺南市,仁德區,成功里,22.934451,120.226209,無障礙廁所
1810,1810,D270000143,奇美博物館展示區1F南側女廁,臺南市,仁德區,成功里,22.934451,120.226209,女廁所
1811,1811,D270000142,奇美博物館展示區1F南側男廁,臺南市,仁德區,成功里,22.934451,120.226209,男廁所
1812,1812,D270000144,奇美博物館展示區1F南側無障礙廁,臺南市,仁德區,成功里,22.934451,120.226209,無障礙廁所
1813,1813,D270000150,奇美博物館展示區3F北側女廁,臺南市,仁德區,成功里,22.934451,120.226209,女廁所
1814,1814,D270000148,奇美博物館展示區3F北側男廁,臺南市,仁德區,成功里,22.934451,120.226209,男廁所
1815,1815,D270000151,奇美博物館展示區3F北側兒童女廁,臺南市,仁德區,成功里,22.934451,120.226209,女廁所
1816,1816,D270000149,奇美博物館展示區3F北側兒童男廁,臺南市,仁德區,成功里,22.934451,120.226209,男廁所
1817,1817,D270000152,奇美博物館展示區3F北側親子廁,臺南市,仁德區,成功里,22.934451,120.226209,親子廁所
1818,1818,D270000157,奇美博物館展示區3F東側女廁,臺南市,仁德區,成功里,22.934451,120.226209,女廁所
1819,1819,D270000156,奇美博物館展示區3F東側男廁,臺南市,仁德區,成功里,22.934451,120.226209,男廁所
1820,1820,D270000158,奇美博物館展示區3F東側無障礙廁,臺南市,仁德區,成功里,22.934451,120.226209,無障礙廁所
1821,1821,D270000154,奇美博物館展示區3F南側女廁,臺南市,仁德區,成功里,22.934451,120.226209,女廁所
1822,1822,D270000153,奇美博物館展示區3F南側男廁,臺南市,仁德區,成功里,22.934451,120.226209,男廁所
1823,1823,D270000155,奇美博物館展示區3F南側無障礙廁,臺南市,仁德區,成功里,22.934451,120.226209,無障礙廁所
1824,1824,D310000345,奇美醫院第一醫療大樓1F大廳女廁,臺南市,永康區,甲頂里,23.020617,120.222172,女廁所
1825,1825,D310000344,奇美醫院第一醫療大樓1F大廳男廁,臺南市,永康區,甲頂里,23.020617,120.222172,男廁所
1826,1826,D310000346,奇美醫院第一醫療大樓1F大廳無障礙廁,臺南市,永康區,甲頂里,23.020617,120.222172,無障礙廁所
1827,1827,D310000338,奇美醫院第一醫療大樓2FA區女廁,臺南市,永康區,甲頂里,23.020617,120.222172,女廁所
1828,1828,D310000337,奇美醫院第一醫療大樓2FA區男廁,臺南市,永康區,甲頂里,23.020617,120.222172,男廁所
1829,1829,D310000339,奇美醫院第一醫療大樓2FA區無障礙廁,臺南市,永康區,甲頂里,23.020617,120.222172,無障礙廁所
1830,1830,D310000343,奇美醫院第一醫療大樓2F神經內科女廁,臺南市,永康區,甲頂里,23.020617,120.222172,女廁所
1831,1831,D310000342,奇美醫院第一醫療大樓2F神經內科親子廁,臺南市,永康區,甲頂里,23.020617,120.222172,親子廁所
1832,1832,D310000341,奇美醫院第一醫療大樓2F健康哈伯站旁女廁,臺南市,永康區,甲頂里,23.020617,120.222172,女廁所
1833,1833,D310000340,奇美醫院第一醫療大樓2F健康哈伯站旁男廁,臺南市,永康區,甲頂里,23.020617,120.222172,男廁所
1834,1834,D310000348,奇美醫院第一醫療大樓B1核醫科女廁,臺南市,永康區,甲頂里,23.020617,120.222172,女廁所
1835,1835,D310000347,奇美醫院第一醫療大樓B1核醫科男廁,臺南市,永康區,甲頂里,23.020617,120.222172,男廁所
1836,1836,D310000350,奇美醫院第一醫療大樓B1藥庫通道前女廁,臺南市,永康區,甲頂里,23.020617,120.222172,女廁所
1837,1837,D310000349,奇美醫院第一醫療大樓B1藥庫通道前男廁,臺南市,永康區,甲頂里,23.020617,120.222172,男廁所
1838,1838,D310000352,奇美醫院第一醫療大樓B2放腫科女廁,臺南市,永康區,甲頂里,23.020617,120.222172,女廁所
1839,1839,D310000351,奇美醫院第一醫療大樓B2放腫科男廁,臺南市,永康區,甲頂里,23.020617,120.222172,男廁所
1840,1840,D310000353,奇美醫院第一醫療大樓B2側梯旁混合廁,臺南市,永康區,甲頂里,23.020617,120.222172,混合廁所
1841,1841,D310000362,奇美醫院第二醫療大樓11F健康檢查中心女廁,臺南市,永康區,甲頂里,23.020194,120.221708,女廁所
1842,1842,D310000361,奇美醫院第二醫療大樓11F健康檢查中心男廁,臺南市,永康區,甲頂里,23.020194,120.221708,男廁所
1843,1843,D310000363,奇美醫院第二醫療大樓11F健康檢查中心無障礙廁,臺南市,永康區,甲頂里,23.020194,120.221708,無障礙廁所
1844,1844,D310000357,奇美醫院第二醫療大樓11F睡眠中心女廁,臺南市,永康區,甲頂里,23.020194,120.221708,女廁所
1845,1845,D310000356,奇美醫院第二醫療大樓11F睡眠中心男廁,臺南市,永康區,甲頂里,23.020194,120.221708,男廁所
1846,1846,D310000360,奇美醫院第二醫療大樓11F醫學美容中心女廁,臺南市,永康區,甲頂里,23.020194,120.221708,女廁所
1847,1847,D310000359,奇美醫院第二醫療大樓11F醫學美容中心男廁,臺南市,永康區,甲頂里,23.020194,120.221708,男廁所
1848,1848,D310000379,奇美醫院第二醫療大樓1F右邊無障礙廁,臺南市,永康區,甲頂里,23.020194,120.221708,無障礙廁所
1849,1849,D310000373,奇美醫院第二醫療大樓1F急診女廁,臺南市,永康區,甲頂里,23.020194,120.221708,女廁所
1850,1850,D310000372,奇美醫院第二醫療大樓1F急診男廁,臺南市,永康區,甲頂里,23.02069363,120.2286136,男廁所
1851,1851,D310000369,奇美醫院第二醫療大樓2F檢查室女廁,臺南市,永康區,甲頂里,23.020194,120.221708,女廁所
1852,1852,D310000368,奇美醫院第二醫療大樓2F檢查室男廁,臺南市,永康區,甲頂里,23.020194,120.221708,男廁所
1853,1853,D310000371,奇美醫院第二醫療大樓2F臨床病理科女廁,臺南市,永康區,甲頂里,23.020194,120.221708,女廁所
1854,1854,D310000370,奇美醫院第二醫療大樓2F臨床病理科男廁,臺南市,永康區,甲頂里,23.020194,120.221708,男廁所
1855,1855,D310000367,奇美醫院第二醫療大樓3FAB通道女廁,臺南市,永康區,甲頂里,23.020194,120.221708,女廁所
1856,1856,D310000366,奇美醫院第二醫療大樓3FAB通道男廁,臺南市,永康區,甲頂里,23.020194,120.221708,男廁所
1857,1857,D310000365,奇美醫院第二醫療大樓4F空橋女廁,臺南市,永康區,甲頂里,23.020194,120.221708,女廁所
1858,1858,D310000364,奇美醫院第二醫療大樓4F空橋男廁,臺南市,永康區,甲頂里,23.020194,120.221708,男廁所
1859,1859,D310000377,奇美醫院第二醫療大樓B1工務室女廁,臺南市,永康區,甲頂里,23.020194,120.221708,女廁所
1860,1860,D310000376,奇美醫院第二醫療大樓B1工務室男廁,臺南市,永康區,甲頂里,23.020194,120.221708,男廁所
1861,1861,D310000383,奇美醫院第三醫療大樓1F女廁,臺南市,永康區,甲頂里,23.020693,120.220794,女廁所
1862,1862,D310000380,奇美醫院第三醫療大樓1F左邊無障礙廁,臺南市,永康區,甲頂里,23.020693,120.220794,無障礙廁所
1863,1863,D310000382,奇美醫院第三醫療大樓1F男廁,臺南市,永康區,甲頂里,23.020693,120.220794,男廁所
1864,1864,D310000378,奇美醫院第三醫療大樓2F中醫門診女廁,臺南市,永康區,甲頂里,23.020693,120.220794,女廁所
1865,1865,D310000381,奇美醫院第三醫療大樓2F中醫門診男廁,臺南市,永康區,甲頂里,23.020693,120.220794,男廁所
1866,1866,D330000286,奇美醫院樹林院區1F女廁,臺南市,南區,新昌里,22.986491,120.19622,女廁所
1867,1867,D330000285,奇美醫院樹林院區1F男廁,臺南市,南區,新昌里,22.986491,120.19622,男廁所
1868,1868,D330000295,奇美醫院樹林院區1F員工混合廁,臺南市,南區,新昌里,22.986491,120.19622,混合廁所
1869,1869,D330000287,奇美醫院樹林院區1F無障礙廁,臺南市,南區,新昌里,22.986491,120.19622,無障礙廁所
1870,1870,D330000289,奇美醫院樹林院區2F女廁,臺南市,南區,新昌里,22.986491,120.19622,女廁所
1871,1871,D330000288,奇美醫院樹林院區2F男廁,臺南市,南區,新昌里,22.986491,120.19622,男廁所
1872,1872,D330000290,奇美醫院樹林院區2F無障礙廁,臺南市,南區,新昌里,22.986491,120.19622,無障礙廁所
1873,1873,D100000085,官田分隊混合廁,臺南市,官田區,二鎮里,23.209255,120.322521,混合廁所
1874,1874,D100000063,官田分駐所混合廁,臺南市,官田區,隆田里,23.192778,120.313507,混合廁所
1875,1875,D090000034,官田戶政事務所六甲辦公處混合廁,臺南市,六甲區,水林里,23.232023,120.346838,混合廁所
1876,1876,D100000058,官田戶政事務所官田辦公處混合廁,臺南市,官田區,隆田里,23.192543,120.313482,混合廁所
1877,1877,D100000012,官田加油站女廁,臺南市,官田區,官田里,23.179916,120.337351,女廁所
1878,1878,D100000010,官田加油站男廁,臺南市,官田區,官田里,23.179916,120.337351,男廁所
1879,1879,D100000111,官田拔林慈安宮女廁,臺南市,官田區,渡拔里,23.1742,120.321483,女廁所
1880,1880,D100000112,官田拔林慈安宮男廁,臺南市,官田區,渡拔里,23.1742,120.321483,男廁所
1881,1881,D100000060,官田區公所1F女廁,臺南市,官田區,隆田里,23.193093,120.315435,女廁所
1882,1882,D100000059,官田區公所1F男廁,臺南市,官田區,隆田里,23.193093,120.315435,男廁所
1883,1883,D100000064,官田區公所1F無障礙廁,臺南市,官田區,隆田里,23.193093,120.315435,無障礙廁所
1884,1884,D100000066,官田區公所2F女廁,臺南市,官田區,隆田里,23.193093,120.315435,女廁所
1885,1885,D100000065,官田區公所2F男廁,臺南市,官田區,隆田里,23.193093,120.315435,男廁所
1886,1886,D100000024,官田區角秀山生命紀念館女廁,臺南市,官田區,二鎮里,23.205549,120.342949,女廁所
1887,1887,D100000023,官田區角秀山生命紀念館男廁,臺南市,官田區,二鎮里,23.205549,120.342949,男廁所
1888,1888,D100000025,官田區角秀山生命紀念館無障礙廁,臺南市,官田區,二鎮里,23.205549,120.342949,無障礙廁所
1889,1889,D100000070,官田區圖書館1F女廁,臺南市,官田區,隆田里,23.192703,120.314112,女廁所
1890,1890,D100000069,官田區圖書館1F男廁,臺南市,官田區,隆田里,23.192703,120.314112,男廁所
1891,1891,D100000073,官田區圖書館1F無障礙廁,臺南市,官田區,隆田里,23.192703,120.314112,無障礙廁所
1892,1892,D100000061,官田區衛生所1F混合廁,臺南市,官田區,隆田里,23.193116,120.316097,混合廁所
1893,1893,D100000044,官田區體育公園女廁,臺南市,官田區,隆田里,23.190528,120.314799,女廁所
1894,1894,D100000045,官田區體育公園男廁,臺南市,官田區,隆田里,23.190528,120.314799,男廁所
1895,1895,D100000013,官鎮派出所混合廁,臺南市,官田區,官田里,23.187942,120.339474,混合廁所
1896,1896,D030000020,店仔口公園女廁,臺南市,白河區,白河里,23.346302,120.41691,女廁所
1897,1897,D030000019,店仔口公園男廁,臺南市,白河區,白河里,23.346302,120.41691,男廁所
1898,1898,D030000168,店仔口公園無障礙廁,臺南市,白河區,白河里,23.346302,120.41691,無障礙廁所
1899,1899,D340000263,府北戶政事務所北區辦公處2F女廁,臺南市,北區,北華里,22.999845,120.202986,女廁所
1900,1900,D340000273,府北戶政事務所北區辦公處2F男廁,臺南市,北區,北華里,22.999845,120.202986,男廁所
1901,1901,D360000184,府平公園府平路旁女廁,臺南市,安平區,國平里,22.986865,120.172481,女廁所
1902,1902,D360000185,府平公園府平路旁男廁,臺南市,安平區,國平里,22.986865,120.172481,男廁所
1903,1903,D320000351,府東戶政事務所東區辦公處女廁,臺南市,東區,崇信里,22.980111,120.224126,女廁所
1904,1904,D320000350,府東戶政事務所東區辦公處男廁,臺南市,東區,崇信里,22.980111,120.224126,男廁所
1905,1905,D370000571,府前里活動中心混合廁,臺南市,中西區,府前里,22.991426,120.196368,混合廁所
1906,1906,D330000234,府南里活動中心1F女廁,臺南市,南區,府南里,22.9743,120.195283,女廁所
1907,1907,D330000240,府南里活動中心1F北側女廁,臺南市,南區,府南里,22.9743,120.195283,女廁所
1908,1908,D330000233,府南里活動中心1F男廁,臺南市,南區,府南里,22.9743,120.195283,男廁所
1909,1909,D330000235,府南里活動中心1F無障礙廁,臺南市,南區,府南里,22.9743,120.195283,無障礙廁所
1910,1910,D330000237,府南里活動中心2F女廁,臺南市,南區,府南里,22.9743,120.195283,女廁所
1911,1911,D330000236,府南里活動中心2F男廁,臺南市,南區,府南里,22.9743,120.195283,男廁所
1912,1912,D330000239,府南里活動中心3F女廁,臺南市,南區,府南里,22.9743,120.195283,女廁所
1913,1913,D330000238,府南里活動中心3F男廁,臺南市,南區,府南里,22.9743,120.195283,男廁所
1914,1914,D320000377,府城藏金閣資源再生館女廁,臺南市,東區,龍山里,22.985066,120.219543,女廁所
1915,1915,D320000378,府城藏金閣資源再生館男廁,臺南市,東區,龍山里,22.985066,120.219543,男廁所
1916,1916,D320000379,府城藏金閣資源再生館無障礙廁,臺南市,東區,龍山里,22.985066,120.219543,無障礙廁所
1917,1917,D120000094,延平派出所混合廁,臺南市,佳里區,忠仁里,23.173108,120.149387,混合廁所
1918,1918,D370000212,延平郡王祠女廁,臺南市,中西區,郡王里,22.987495,120.207379,女廁所
1919,1919,D370000213,延平郡王祠男廁,臺南市,中西區,郡王里,22.987495,120.207379,男廁所
1920,1920,D370000214,延平郡王祠無障礙廁,臺南市,中西區,郡王里,22.987495,120.207379,無障礙廁所
1921,1921,D310000094,旺位加油站混合廁,臺南市,永康區,甲頂里,23.023241,120.217398,混合廁所
1922,1922,D190000152,昌隆里活動中心混合廁,臺南市,善化區,昌隆里,23.15607,120.316758,混合廁所
1923,1923,D330000034,明和公園A男廁,臺南市,南區,國宅里,22.974145,120.184181,男廁所
1924,1924,D330000033,明和公園A無障礙廁,臺南市,南區,國宅里,22.974145,120.184181,無障礙廁所
1925,1925,D330000035,明和公園B女廁,臺南市,南區,國宅里,22.976411,120.185395,女廁所
1926,1926,D330000036,明和公園B男廁,臺南市,南區,國宅里,22.976411,120.185395,男廁所
1927,1927,D220000004,明和里社區活動中心女廁,臺南市,山上區,明和里,23.108091,120.347982,女廁所
1928,1928,D220000003,明和里社區活動中心男廁,臺南市,山上區,明和里,23.108091,120.347982,男廁所
1929,1929,D330000372,明興路加油站女廁,臺南市,南區,喜東里,22.946903,120.183593,女廁所
1930,1930,D330000373,明興路加油站男廁,臺南市,南區,喜東里,22.946903,120.183593,男廁所
1931,1931,D060000044,東山分隊混合廁,臺南市,東山區,東山里,23.326089,120.403411,混合廁所
1932,1932,D060000006,東山分駐所混合廁,臺南市,東山區,東山里,23.325949,120.403371,混合廁所
1933,1933,D060000028,東山服務區第一停車場女廁,臺南市,東山區,科里里,23.286903,120.398872,女廁所
1934,1934,D060000033,東山服務區第一停車場女無障礙廁,臺南市,東山區,科里里,23.286903,120.398872,無障礙廁所
1935,1935,D060000027,東山服務區第一停車場男廁,臺南市,東山區,科里里,23.286903,120.398872,男廁所
1936,1936,D060000031,東山服務區第一停車場男親子廁,臺南市,東山區,科里里,23.286903,120.398872,親子廁所
1937,1937,D060000030,東山服務區第二停車場女廁,臺南市,東山區,科里里,23.286903,120.398872,女廁所
1938,1938,D060000032,東山服務區第二停車場男A親子廁,臺南市,東山區,科里里,23.286903,120.398872,親子廁所
1939,1939,D060000034,東山服務區第二停車場男B親子廁,臺南市,東山區,科里里,23.286903,120.398872,親子廁所
1940,1940,D060000029,東山服務區第二停車場男廁,臺南市,東山區,科里里,23.286903,120.398872,男廁所
1941,1941,D060000023,東山區公有市場女廁,臺南市,東山區,東中里,23.322891,120.403053,女廁所
1942,1942,D060000022,東山區公有市場男廁,臺南市,東山區,東中里,23.322891,120.403053,男廁所
1943,1943,D060000065,東山區公有市場無障礙廁,臺南市,東山區,東中里,23.322831,120.403035,無障礙廁所
1944,1944,D060000008,東山區公所1F女廁,臺南市,東山區,東山里,23.326125,120.404523,女廁所
1945,1945,D060000007,東山區公所1F男廁,臺南市,東山區,東山里,23.326125,120.404523,男廁所
1946,1946,D060000011,東山區公所2F女廁,臺南市,東山區,東山里,23.326125,120.404523,女廁所
1947,1947,D060000010,東山區公所2F男廁,臺南市,東山區,東山里,23.326125,120.404523,男廁所
1948,1948,D060000062,東山區公所所前路女廁,臺南市,東山區,東山里,23.326052,120.403726,女廁所
1949,1949,D060000063,東山區公所所前路男廁,臺南市,東山區,東山里,23.326052,120.403726,男廁所
1950,1950,D060000064,東山區公所所前路無障礙廁,臺南市,東山區,東山里,23.326052,120.403726,無障礙廁所
1951,1951,D060000074,東山區田尾社區活動中心混合廁,臺南市,東山區,聖賢里,23.305361,120.361794,混合廁所
1952,1952,D060000073,東山區東原里聯合辦公處友善混合廁,臺南市,東山區,東原里,23.266102,120.445963,混合廁所
1953,1953,D060000072,東山區南溪里活動中心混合廁,臺南市,東山區,南溪里,23.274527,120.398955,混合廁所
1954,1954,D060000013,東山區圖書館女廁,臺南市,東山區,東山里,23.326055,120.4042,女廁所
1955,1955,D060000012,東山區圖書館男廁,臺南市,東山區,東山里,23.326055,120.4042,男廁所
1956,1956,D060000004,東山區衛生所1F男廁,臺南市,東山區,東山里,23.326214,120.404772,男廁所
1957,1957,D060000005,東山區衛生所1F無障礙廁,臺南市,東山區,東山里,23.326329,120.404723,無障礙廁所
1958,1958,D060000009,東山區衛生所2F混合廁,臺南市,東山區,東山里,23.326214,120.404772,混合廁所
1959,1959,D060000020,東山運動公園女廁,臺南市,東山區,東中里,23.31834149,120.4045504,女廁所
1960,1960,D060000021,東山運動公園男廁,臺南市,東山區,東中里,23.31834149,120.4045504,男廁所
1961,1961,D070000178,東角里活動中心女廁,臺南市,麻豆區,東角里,23.18422,120.256443,女廁所
1962,1962,D070000177,東角里活動中心男廁,臺南市,麻豆區,東角里,23.18422,120.256443,男廁所
1963,1963,D250000041,東和社區活動中心1F女廁,臺南市,南化區,東和里,23.020906,120.474036,女廁所
1964,1964,D250000042,東和社區活動中心1F男廁,臺南市,南化區,東和里,23.020906,120.474036,男廁所
1965,1965,D250000043,東和社區活動中心1F無障礙廁,臺南市,南化區,東和里,23.020906,120.474036,無障礙廁所
1966,1966,D060000038,東河派出所混合廁,臺南市,東山區,東河里,23.294619,120.385533,混合廁所
1967,1967,D320000352,東南地政事務所1F女廁,臺南市,東區,龍山里,22.983005,120.220211,女廁所
1968,1968,D320000356,東南地政事務所1F男廁,臺南市,東區,龍山里,22.983005,120.220211,男廁所
1969,1969,D060000039,東原分隊混合廁,臺南市,東山區,東原里,23.265004,120.44596,混合廁所
1970,1970,D060000041,東原派出所混合廁,臺南市,東山區,東原里,23.265209,120.445882,混合廁所
1971,1971,D320000853,東區大智里活動中心2F無障礙廁,臺南市,東區,大智里,22.961622,120.230096,無障礙廁所
1972,1972,D320000867,東區大智里活動中心2F親子廁,臺南市,東區,大智里,22.961622,120.230096,親子廁所
1973,1973,D320000854,東區大智里活動中心3F混合廁,臺南市,東區,大智里,22.961622,120.230096,混合廁所
1974,1974,D320000643,東區府東派出所女廁,臺南市,東區,關聖里,22.985754,120.243065,女廁所
1975,1975,D320000642,東區府東派出所男廁,臺南市,東區,關聖里,22.985754,120.243065,男廁所
1976,1976,D320000644,東區府東派出所無障礙廁,臺南市,東區,關聖里,22.985754,120.243065,無障礙廁所
1977,1977,D320000137,東區林森圖書館3F女廁,臺南市,東區,新東里,22.986581,120.223032,女廁所
1978,1978,D320000138,東區林森圖書館3F男廁,臺南市,東區,新東里,22.986581,120.223032,男廁所
1979,1979,D320000139,東區林森圖書館4F女廁,臺南市,東區,新東里,22.986581,120.223032,女廁所
1980,1980,D320000140,東區林森圖書館4F男廁,臺南市,東區,新東里,22.986581,120.223032,男廁所
1981,1981,D320000142,東區林森圖書館5F女廁,臺南市,東區,新東里,22.986581,120.223032,女廁所
1982,1982,D320000141,東區林森圖書館5F男廁,臺南市,東區,新東里,22.986581,120.223032,男廁所
1983,1983,D320000830,東區南聖宮女廁,臺南市,東區,南聖里,22.987502,120.236137,女廁所
1984,1984,D320000829,東區南聖宮男廁,臺南市,東區,南聖里,22.987502,120.236137,男廁所
1985,1985,D320000645,東區後甲分隊男廁,臺南市,東區,關聖里,22.986252,120.243395,男廁所
1986,1986,D320000646,東區後甲分隊無障礙廁,臺南市,東區,關聖里,22.986252,120.243395,無障礙廁所
1987,1987,D320000564,東區區公所1F女廁,臺南市,東區,崇信里,22.980296,120.224081,女廁所
1988,1988,D320000565,東區區公所1F男廁,臺南市,東區,崇信里,22.980296,120.224081,男廁所
1989,1989,D320000573,東區區公所1F無障礙廁,臺南市,東區,崇信里,22.980296,120.224081,無障礙廁所
1990,1990,D320000566,東區區公所2F女廁,臺南市,東區,崇信里,22.980296,120.224081,女廁所
1991,1991,D320000567,東區區公所2F男廁,臺南市,東區,崇信里,22.980296,120.224081,男廁所
1992,1992,D320000568,東區區公所3F女廁,臺南市,東區,崇信里,22.980296,120.224081,女廁所
1993,1993,D320000569,東區區公所3F男廁,臺南市,東區,崇信里,22.980296,120.224081,男廁所
1994,1994,D320000570,東區區公所4F女廁,臺南市,東區,崇信里,22.980296,120.224081,女廁所
1995,1995,D320000571,東區區公所4F男廁,臺南市,東區,崇信里,22.980296,120.224081,男廁所
1996,1996,D320000572,東區區公所5F性別友善廁,臺南市,東區,崇信里,22.980296,120.224081,性別友善廁所
1997,1997,D320000815,東區裕文圖書館1F女廁,臺南市,東區,裕聖里,22.982034,120.245295,女廁所
1998,1998,D320000814,東區裕文圖書館1F男廁,臺南市,東區,裕聖里,22.982034,120.245295,男廁所
1999,1999,D320000816,東區裕文圖書館1F兒童室親子廁,臺南市,東區,裕聖里,22.982034,120.245295,親子廁所
2000,2000,D320000846,東區裕文圖書館1F無障礙廁,臺南市,東區,裕聖里,22.98206,120.245317,無障礙廁所
2001,2001,D320000818,東區裕文圖書館1F閱報區女廁,臺南市,東區,裕聖里,22.982034,120.245295,女廁所
2002,2002,D320000817,東區裕文圖書館1F閱報區男廁,臺南市,東區,裕聖里,22.982034,120.245295,男廁所
2003,2003,D320000847,東區裕文圖書館1F閱報區無障礙廁,臺南市,東區,裕聖里,22.98206,120.245317,無障礙廁所
2004,2004,D320000365,東區衛生所女廁,臺南市,東區,龍山里,22.98494,120.221957,女廁所
2005,2005,D320000366,東區衛生所男廁,臺南市,東區,龍山里,22.98494,120.221957,男廁所
2006,2006,D370000608,東菜市市場女廁,臺南市,中西區,城隍里,22.991455,120.20992,女廁所
2007,2007,D370000609,東菜市市場男廁,臺南市,中西區,城隍里,22.991455,120.20992,男廁所
2008,2008,D370000611,東菜市市場無障礙廁,臺南市,中西區,城隍里,22.991455,120.20992,無障礙廁所
2009,2009,D240000050,東勢里社區活動中心混合廁,臺南市,楠西區,東勢里,23.172958,120.487955,混合廁所
2010,2010,D060000002,東誠加油站女廁,臺南市,東山區,東山里,23.328147,120.406464,女廁所
2011,2011,D060000001,東誠加油站男廁,臺南市,東山區,東山里,23.328147,120.406464,男廁所
2012,2012,D320000232,東寧運動公園女廁,臺南市,東區,東明里,22.991257,120.224776,女廁所
2013,2013,D320000233,東寧運動公園男廁,臺南市,東區,東明里,22.991257,120.224776,男廁所
2014,2014,D320000832,東寧運動公園無障礙廁,臺南市,東區,東明里,22.99122215,120.2247566,無障礙廁所
2015,2015,D320000234,東興公園女廁,臺南市,東區,小東里,22.998202,120.224763,女廁所
2016,2016,D320000235,東興公園男廁,臺南市,東區,小東里,22.998202,120.224763,男廁所
2017,2017,D340000292,東興里活動中心混合廁,臺南市,北區,東興里,22.999999,120.232256,混合廁所
2018,2018,D340000293,東興里活動中心無障礙廁,臺南市,北區,東興里,22.999999,120.232256,無障礙廁所
2019,2019,D190000145,松建加油站女廁,臺南市,善化區,小新里,23.126525,120.320249,女廁所
2020,2020,D190000143,松建加油站男廁,臺南市,善化區,小新里,23.126525,120.320249,男廁所
2021,2021,D320000345,林森三角公園女廁,臺南市,東區,龍山里,22.983428,120.219123,女廁所
2022,2022,D320000346,林森三角公園男廁,臺南市,東區,龍山里,22.983428,120.219123,男廁所
2023,2023,D090000099,林鳳營火車站女廁,臺南市,六甲區,中社里,23.242605,120.320997,女廁所
2024,2024,D090000098,林鳳營火車站男廁,臺南市,六甲區,中社里,23.242605,120.320997,男廁所
2025,2025,D090000100,林鳳營火車站無障礙廁,臺南市,六甲區,中社里,23.242605,120.320997,無障礙廁所
2026,2026,D040000070,果毅後多功能活動中心1F女廁,臺南市,柳營區,神農里,23.257314,120.367181,女廁所
2027,2027,D040000069,果毅後多功能活動中心1F男廁,臺南市,柳營區,神農里,23.257314,120.367181,男廁所
2028,2028,D040000089,果毅後多功能活動中心2F女廁,臺南市,柳營區,果毅里,23.257314,120.367181,女廁所
2029,2029,D040000090,果毅後多功能活動中心2F男廁,臺南市,柳營區,果毅里,23.257314,120.367181,男廁所
2030,2030,D040000261,果毅派出所混合廁,臺南市,柳營區,神農里,23.257081,120.368439,混合廁所
2031,2031,D370000562,河樂廣場北側女廁,臺南市,中西區,府前里,22.993823,120.194069,女廁所
2032,2032,D370000561,河樂廣場北側男廁,臺南市,中西區,府前里,22.993823,120.194069,男廁所
2033,2033,D370000563,河樂廣場北側無障礙廁,臺南市,中西區,府前里,22.993823,120.194069,無障礙廁所
2034,2034,D370000565,河樂廣場南側女廁,臺南市,中西區,府前里,22.993854,120.192395,女廁所
2035,2035,D370000564,河樂廣場南側男廁,臺南市,中西區,府前里,22.993854,120.192395,男廁所
2036,2036,D370000566,河樂廣場南側無障礙廁,臺南市,中西區,府前里,22.993854,120.192395,無障礙廁所
2037,2037,D370000567,河樂廣場南側親子廁,臺南市,中西區,府前里,22.993854,120.192395,親子廁所
2038,2038,D180000089,知義派出所混合廁,臺南市,新化區,山腳里,23.021351,120.314601,混合廁所
2039,2039,D360000115,社會福利綜合大樓女廁,臺南市,安平區,建平里,22.991933,120.186252,女廁所
2040,2040,D360000350,社會福利綜合大樓西側親子廁,臺南市,安平區,建平里,22.991871,120.186286,親子廁所
2041,2041,D360000116,社會福利綜合大樓男廁,臺南市,安平區,建平里,22.991933,120.186252,男廁所
2042,2042,D360000351,社會福利綜合大樓東側親子廁,臺南市,安平區,建平里,22.991871,120.186286,親子廁所
2043,2043,D370000411,肯德基台南中華西店女廁,臺南市,中西區,大涼里,22.992945,120.187045,女廁所
2044,2044,D370000412,肯德基台南中華西店男廁,臺南市,中西區,大涼里,22.992945,120.187045,男廁所
2045,2045,D340000222,肯德基台南西門店女廁,臺南市,北區,成德里,23.009879,120.207848,女廁所
2046,2046,D340000223,肯德基台南西門店男廁,臺南市,北區,成德里,23.009879,120.207848,男廁所
2047,2047,D320000202,肯德基台南東門店女廁,臺南市,東區,自強里,22.9824,120.228017,女廁所
2048,2048,D320000203,肯德基台南東門店男廁,臺南市,東區,自強里,22.9824,120.228017,男廁所
2049,2049,D320000008,肯德基台南崇明店女廁,臺南市,東區,崇學里,22.976219,120.221027,女廁所
2050,2050,D320000009,肯德基台南崇明店男廁,臺南市,東區,崇學里,22.976219,120.221027,男廁所
2051,2051,D010000271,肯德基新營中正店女廁,臺南市,新營區,大宏里,23.307444,120.316266,女廁所
2052,2052,D010000272,肯德基新營中正店男廁,臺南市,新營區,大宏里,23.307444,120.316266,男廁所
2053,2053,D340000287,花園夜市女廁,臺南市,北區,文成里,23.010524,120.200137,女廁所
2054,2054,D340000286,花園夜市男廁,臺南市,北區,文成里,23.010524,120.200137,男廁所
2055,2055,D320000641,虎尾寮市場西側女廁,臺南市,東區,關聖里,22.985285,120.239781,女廁所
2056,2056,D320000640,虎尾寮市場西側男廁,臺南市,東區,關聖里,22.985285,120.239781,男廁所
2057,2057,D320000639,虎尾寮市場東側女廁,臺南市,東區,關聖里,22.985308,120.240276,女廁所
2058,2058,D320000638,虎尾寮市場東側男廁,臺南市,東區,關聖里,22.985308,120.240276,男廁所
2059,2059,D300000005,虎形山公園西側女廁,臺南市,龍崎區,崎頂里,22.962776,120.358419,女廁所
2060,2060,D300000006,虎形山公園西側男廁,臺南市,龍崎區,崎頂里,22.962776,120.358419,男廁所
2061,2061,D300000004,虎形山公園東側女廁,臺南市,龍崎區,崎頂里,22.963664,120.360779,女廁所
2062,2062,D300000003,虎形山公園東側男廁,臺南市,龍崎區,崎頂里,22.963664,120.360779,男廁所
2063,2063,D230000109,虎頭山余清芳紀念碑性別友善廁,臺南市,玉井區,竹圍里,23.12890055,120.4813501,性別友善廁所
2064,2064,D230000108,虎頭山余清芳紀念碑親子廁,臺南市,玉井區,竹圍里,23.12890055,120.4813501,親子廁所
2065,2065,D180000246,虎頭埤三粒亭廣場多功能混合廁,臺南市,新化區,東榮里,23.02707,120.336072,混合廁所
2066,2066,D180000245,虎頭埤三粒亭廣場無障礙廁,臺南市,新化區,東榮里,23.02707,120.336072,無障礙廁所
2067,2067,D180000217,虎頭埤山景烤肉區女廁,臺南市,新化區,東榮里,23.02707,120.336072,女廁所
2068,2068,D180000216,虎頭埤山景烤肉區男廁,臺南市,新化區,東榮里,23.02707,120.336072,男廁所
2069,2069,D180000218,虎頭埤山景烤肉區無障礙廁,臺南市,新化區,東榮里,23.02707,120.336072,無障礙廁所
2070,2070,D180000210,虎頭埤吊橋咖啡屋女廁,臺南市,新化區,東榮里,23.02707,120.336072,女廁所
2071,2071,D180000211,虎頭埤吊橋咖啡屋男廁,臺南市,新化區,東榮里,23.02707,120.336072,男廁所
2072,2072,D180000214,虎頭埤地景公園混合廁,臺南市,新化區,東榮里,23.02707,120.336072,混合廁所
2073,2073,D180000215,虎頭埤地景公園親子廁,臺南市,新化區,東榮里,23.02707,120.336072,親子廁所
2074,2074,D180000205,虎頭埤竹林烤肉區女廁,臺南市,新化區,東榮里,23.02707,120.336072,女廁所
2075,2075,D180000206,虎頭埤竹林烤肉區男廁,臺南市,新化區,東榮里,23.02707,120.336072,男廁所
2076,2076,D180000207,虎頭埤竹林烤肉區無障礙廁,臺南市,新化區,東榮里,23.02707,120.336072,無障礙廁所
2077,2077,D180000225,虎頭埤南洋杉涼亭女廁,臺南市,新化區,東榮里,23.02707,120.336072,女廁所
2078,2078,D180000226,虎頭埤南洋杉涼亭親子廁,臺南市,新化區,東榮里,23.02707,120.336072,親子廁所
2079,2079,D180000203,虎頭埤紅厝停車場女廁,臺南市,新化區,東榮里,23.02707,120.336072,女廁所
2080,2080,D180000204,虎頭埤紅厝停車場男廁,臺南市,新化區,東榮里,23.02707,120.336072,男廁所
2081,2081,D180000208,虎頭埤湖濱烤肉區女廁,臺南市,新化區,東榮里,23.02707,120.336072,女廁所
2082,2082,D180000209,虎頭埤湖濱烤肉區男廁,臺南市,新化區,東榮里,23.02707,120.336072,男廁所
2083,2083,D180000200,虎頭埤管理中心女廁,臺南市,新化區,東榮里,23.02707,120.336072,女廁所
2084,2084,D180000201,虎頭埤管理中心男廁,臺南市,新化區,東榮里,23.02707,120.336072,男廁所
2085,2085,D180000202,虎頭埤管理中心無障礙廁,臺南市,新化區,東榮里,23.02707,120.336072,無障礙廁所
2086,2086,D180000212,虎頭埤蟋蟀館女廁,臺南市,新化區,東榮里,23.02707,120.336072,女廁所
2087,2087,D180000213,虎頭埤蟋蟀館男廁,臺南市,新化區,東榮里,23.02707,120.336072,男廁所
2088,2088,D180000223,虎頭埤露營區女廁,臺南市,新化區,東榮里,23.02707,120.336072,女廁所
2089,2089,D180000224,虎頭埤露營區男廁,臺南市,新化區,東榮里,23.02707,120.336072,男廁所
2090,2090,D200000095,金田加油站女廁,臺南市,新市區,港墘里,23.084452,120.304507,女廁所
2091,2091,D200000091,金田加油站男廁,臺南市,新市區,港墘里,23.084452,120.304507,男廁所
2092,2092,D360000271,金城里活動中心混合廁,臺南市,安平區,金城里,22.998123,120.161238,混合廁所
2093,2093,D330000038,金華市場女廁,臺南市,南區,國宅里,22.977006,120.188652,女廁所
2094,2094,D330000037,金華市場男廁,臺南市,南區,國宅里,22.977006,120.188652,男廁所
2095,2095,D070000060,金嘉旺加油站女廁,臺南市,麻豆區,南勢里,23.192366,120.258163,女廁所
2096,2096,D070000058,金嘉旺加油站男廁,臺南市,麻豆區,南勢里,23.192366,120.258163,男廁所
2097,2097,D050000111,長安派出所混合廁,臺南市,後壁區,長短樹里,23.366882,120.330579,混合廁所
2098,2098,D010000527,長勝園區流動景觀女廁,臺南市,新營區,南興里,23.29982,120.305774,女廁所
2099,2099,D010000173,長勝園區流動景觀男廁,臺南市,新營區,南興里,23.29982,120.305774,男廁所
2100,2100,D010000528,長勝園區流動景觀無障礙廁,臺南市,新營區,南興里,23.29982,120.305774,無障礙廁所
2101,2101,D280000206,長榮大學火車站女廁,臺南市,歸仁區,大潭里,22.907211,120.272517,女廁所
2102,2102,D280000205,長榮大學火車站男廁,臺南市,歸仁區,大潭里,22.907211,120.272517,男廁所
2103,2103,D280000207,長榮大學火車站無障礙廁,臺南市,歸仁區,大潭里,22.907211,120.272517,無障礙廁所
2104,2104,D280000414,長榮大學火車站親子廁,臺南市,歸仁區,大潭里,22.907606,120.272582,親子廁所
2105,2105,D160000148,青鯤鯓青山漁港女廁,臺南市,將軍區,鯤鯓里,23.189658,120.0861,女廁所
2106,2106,D160000147,青鯤鯓青山漁港男廁,臺南市,將軍區,鯤鯓里,23.189658,120.0861,男廁所
2107,2107,D370000572,保安公有零售市場1F女廁,臺南市,中西區,南廠里,22.988486,120.193879,女廁所
2108,2108,D370000573,保安公有零售市場1F男廁,臺南市,中西區,南廠里,22.988486,120.193879,男廁所
2109,2109,D370000610,保安公有零售市場1F無障礙廁,臺南市,中西區,南廠里,22.988486,120.193879,無障礙廁所
2110,2110,D370000939,保安公有零售市場2F女廁,臺南市,中西區,南廠里,22.988486,120.194166,女廁所
2111,2111,D370000938,保安公有零售市場2F男廁,臺南市,中西區,南廠里,22.988486,120.194166,男廁所
2112,2112,D370000940,保安公有零售市場2F無障礙廁,臺南市,中西區,南廠里,22.988486,120.194166,無障礙廁所
2113,2113,D370000941,保安公有零售市場B1性別友善廁,臺南市,中西區,南廠里,22.988486,120.194166,性別友善廁所
2114,2114,D270000128,保安火車站女廁,臺南市,仁德區,保安里,22.932918,120.231609,女廁所
2115,2115,D270000127,保安火車站男廁,臺南市,仁德區,保安里,22.932918,120.231609,男廁所
2116,2116,D270000129,保安火車站無障礙廁,臺南市,仁德區,保安里,22.932918,120.231609,無障礙廁所
2117,2117,D270000131,保安社區活動中心1F性別友善廁,臺南市,仁德區,保安里,22.923809,120.235849,性別友善廁所
2118,2118,D040000086,南元休閒農場日式大觀園女廁,臺南市,柳營區,果毅里,23.240339,120.378326,女廁所
2119,2119,D040000085,南元休閒農場日式大觀園男廁,臺南市,柳營區,果毅里,23.240339,120.378326,男廁所
2120,2120,D040000081,南元休閒農場渡假飯店1F右側女廁,臺南市,柳營區,果毅里,23.2387928,120.3793109,女廁所
2121,2121,D040000080,南元休閒農場渡假飯店1F右側男廁,臺南市,柳營區,果毅里,23.240339,120.378326,男廁所
2122,2122,D040000082,南元休閒農場渡假飯店1F右側無障礙廁,臺南市,柳營區,果毅里,23.240339,120.378326,無障礙廁所
2123,2123,D040000084,南元休閒農場渡假飯店1F左側女廁,臺南市,柳營區,果毅里,23.240339,120.378326,女廁所
2124,2124,D040000083,南元休閒農場渡假飯店1F左側男廁,臺南市,柳營區,果毅里,23.240339,120.378326,男廁所
2125,2125,D040000079,南元休閒農場湖上咖啡屋混合廁,臺南市,柳營區,果毅里,23.240339,120.378326,混合廁所
2126,2126,D040000076,南元休閒農場農特產中心女廁,臺南市,柳營區,果毅里,23.240339,120.378326,女廁所
2127,2127,D040000075,南元休閒農場農特產中心男廁,臺南市,柳營區,果毅里,23.240339,120.378326,男廁所
2128,2128,D040000088,南元休閒農場露營區女廁,臺南市,柳營區,果毅里,23.240339,120.378326,女廁所
2129,2129,D040000087,南元休閒農場露營區男廁,臺南市,柳營區,果毅里,23.240339,120.378326,男廁所
2130,2130,D250000013,南化分隊混合廁,臺南市,南化區,南化里,23.044429,120.479223,混合廁所
2131,2131,D250000012,南化分駐所混合廁,臺南市,南化區,南化里,23.042241,120.477215,混合廁所
2132,2132,D250000028,南化天后宮女廁,臺南市,南化區,南化里,23.044066,120.476097,女廁所
2133,2133,D250000027,南化天后宮男廁,臺南市,南化區,南化里,23.044066,120.476097,男廁所
2134,2134,D250000026,南化天后宮無障礙廁,臺南市,南化區,南化里,23.044066,120.476097,無障礙廁所
2135,2135,D250000072,南化玉山茅埔太子宮混合廁,臺南市,南化區,玉山里,23.084699,120.526504,混合廁所
2136,2136,D250000014,南化區公所1F女廁,臺南市,南化區,南化里,23.042406,120.477703,女廁所
2137,2137,D250000011,南化區公所1F男廁,臺南市,南化區,南化里,23.042406,120.477703,男廁所
2138,2138,D250000015,南化區公所1F無障礙廁,臺南市,南化區,南化里,23.042406,120.477703,無障礙廁所
2139,2139,D250000018,南化區老人文康中心1F女廁,臺南市,南化區,南化里,23.042448,120.477678,女廁所
2140,2140,D250000019,南化區老人文康中心1F男廁,臺南市,南化區,南化里,23.042448,120.477678,男廁所
2141,2141,D250000020,南化區老人文康中心1F無障礙廁,臺南市,南化區,南化里,23.042448,120.477678,無障礙廁所
2142,2142,D250000021,南化區老人文康中心2F女廁,臺南市,南化區,南化里,23.042448,120.477678,女廁所
2143,2143,D250000022,南化區老人文康中心2F男廁,臺南市,南化區,南化里,23.042448,120.477678,男廁所
2144,2144,D250000023,南化區老人文康中心3F女廁,臺南市,南化區,南化里,23.042448,120.477678,女廁所
2145,2145,D250000024,南化區老人文康中心3F男廁,臺南市,南化區,南化里,23.042448,120.477678,男廁所
2146,2146,D250000048,南化區西埔里活動中心1F混合廁,臺南市,南化區,西埔里,23.035135,120.455445,混合廁所
2147,2147,D250000050,南化區西埔社區活動中心1F混合廁,臺南市,南化區,西埔里,23.035135,120.455445,混合廁所
2148,2148,D250000004,南化區青果市場性別友善廁,臺南市,南化區,南化里,23.043862,120.473239,性別友善廁所
2149,2149,D250000093,南化區假日廣場旁性別友善廁,臺南市,南化區,南化里,23.04209303,120.4780124,性別友善廁所
2150,2150,D250000094,南化區假日廣場旁無障礙廁,臺南市,南化區,南化里,23.04211475,120.4779976,無障礙廁所
2151,2151,D250000074,南化區源之旅休閒公園女廁,臺南市,南化區,玉山里,23.089153,120.533202,女廁所
2152,2152,D250000073,南化區源之旅休閒公園男廁,臺南市,南化區,玉山里,23.089153,120.533202,男廁所
2153,2153,D250000017,南化區圖書館女廁,臺南市,南化區,南化里,23.04539,120.479821,女廁所
2154,2154,D250000016,南化區圖書館男廁,臺南市,南化區,南化里,23.04539,120.479821,男廁所
2155,2155,D250000009,南化區衛生所混合廁,臺南市,南化區,南化里,23.044531,120.479306,混合廁所
2156,2156,D250000010,南化區衛生所無障礙廁,臺南市,南化區,南化里,23.044531,120.479306,無障礙廁所
2157,2157,D250000003,南化遊客中心女廁,臺南市,南化區,西埔里,23.036511,120.478449,女廁所
2158,2158,D250000046,南化遊客中心男廁,臺南市,南化區,西埔里,23.036511,120.478449,男廁所
2159,2159,D250000047,南化遊客中心無障礙廁,臺南市,南化區,西埔里,23.036511,120.478449,無障礙廁所
2160,2160,D250000061,南化環保公園西側女廁,臺南市,南化區,玉山里,23.068117,120.513959,女廁所
2161,2161,D250000060,南化環保公園西側男廁,臺南市,南化區,玉山里,23.092362,120.532636,男廁所
2162,2162,D320000633,南天府女廁,臺南市,東區,裕農里,22.988218,120.228204,女廁所
2163,2163,D320000632,南天府男廁,臺南市,東區,裕農里,22.988218,120.228204,男廁所
2164,2164,D020000070,南天宮女廁,臺南市,鹽水區,三和里,23.264864,120.22194,女廁所
2165,2165,D020000071,南天宮男廁,臺南市,鹽水區,三和里,23.264864,120.22194,男廁所
2166,2166,D270000162,南昇加油站混合廁,臺南市,仁德區,仁愛里,22.957352,120.217173,混合廁所
2167,2167,D270000165,南昇加油站無障礙廁,臺南市,仁德區,仁愛里,22.957352,120.217173,無障礙廁所
2168,2168,D200000040,南迎曦湖女廁,臺南市,新市區,社內里,23.084445,120.283952,女廁所
2169,2169,D200000039,南迎曦湖男廁,臺南市,新市區,社內里,23.084445,120.283952,男廁所
2170,2170,D200000041,南迎曦湖無障礙廁,臺南市,新市區,社內里,23.084445,120.283952,無障礙廁所
2171,2171,D280000037,南保南興里活動中心女廁,臺南市,歸仁區,南保里,22.970973,120.283337,女廁所
2172,2172,D280000038,南保南興里活動中心男廁,臺南市,歸仁區,南保里,22.970973,120.283337,男廁所
2173,2173,D220000018,南洲里農民教育活動中心混合廁,臺南市,山上區,南洲里,23.101334,120.353286,混合廁所
2174,2174,D200000139,南科火車站女廁,臺南市,新市區,大營里,23.107251,120.302064,女廁所
2175,2175,D200000138,南科火車站男廁,臺南市,新市區,大營里,23.107251,120.302064,男廁所
2176,2176,D200000140,南科火車站無障礙廁,臺南市,新市區,大營里,23.107251,120.302064,無障礙廁所
2177,2177,D200000060,南科管理局地下停車場北側女廁,臺南市,新市區,豐華里,23.101399,120.282079,女廁所
2178,2178,D200000059,南科管理局地下停車場北側男廁,臺南市,新市區,豐華里,23.101399,120.282079,男廁所
2179,2179,D200000061,南科管理局地下停車場北側無障礙廁,臺南市,新市區,豐華里,23.101399,120.282079,無障礙廁所
2180,2180,D200000063,南科管理局地下停車場南側女廁,臺南市,新市區,豐華里,23.101399,120.282079,女廁所
2181,2181,D200000062,南科管理局地下停車場南側男廁,臺南市,新市區,豐華里,23.101399,120.282079,男廁所
2182,2182,D200000064,南科管理局地下停車場南側無障礙廁,臺南市,新市區,豐華里,23.101399,120.282079,無障礙廁所
2183,2183,D190000224,南科贊美酒店一館女廁,臺南市,善化區,光文里,23.130694,120.308882,女廁所
2184,2184,D190000223,南科贊美酒店一館男廁,臺南市,善化區,光文里,23.130694,120.308882,男廁所
2185,2185,D190000225,南科贊美酒店一館無障礙廁,臺南市,善化區,光文里,23.130694,120.308882,無障礙廁所
2186,2186,D190000221,南科贊美酒店大廳女廁,臺南市,善化區,光文里,23.130694,120.308882,女廁所
2187,2187,D190000220,南科贊美酒店大廳男廁,臺南市,善化區,光文里,23.130694,120.308882,男廁所
2188,2188,D190000222,南科贊美酒店大廳無障礙廁,臺南市,善化區,光文里,23.130694,120.308882,無障礙廁所
2189,2189,D140000022,南海社區活動中心混合廁,臺南市,西港區,南海里,23.118573,120.197353,混合廁所
2190,2190,D010000244,南紙活動中心混合廁,臺南市,新營區,南紙里,23.299408,120.29413,混合廁所
2191,2191,D320000032,南紡購物中心1F北側女廁,臺南市,東區,東光里,22.990773,120.233312,女廁所
2192,2192,D320000031,南紡購物中心1F北側男廁,臺南市,東區,東光里,22.990773,120.233312,男廁所
2193,2193,D320000034,南紡購物中心1F南側女廁,臺南市,東區,東光里,22.990773,120.233312,女廁所
2194,2194,D320000033,南紡購物中心1F南側男廁,臺南市,東區,東光里,22.990773,120.233312,男廁所
2195,2195,D320000035,南紡購物中心1F南側無障礙廁,臺南市,東區,東光里,22.990773,120.233312,無障礙廁所
2196,2196,D320000051,南紡購物中心2F西北仕女女廁,臺南市,東區,東光里,22.990773,120.233312,女廁所
2197,2197,D320000053,南紡購物中心2F西南女廁,臺南市,東區,東光里,22.990773,120.233312,女廁所
2198,2198,D320000052,南紡購物中心2F西南男廁,臺南市,東區,東光里,22.990773,120.233312,男廁所
2199,2199,D320000054,南紡購物中心2F西南無障礙廁,臺南市,東區,東光里,22.990773,120.233312,無障礙廁所
2200,2200,D320000050,南紡購物中心2F東北女廁,臺南市,東區,東光里,22.990773,120.233312,女廁所
2201,2201,D320000049,南紡購物中心2F東北男廁,臺南市,東區,東光里,22.990773,120.233312,男廁所
2202,2202,D320000056,南紡購物中心2F東南女廁,臺南市,東區,東光里,22.990773,120.233312,女廁所
2203,2203,D320000055,南紡購物中心2F東南男廁,臺南市,東區,東光里,22.990773,120.233312,男廁所
2204,2204,D320000060,南紡購物中心3F西北女廁,臺南市,東區,東光里,22.990773,120.233312,女廁所
2205,2205,D320000059,南紡購物中心3F西北男廁,臺南市,東區,東光里,22.990773,120.233312,男廁所
2206,2206,D320000062,南紡購物中心3F西南女廁,臺南市,東區,東光里,22.990773,120.233312,女廁所
2207,2207,D320000061,南紡購物中心3F西南男廁,臺南市,東區,東光里,22.990773,120.233312,男廁所
2208,2208,D320000063,南紡購物中心3F西南無障礙廁,臺南市,東區,東光里,22.990773,120.233312,無障礙廁所
2209,2209,D320000058,南紡購物中心3F東北女廁,臺南市,東區,東光里,22.990773,120.233312,女廁所
2210,2210,D320000057,南紡購物中心3F東北男廁,臺南市,東區,東光里,22.990773,120.233312,男廁所
2211,2211,D320000065,南紡購物中心3F東南女廁,臺南市,東區,東光里,22.990773,120.233312,女廁所
2212,2212,D320000064,南紡購物中心3F東南男廁,臺南市,東區,東光里,22.990773,120.233312,男廁所
2213,2213,D320000067,南紡購物中心4F西北女廁,臺南市,東區,東光里,22.990773,120.233312,女廁所
2214,2214,D320000066,南紡購物中心4F西北男廁,臺南市,東區,東光里,22.990773,120.233312,男廁所
2215,2215,D320000068,南紡購物中心4F西北無障礙廁,臺南市,東區,東光里,22.990773,120.233312,無障礙廁所
2216,2216,D320000074,南紡購物中心4F西南女廁,臺南市,東區,東光里,22.990773,120.233312,女廁所
2217,2217,D320000073,南紡購物中心4F西南男廁,臺南市,東區,東光里,22.990773,120.233312,男廁所
2218,2218,D320000070,南紡購物中心4F東北女廁,臺南市,東區,東光里,22.990773,120.233312,女廁所
2219,2219,D320000069,南紡購物中心4F東北男廁,臺南市,東區,東光里,22.990773,120.233312,男廁所
2220,2220,D320000072,南紡購物中心4F東南女廁,臺南市,東區,東光里,22.990773,120.233312,女廁所
2221,2221,D320000071,南紡購物中心4F東南男廁,臺南市,東區,東光里,22.990773,120.233312,男廁所
2222,2222,D320000076,南紡購物中心5F西北戶外女廁,臺南市,東區,東光里,22.990773,120.233312,女廁所
2223,2223,D320000075,南紡購物中心5F西北戶外男廁,臺南市,東區,東光里,22.990773,120.233312,男廁所
2224,2224,D320000078,南紡購物中心5F南側女廁,臺南市,東區,東光里,22.990773,120.233312,女廁所
2225,2225,D320000077,南紡購物中心5F南側男廁,臺南市,東區,東光里,22.990773,120.233312,男廁所
2226,2226,D320000079,南紡購物中心5F南側無障礙廁,臺南市,東區,東光里,22.990773,120.233312,無障礙廁所
2227,2227,D320000091,南紡購物中心A2館1F南側女廁,臺南市,東區,東光里,22.990772,120.233334,女廁所
2228,2228,D320000092,南紡購物中心A2館1F南側男廁,臺南市,東區,東光里,22.990772,120.233334,男廁所
2229,2229,D320000093,南紡購物中心A2館1F南側無障礙廁,臺南市,東區,東光里,22.990772,120.233334,無障礙廁所
2230,2230,D320000094,南紡購物中心A2館2F北側女廁,臺南市,東區,東光里,22.990772,120.233334,女廁所
2231,2231,D320000095,南紡購物中心A2館2F北側男廁,臺南市,東區,東光里,22.990772,120.233334,男廁所
2232,2232,D320000096,南紡購物中心A2館2F北側無障礙廁,臺南市,東區,東光里,22.990772,120.233334,無障礙廁所
2233,2233,D320000097,南紡購物中心A2館2F南側女廁,臺南市,東區,東光里,22.990772,120.233334,女廁所
2234,2234,D320000098,南紡購物中心A2館2F南側男廁,臺南市,東區,東光里,22.990772,120.233334,男廁所
2235,2235,D320000099,南紡購物中心A2館3F北側女廁,臺南市,東區,東光里,22.990772,120.233334,女廁所
2236,2236,D320000100,南紡購物中心A2館3F北側男廁,臺南市,東區,東光里,22.990772,120.233334,男廁所
2237,2237,D320000102,南紡購物中心A2館3F北側無障礙廁,臺南市,東區,東光里,22.990772,120.233334,無障礙廁所
2238,2238,D320000101,南紡購物中心A2館3F北側親子廁,臺南市,東區,東光里,22.990772,120.233334,親子廁所
2239,2239,D320000103,南紡購物中心A2館4F北側女廁,臺南市,東區,東光里,22.990772,120.233334,女廁所
2240,2240,D320000104,南紡購物中心A2館4F北側男廁,臺南市,東區,東光里,22.990772,120.233334,男廁所
2241,2241,D320000107,南紡購物中心A2館5F北側女廁,臺南市,東區,東光里,22.990772,120.233334,女廁所
2242,2242,D320000108,南紡購物中心A2館5F北側男廁,臺南市,東區,東光里,22.990772,120.233334,男廁所
2243,2243,D320000109,南紡購物中心A2館5F北側無障礙廁,臺南市,東區,東光里,22.990772,120.233334,無障礙廁所
2244,2244,D320000112,南紡購物中心A2館6F北側女廁,臺南市,東區,東光里,22.990772,120.233334,女廁所
2245,2245,D320000113,南紡購物中心A2館6F北側男廁,臺南市,東區,東光里,22.990772,120.233334,男廁所
2246,2246,D320000114,南紡購物中心A2館6F北側親子廁,臺南市,東區,東光里,22.990772,120.233334,親子廁所
2247,2247,D320000117,南紡購物中心A2館7F東側女廁,臺南市,東區,東光里,22.990772,120.233334,女廁所
2248,2248,D320000118,南紡購物中心A2館7F東側男廁,臺南市,東區,東光里,22.990772,120.233334,男廁所
2249,2249,D320000082,南紡購物中心A2館B1北側女廁,臺南市,東區,東光里,22.990772,120.233334,女廁所
2250,2250,D320000083,南紡購物中心A2館B1北側男廁,臺南市,東區,東光里,22.990772,120.233334,男廁所
2251,2251,D320000084,南紡購物中心A2館B1北側親子廁,臺南市,東區,東光里,22.990772,120.233334,親子廁所
2252,2252,D320000085,南紡購物中心A2館B1南側女廁,臺南市,東區,東光里,22.990772,120.233334,女廁所
2253,2253,D320000086,南紡購物中心A2館B1南側男廁,臺南市,東區,東光里,22.990772,120.233334,男廁所
2254,2254,D320000087,南紡購物中心A2館B1南側無障礙廁,臺南市,東區,東光里,22.990772,120.233334,無障礙廁所
2255,2255,D320000043,南紡購物中心B1F西南女廁,臺南市,東區,東光里,22.990773,120.233312,女廁所
2256,2256,D320000042,南紡購物中心B1F西南男廁,臺南市,東區,東光里,22.990773,120.233312,男廁所
2257,2257,D320000041,南紡購物中心B1F東北女廁,臺南市,東區,東光里,22.990773,120.233312,女廁所
2258,2258,D320000040,南紡購物中心B1F東北男廁,臺南市,東區,東光里,22.990773,120.233312,男廁所
2259,2259,D320000045,南紡購物中心B1F東南女廁,臺南市,東區,東光里,22.990773,120.233312,女廁所
2260,2260,D320000044,南紡購物中心B1F東南男廁,臺南市,東區,東光里,22.990773,120.233312,男廁所
2261,2261,D320000046,南紡購物中心B1F東南無障礙廁,臺南市,東區,東光里,22.990773,120.233312,無障礙廁所
2262,2262,D320000037,南紡購物中心B1M上層東北女廁,臺南市,東區,東光里,22.990773,120.233312,女廁所
2263,2263,D320000036,南紡購物中心B1M上層東北男廁,臺南市,東區,東光里,22.990773,120.233312,男廁所
2264,2264,D320000048,南紡購物中心B2F停車場女廁,臺南市,東區,東光里,22.990773,120.233312,女廁所
2265,2265,D320000047,南紡購物中心B2F停車場男廁,臺南市,東區,東光里,22.990773,120.233312,男廁所
2266,2266,D330000366,南區永成路加油站女廁,臺南市,南區,建南里,22.956501,120.195666,女廁所
2267,2267,D330000367,南區永成路加油站男廁,臺南市,南區,建南里,22.956501,120.195666,男廁所
2268,2268,D330000368,南區永成路加油站無障礙廁,臺南市,南區,建南里,22.956501,120.195666,無障礙廁所
2269,2269,D330000202,南區區公所1F女廁,臺南市,南區,南都里,22.961122,120.188519,女廁所
2270,2270,D330000203,南區區公所1F男廁,臺南市,南區,南都里,22.961122,120.188519,男廁所
2271,2271,D330000206,南區區公所1F無障礙廁,臺南市,南區,南都里,22.961122,120.188519,無障礙廁所
2272,2272,D330000204,南區區公所2F女廁,臺南市,南區,南都里,22.961122,120.188519,女廁所
2273,2273,D330000205,南區區公所2F男廁,臺南市,南區,南都里,22.961122,120.188519,男廁所
2274,2274,D330000195,南區區公所3F女廁,臺南市,南區,南都里,22.961122,120.188519,女廁所
2275,2275,D330000196,南區區公所3F男廁,臺南市,南區,南都里,22.961122,120.188519,男廁所
2276,2276,D330000093,南區喜樹圖書館1F女廁,臺南市,南區,喜南里,22.940386,120.178308,女廁所
2277,2277,D330000092,南區喜樹圖書館1F男廁,臺南市,南區,喜南里,22.940386,120.178308,男廁所
2278,2278,D330000098,南區喜樹圖書館1F無障礙廁,臺南市,南區,喜南里,22.940386,120.178308,無障礙廁所
2279,2279,D330000095,南區喜樹圖書館2F女廁,臺南市,南區,喜南里,22.940386,120.178308,女廁所
2280,2280,D330000094,南區喜樹圖書館2F男廁,臺南市,南區,喜南里,22.940386,120.178308,男廁所
2281,2281,D330000097,南區喜樹圖書館3F女廁,臺南市,南區,喜南里,22.940386,120.178308,女廁所
2282,2282,D330000096,南區喜樹圖書館3F男廁,臺南市,南區,喜南里,22.940386,120.178308,男廁所
2283,2283,D330000208,南區衛生所女廁,臺南市,南區,南都里,22.960737,120.188082,女廁所
2284,2284,D330000209,南區衛生所男廁,臺南市,南區,南都里,22.960737,120.188082,男廁所
2285,2285,D330000211,南都里活動中心1F女廁,臺南市,南區,南都里,22.961013,120.187133,女廁所
2286,2286,D330000210,南都里活動中心1F男廁,臺南市,南區,南都里,22.961013,120.187133,男廁所
2287,2287,D330000212,南都里活動中心1F無障礙廁,臺南市,南區,南都里,22.961013,120.187133,無障礙廁所
2288,2288,D330000257,南華里活動中心1F女廁,臺南市,南區,南華里,22.96249,120.186379,女廁所
2289,2289,D330000256,南華里活動中心1F男廁,臺南市,南區,南華里,22.96249,120.186379,男廁所
2290,2290,D330000259,南華里活動中心2F女廁,臺南市,南區,南華里,22.96249,120.186379,女廁所
2291,2291,D330000258,南華里活動中心2F男廁,臺南市,南區,南華里,22.96249,120.186379,男廁所
2292,2292,D290000056,南雄派出所混合廁,臺南市,關廟區,龜洞里,22.905795,120.357024,混合廁所
2293,2293,D100000075,南廍加油站混合廁,臺南市,官田區,南廍里,23.214017,120.30776,混合廁所
2294,2294,D280000141,南潭社區公園混合廁,臺南市,歸仁區,七甲里,22.988505,120.28173,混合廁所
2295,2295,D110000044,南瀛科學教育館女廁,臺南市,大內區,曲溪里,23.117583,120.390948,女廁所
2296,2296,D110000043,南瀛科學教育館男廁,臺南市,大內區,曲溪里,23.117583,120.390948,男廁所
2297,2297,D110000107,南瀛科學教育館無障礙廁,臺南市,大內區,曲溪里,23.117681,120.390839,無障礙廁所
2298,2298,D190000068,南關里活動中心混合廁,臺南市,善化區,南關里,23.129099,120.287855,混合廁所
2299,2299,D170000062,南鯤鯓代天府女廁,臺南市,北門區,蚵寮里,23.28634,120.143416,女廁所
2300,2300,D170000063,南鯤鯓代天府男廁,臺南市,北門區,蚵寮里,23.28634,120.143416,男廁所
2301,2301,D170000064,南鯤鯓代天府後殿女廁,臺南市,北門區,蚵寮里,23.286087,120.143915,女廁所
2302,2302,D170000065,南鯤鯓代天府後殿男廁,臺南市,北門區,蚵寮里,23.286087,120.143915,男廁所
2303,2303,D170000066,南鯤鯓代天府凌霄寶殿女廁,臺南市,北門區,蚵寮里,23.285456,120.144385,女廁所
2304,2304,D170000067,南鯤鯓代天府凌霄寶殿男廁,臺南市,北門區,蚵寮里,23.285456,120.144385,男廁所
2305,2305,D250000045,厚德紫竹寺女廁,臺南市,南化區,東和里,23.030135,120.500715,女廁所
2306,2306,D250000044,厚德紫竹寺男廁,臺南市,南化區,東和里,23.030135,120.500715,男廁所
2307,2307,D330000386,哈赫拿爾森林公園無障礙廁,臺南市,南區,竹溪里,22.977011,120.206986,無障礙廁所
2308,2308,D330000387,哈赫拿爾森林公園親子廁,臺南市,南區,竹溪里,22.977011,120.206986,親子廁所
2309,2309,D350000126,城中社區活動中心1F混合廁,臺南市,安南區,城中里,23.060606,120.130369,混合廁所
2310,2310,D350000127,城北社區活動中心1F混合廁,臺南市,安南區,城北里,23.06074,120.130994,混合廁所
2311,2311,D350000128,城北社區活動中心2F混合廁,臺南市,安南區,城北里,23.06074,120.130994,混合廁所
2312,2312,D360000112,建平里活動中心女廁,臺南市,安平區,建平里,22.993712,120.185721,女廁所
2313,2313,D360000276,建平里活動中心男廁,臺南市,安平區,建平里,22.993712,120.185721,男廁所
2314,2314,D360000113,建平里活動中心無障礙廁,臺南市,安平區,建平里,22.993712,120.185721,無障礙廁所
2315,2315,D280000087,後市里活動中心混合廁,臺南市,歸仁區,後市里,22.968469,120.289605,混合廁所
2316,2316,D320000825,後甲南聖社區聯合活動中心1F混合廁,臺南市,東區,南聖里,22.989462,120.242696,混合廁所
2317,2317,D320000827,後甲南聖社區聯合活動中心2F女廁,臺南市,東區,南聖里,22.989462,120.242696,女廁所
2318,2318,D320000826,後甲南聖社區聯合活動中心2F男廁,臺南市,東區,南聖里,22.989462,120.242696,男廁所
2319,2319,D320000850,後甲南聖社區聯合活動中心2F無障礙廁,臺南市,東區,南聖里,22.989478,120.242722,無障礙廁所
2320,2320,D150000002,後港社區活動中心混合廁,臺南市,七股區,後港里,23.18477,120.145066,混合廁所
2321,2321,D150000004,後港派出所混合廁,臺南市,七股區,大潭里,23.187888,120.132735,混合廁所
2322,2322,D050000015,後壁分隊混合廁,臺南市,後壁區,後壁里,23.365745,120.361721,混合廁所
2323,2323,D050000011,後壁分駐所混合廁,臺南市,後壁區,後壁里,23.365644,120.3621,混合廁所
2324,2324,D050000116,後壁火車站女廁,臺南市,後壁區,後壁里,23.366109,120.360548,女廁所
2325,2325,D050000115,後壁火車站男廁,臺南市,後壁區,後壁里,23.366109,120.360548,男廁所
2326,2326,D050000117,後壁火車站無障礙廁,臺南市,後壁區,後壁里,23.366109,120.360548,無障礙廁所
2327,2327,D050000036,後壁侯伯里活動中心性別友善廁,臺南市,後壁區,後壁里,23.367494,120.366418,性別友善廁所
2328,2328,D050000035,後壁侯伯里活動中心無障礙廁,臺南市,後壁區,後壁里,23.367494,120.366418,無障礙廁所
2329,2329,D050000020,後壁區公所1F性別友善廁,臺南市,後壁區,後壁里,23.365947,120.36197,性別友善廁所
2330,2330,D050000022,後壁區公所1F無障礙廁,臺南市,後壁區,後壁里,23.365947,120.36197,無障礙廁所
2331,2331,D050000027,後壁區公所2F女廁,臺南市,後壁區,後壁里,23.366067,120.361983,女廁所
2332,2332,D050000028,後壁區公所2F男廁,臺南市,後壁區,後壁里,23.366067,120.361983,男廁所
2333,2333,D050000025,後壁區公所3F女廁,臺南市,後壁區,後壁里,23.365947,120.36197,女廁所
2334,2334,D050000026,後壁區公所3F男廁,臺南市,後壁區,後壁里,23.365947,120.36197,男廁所
2335,2335,D050000080,後壁區安溪公有市場性別友善廁,臺南市,後壁區,福安里,23.330819,120.354048,性別友善廁所
2336,2336,D050000037,後壁區納骨堂女廁,臺南市,後壁區,嘉苳里,23.348463,120.363573,女廁所
2337,2337,D050000038,後壁區納骨堂男廁,臺南市,後壁區,嘉苳里,23.348463,120.363573,男廁所
2338,2338,D050000039,後壁區納骨堂無障礙廁,臺南市,後壁區,嘉苳里,23.348463,120.363573,無障礙廁所
2339,2339,D050000097,後壁區菁寮公有市場女廁,臺南市,後壁區,菁寮里,23.378409,120.335856,女廁所
2340,2340,D050000096,後壁區菁寮公有市場男廁,臺南市,後壁區,菁寮里,23.378409,120.335856,男廁所
2341,2341,D050000098,後壁區菁寮公有市場無障礙廁,臺南市,後壁區,菁寮里,23.378409,120.335856,無障礙廁所
2342,2342,D050000030,後壁區圖書館女廁,臺南市,後壁區,後壁里,23.366222,120.362282,女廁所
2343,2343,D050000029,後壁區圖書館男廁,臺南市,後壁區,後壁里,23.366222,120.362282,男廁所
2344,2344,D050000023,後壁區衛生所女廁,臺南市,後壁區,後壁里,23.365579,120.362255,女廁所
2345,2345,D050000021,後壁區衛生所男廁,臺南市,後壁區,後壁里,23.365579,120.362255,男廁所
2346,2346,D140000023,後營派出所混合廁,臺南市,西港區,營西里,23.139705,120.21693,混合廁所
2347,2347,D010000207,後鎮派出所混合廁,臺南市,新營區,護鎮里,23.330493,120.312743,混合廁所
2348,2348,D090000008,恆安宮媽祖廟女廁,臺南市,六甲區,六甲里,23.230665,120.35396,女廁所
2349,2349,D090000007,恆安宮媽祖廟男廁,臺南市,六甲區,六甲里,23.230665,120.35396,男廁所
2350,2350,D340000433,挑戰者公園南加油站女廁,臺南市,北區,北華里,23.001639,120.205699,女廁所
2351,2351,D340000434,挑戰者公園南加油站男廁,臺南市,北區,北華里,23.001639,120.205699,男廁所
2352,2352,D040000054,柳營人和代天宮混合廁,臺南市,柳營區,人和里,23.286477,120.301084,混合廁所
2353,2353,D040000142,柳營公有零售市場女廁,臺南市,柳營區,光福里,23.276347,120.312811,女廁所
2354,2354,D040000141,柳營公有零售市場男廁,臺南市,柳營區,光福里,23.276347,120.312811,男廁所
2355,2355,D040000014,柳營分隊混合廁,臺南市,柳營區,士林里,23.278045,120.311026,混合廁所
2356,2356,D040000013,柳營分駐所混合廁,臺南市,柳營區,士林里,23.276511,120.312313,混合廁所
2357,2357,D040000263,柳營火車站女廁,臺南市,柳營區,東昇里,23.277501,120.322463,女廁所
2358,2358,D040000044,柳營火車站男廁,臺南市,柳營區,東昇里,23.277541,120.322488,男廁所
2359,2359,D040000264,柳營火車站無障礙廁,臺南市,柳營區,東昇里,23.277501,120.322463,無障礙廁所
2360,2360,D040000074,柳營交流道加油站女廁,臺南市,柳營區,果毅里,23.259687,120.372646,女廁所
2361,2361,D040000073,柳營交流道加油站男廁,臺南市,柳營區,果毅里,23.259687,120.372646,男廁所
2362,2362,D040000092,柳營尖山埤渡假村入口右側女廁,臺南市,柳營區,旭山里,23.266203,120.393668,女廁所
2363,2363,D040000091,柳營尖山埤渡假村入口右側男廁,臺南市,柳營區,旭山里,23.266203,120.393668,男廁所
2364,2364,D040000093,柳營尖山埤渡假村入口右側無障礙廁,臺南市,柳營區,旭山里,23.266203,120.393668,無障礙廁所
2365,2365,D040000095,柳營尖山埤渡假村入口左側女廁,臺南市,柳營區,旭山里,23.266203,120.393668,女廁所
2366,2366,D040000094,柳營尖山埤渡假村入口左側男廁,臺南市,柳營區,旭山里,23.266203,120.393668,男廁所
2367,2367,D040000118,柳營尖山埤渡假村入口左側親子廁,臺南市,柳營區,旭山里,23.266107,120.393856,親子廁所
2368,2368,D040000107,柳營尖山埤渡假村五曲步道女廁,臺南市,柳營區,旭山里,23.266203,120.393668,女廁所
2369,2369,D040000106,柳營尖山埤渡假村五曲步道男廁,臺南市,柳營區,旭山里,23.266203,120.393668,男廁所
2370,2370,D040000109,柳營尖山埤渡假村木屋區女廁,臺南市,柳營區,旭山里,23.266203,120.393668,女廁所
2371,2371,D040000108,柳營尖山埤渡假村木屋區男廁,臺南市,柳營區,旭山里,23.266203,120.393668,男廁所
2372,2372,D040000102,柳營尖山埤渡假村休閒娛樂室男廁,臺南市,柳營區,旭山里,23.266203,120.393668,男廁所
2373,2373,D040000101,柳營尖山埤渡假村江南會館女廁,臺南市,柳營區,旭山里,23.26454,120.394175,女廁所
2374,2374,D040000100,柳營尖山埤渡假村江南會館男廁,臺南市,柳營區,旭山里,23.26454,120.394175,男廁所
2375,2375,D040000115,柳營尖山埤渡假村植物園區女廁,臺南市,柳營區,旭山里,23.266203,120.393668,女廁所
2376,2376,D040000114,柳營尖山埤渡假村植物園區男廁,臺南市,柳營區,旭山里,23.266203,120.393668,男廁所
2377,2377,D040000111,柳營尖山埤渡假村遠翠樓女廁,臺南市,柳營區,旭山里,23.266203,120.393668,女廁所
2378,2378,D040000110,柳營尖山埤渡假村遠翠樓男廁,臺南市,柳營區,旭山里,23.266203,120.393668,男廁所
2379,2379,D040000117,柳營尖山埤渡假村觀光女廁,臺南市,柳營區,旭山里,23.266203,120.393668,女廁所
2380,2380,D040000116,柳營尖山埤渡假村觀光男廁,臺南市,柳營區,旭山里,23.266203,120.393668,男廁所
2381,2381,D040000103,柳營尖山埤渡假村觀光無障礙廁,臺南市,柳營區,旭山里,23.266203,120.393668,無障礙廁所
2382,2382,D040000193,柳營奇美醫院1F大講堂女廁,臺南市,柳營區,太康里,23.28928,120.324687,女廁所
2383,2383,D040000192,柳營奇美醫院1F大講堂男廁,臺南市,柳營區,太康里,23.28928,120.324687,男廁所
2384,2384,D040000194,柳營奇美醫院1F大講堂無障礙廁,臺南市,柳營區,太康里,23.28928,120.324687,無障礙廁所
2385,2385,D040000211,柳營奇美醫院1F外科門診女廁,臺南市,柳營區,太康里,23.28928,120.324687,女廁所
2386,2386,D040000210,柳營奇美醫院1F外科門診男廁,臺南市,柳營區,太康里,23.28928,120.324687,男廁所
2387,2387,D040000213,柳營奇美醫院1F耳鼻喉科女廁,臺南市,柳營區,太康里,23.28928,120.324687,女廁所
2388,2388,D040000212,柳營奇美醫院1F耳鼻喉科男廁,臺南市,柳營區,太康里,23.28928,120.324687,男廁所
2389,2389,D040000214,柳營奇美醫院1F耳鼻喉科無障礙廁,臺南市,柳營區,太康里,23.28928,120.324687,無障礙廁所
2390,2390,D040000209,柳營奇美醫院1F抽血站女廁,臺南市,柳營區,太康里,23.28928,120.324687,女廁所
2391,2391,D040000208,柳營奇美醫院1F抽血站男廁,臺南市,柳營區,太康里,23.28928,120.324687,男廁所
2392,2392,D040000201,柳營奇美醫院1F放射科女廁,臺南市,柳營區,太康里,23.28928,120.324687,女廁所
2393,2393,D040000200,柳營奇美醫院1F放射科男廁,臺南市,柳營區,太康里,23.28928,120.324687,男廁所
2394,2394,D040000203,柳營奇美醫院1F急診護理女廁,臺南市,柳營區,太康里,23.28928,120.324687,女廁所
2395,2395,D040000202,柳營奇美醫院1F急診護理男廁,臺南市,柳營區,太康里,23.28928,120.324687,男廁所
2396,2396,D040000204,柳營奇美醫院1F急診護理無障礙廁,臺南市,柳營區,太康里,23.28928,120.324687,無障礙廁所
2397,2397,D040000205,柳營奇美醫院1F急診觀察男廁,臺南市,柳營區,太康里,23.28928,120.324687,男廁所
2398,2398,D040000206,柳營奇美醫院1F急診觀察室女廁,臺南市,柳營區,太康里,23.28928,120.324687,女廁所
2399,2399,D040000207,柳營奇美醫院1F急診觀察室無障礙廁,臺南市,柳營區,太康里,23.28928,120.324687,無障礙廁所
2400,2400,D040000196,柳營奇美醫院1F復健科女廁,臺南市,柳營區,太康里,23.28928,120.324687,女廁所
2401,2401,D040000195,柳營奇美醫院1F復健科男廁,臺南市,柳營區,太康里,23.28928,120.324687,男廁所
2402,2402,D040000197,柳營奇美醫院1F復健科無障礙廁,臺南市,柳營區,太康里,23.28928,120.324687,無障礙廁所
2403,2403,D040000199,柳營奇美醫院1F檢查室女廁,臺南市,柳營區,太康里,23.28928,120.324687,女廁所
2404,2404,D040000198,柳營奇美醫院1F檢查室男廁,臺南市,柳營區,太康里,23.28928,120.324687,男廁所
2405,2405,D040000216,柳營奇美醫院2F家屬休息室旁女廁,臺南市,柳營區,太康里,23.28928,120.324687,女廁所
2406,2406,D040000215,柳營奇美醫院2F家屬休息室旁男廁,臺南市,柳營區,太康里,23.28928,120.324687,男廁所
2407,2407,D040000217,柳營奇美醫院2F家屬休息室旁無障礙廁,臺南市,柳營區,太康里,23.28928,120.324687,無障礙廁所
2408,2408,D040000219,柳營奇美醫院2F開刀房旁女廁,臺南市,柳營區,太康里,23.28928,120.324687,女廁所
2409,2409,D040000218,柳營奇美醫院2F開刀房旁男廁,臺南市,柳營區,太康里,23.28928,120.324687,男廁所
2410,2410,D040000220,柳營奇美醫院2F開刀房旁無障礙廁,臺南市,柳營區,太康里,23.28928,120.324687,無障礙廁所
2411,2411,D040000224,柳營奇美醫院3F工務室女廁,臺南市,柳營區,太康里,23.28928,120.324687,女廁所
2412,2412,D040000223,柳營奇美醫院3F工務室男廁,臺南市,柳營區,太康里,23.28928,120.324687,男廁所
2413,2413,D040000222,柳營奇美醫院3F羽球場旁女廁,臺南市,柳營區,太康里,23.28928,120.324687,女廁所
2414,2414,D040000221,柳營奇美醫院3F羽球場旁男廁,臺南市,柳營區,太康里,23.28928,120.324687,男廁所
2415,2415,D040000189,柳營奇美醫院B1西餐廳女廁,臺南市,柳營區,太康里,23.28928,120.324687,女廁所
2416,2416,D040000188,柳營奇美醫院B1西餐廳男廁,臺南市,柳營區,太康里,23.28928,120.324687,男廁所
2417,2417,D040000182,柳營奇美醫院B1核醫放腫科女廁,臺南市,柳營區,太康里,23.28928,120.324687,女廁所
2418,2418,D040000181,柳營奇美醫院B1核醫放腫科男廁,臺南市,柳營區,太康里,23.28928,120.324687,男廁所
2419,2419,D040000183,柳營奇美醫院B1核醫放腫科無障礙廁,臺南市,柳營區,太康里,23.28928,120.324687,無障礙廁所
2420,2420,D040000187,柳營奇美醫院B1病理部女廁,臺南市,柳營區,太康里,23.28928,120.324687,女廁所
2421,2421,D040000186,柳營奇美醫院B1病理部男廁,臺南市,柳營區,太康里,23.28928,120.324687,男廁所
2422,2422,D040000229,柳營奇美醫院六樓圖書館室旁無障礙廁,臺南市,柳營區,太康里,23.28928,120.324687,無障礙廁所
2423,2423,D040000228,柳營奇美醫院六樓圖書館旁女廁,臺南市,柳營區,太康里,23.28928,120.324687,女廁所
2424,2424,D040000227,柳營奇美醫院六樓圖書館旁男廁,臺南市,柳營區,太康里,23.28928,120.324687,男廁所
2425,2425,D040000226,柳營奇美醫院六樓總務室旁女廁,臺南市,柳營區,太康里,23.28928,120.324687,女廁所
2426,2426,D040000225,柳營奇美醫院六樓總務室旁男廁,臺南市,柳營區,太康里,23.28928,120.324687,男廁所
2427,2427,D040000233,柳營奇美醫院宿舍大樓1F中央服務台女廁,臺南市,柳營區,太康里,23.28928,120.324687,女廁所
2428,2428,D040000232,柳營奇美醫院宿舍大樓1F中央服務台男廁,臺南市,柳營區,太康里,23.28928,120.324687,男廁所
2429,2429,D040000234,柳營奇美醫院宿舍大樓1F中央服務台無障礙廁,臺南市,柳營區,太康里,23.28928,120.324687,無障礙廁所
2430,2430,D040000236,柳營奇美醫院宿舍大樓1F會議室旁女廁,臺南市,柳營區,太康里,23.28928,120.324687,女廁所
2431,2431,D040000235,柳營奇美醫院宿舍大樓1F會議室旁男廁,臺南市,柳營區,太康里,23.28928,120.324687,男廁所
2432,2432,D040000231,柳營奇美醫院宿舍大樓B1女廁,臺南市,柳營區,太康里,23.28928,120.324687,女廁所
2433,2433,D040000230,柳營奇美醫院宿舍大樓B1男廁,臺南市,柳營區,太康里,23.28928,120.324687,男廁所
2434,2434,D040000241,柳營區小腳腿公有零售市場女廁,臺南市,柳營區,篤農里,23.290239,120.367316,女廁所
2435,2435,D040000240,柳營區小腳腿公有零售市場男廁,臺南市,柳營區,篤農里,23.290239,120.367316,男廁所
2436,2436,D040000010,柳營區公所1F女廁,臺南市,柳營區,士林里,23.278396,120.311698,女廁所
2437,2437,D040000009,柳營區公所1F男廁,臺南市,柳營區,士林里,23.278396,120.311698,男廁所
2438,2438,D040000018,柳營區公所1F無障礙廁暨性別友善廁,臺南市,柳營區,士林里,23.278396,120.311698,無障礙廁所
2439,2439,D040000023,柳營區公所2F女廁,臺南市,柳營區,士林里,23.278396,120.311698,女廁所
2440,2440,D040000022,柳營區公所2F男廁,臺南市,柳營區,士林里,23.278396,120.311698,男廁所
2441,2441,D040000021,柳營區公所3F女廁,臺南市,柳營區,士林里,23.278396,120.311698,女廁所
2442,2442,D040000020,柳營區公所3F男廁,臺南市,柳營區,士林里,23.278396,120.311698,男廁所
2443,2443,D040000043,柳營區公所公兒三公園女廁,臺南市,柳營區,東昇里,23.279626,120.319711,女廁所
2444,2444,D040000042,柳營區公所公兒三公園男廁,臺南市,柳營區,東昇里,23.279626,120.319711,男廁所
2445,2445,D040000030,柳營區圖書館2F女廁,臺南市,柳營區,士林里,23.278558,120.311387,女廁所
2446,2446,D040000031,柳營區圖書館2F男廁,臺南市,柳營區,士林里,23.278558,120.311387,男廁所
2447,2447,D040000032,柳營區圖書館2F親子廁,臺南市,柳營區,士林里,23.278558,120.311387,親子廁所
2448,2448,D040000033,柳營區圖書館3F女廁,臺南市,柳營區,士林里,23.278558,120.311387,女廁所
2449,2449,D040000034,柳營區圖書館3F男廁,臺南市,柳營區,士林里,23.278558,120.311387,男廁所
2450,2450,D040000028,柳營區圖書館西邊1F女廁,臺南市,柳營區,士林里,23.278558,120.311387,女廁所
2451,2451,D040000027,柳營區圖書館東邊1F男廁,臺南市,柳營區,士林里,23.278558,120.311387,男廁所
2452,2452,D040000011,柳營區衛生所1F無障礙廁,臺南市,柳營區,士林里,23.278546,120.31072,無障礙廁所
2453,2453,D040000008,柳營區調解委員會混合廁,臺南市,柳營區,士林里,23.278258,120.310984,混合廁所
2454,2454,D040000016,柳營祿園火化場女廁,臺南市,柳營區,中埕里,23.26044,120.313046,女廁所
2455,2455,D040000017,柳營祿園火化場男廁,臺南市,柳營區,中埕里,23.26044,120.313046,男廁所
2456,2456,D040000265,柳營祿園殯儀館無障礙廁,臺南市,柳營區,士林里,23.260826,120.311766,無障礙廁所
2457,2457,D040000251,柳營環保科技園區1F女廁,臺南市,柳營區,大農里,23.282402,120.358614,女廁所
2458,2458,D040000250,柳營環保科技園區1F男廁,臺南市,柳營區,大農里,23.282402,120.358614,男廁所
2459,2459,D040000252,柳營環保科技園區1F無障礙廁,臺南市,柳營區,大農里,23.282402,120.358614,無障礙廁所
2460,2460,D040000248,柳營環保科技園區2F女廁,臺南市,柳營區,大農里,23.282402,120.358614,女廁所
2461,2461,D040000247,柳營環保科技園區2F男廁,臺南市,柳營區,大農里,23.282402,120.358614,男廁所
2462,2462,D040000249,柳營環保科技園區2F無障礙廁,臺南市,柳營區,大農里,23.282402,120.358614,無障礙廁所
2463,2463,D040000243,柳營環保科技園區B1女廁,臺南市,柳營區,大農里,23.282402,120.358614,女廁所
2464,2464,D040000242,柳營環保科技園區B1男廁,臺南市,柳營區,大農里,23.282402,120.358614,男廁所
2465,2465,D040000244,柳營環保科技園區B1無障礙廁,臺南市,柳營區,大農里,23.282402,120.358614,無障礙廁所
2466,2466,D040000245,柳營環保科技園區議會廳女廁,臺南市,柳營區,大農里,23.282409,120.358515,女廁所
2467,2467,D040000246,柳營環保科技園區議會廳男廁,臺南市,柳營區,大農里,23.282409,120.358515,男廁所
2468,2468,D040000262,柳營環保科技園區議會廳無障礙廁,臺南市,柳營區,大農里,23.282409,120.358515,無障礙廁所
2469,2469,D040000253,柳營環保科技園區議會廳親子廁,臺南市,柳營區,大農里,23.282409,120.358515,親子廁所
2470,2470,D040000045,柳營聯合活動中心1F女廁,臺南市,柳營區,東昇里,23.277058,120.317584,女廁所
2471,2471,D040000046,柳營聯合活動中心1F男廁,臺南市,柳營區,東昇里,23.277058,120.317584,男廁所
2472,2472,D040000047,柳營聯合活動中心1F無障礙廁,臺南市,柳營區,東昇里,23.277058,120.317584,無障礙廁所
2473,2473,D040000048,柳營聯合活動中心2F女廁,臺南市,柳營區,東昇里,23.277058,120.317584,女廁所
2474,2474,D040000049,柳營聯合活動中心2F男廁,臺南市,柳營區,東昇里,23.277058,120.317584,男廁所
2475,2475,D370000512,洪外科醫院1F員工混合廁,臺南市,中西區,五條港里,22.995162,120.197645,混合廁所
2476,2476,D370000513,洪外科醫院2F復健科女廁,臺南市,中西區,五條港里,22.995162,120.197645,女廁所
2477,2477,D370000514,洪外科醫院2F復健科男廁,臺南市,中西區,五條港里,22.995162,120.197645,男廁所
2478,2478,D370000515,洪外科醫院地下室女廁,臺南市,中西區,五條港里,22.995162,120.197645,女廁所
2479,2479,D370000516,洪外科醫院地下室男廁,臺南市,中西區,五條港里,22.995162,120.197645,男廁所
2480,2480,D280000119,看西里老人文康中心女廁,臺南市,歸仁區,看西里,22.96061,120.300213,女廁所
2481,2481,D280000120,看西里老人文康中心男廁,臺南市,歸仁區,看西里,22.96061,120.300213,男廁所
2482,2482,D280000121,看西里老人文康中心無障礙廁,臺南市,歸仁區,看西里,22.96061,120.300213,無障礙廁所
2483,2483,D280000122,看西廣場武聖宮女廁,臺南市,歸仁區,看西里,22.96206,120.300892,女廁所
2484,2484,D280000123,看西廣場武聖宮男廁,臺南市,歸仁區,看西里,22.96206,120.300892,男廁所
2485,2485,D150000060,看坪社區活動中心混合廁,臺南市,七股區,樹林里,23.127171,120.147512,混合廁所
2486,2486,D030000072,紅葉公園上層女廁,臺南市,白河區,關嶺里,23.340928,120.506194,女廁所
2487,2487,D030000071,紅葉公園上層男廁,臺南市,白河區,關嶺里,23.340928,120.506194,男廁所
2488,2488,D030000074,紅葉公園下層女廁,臺南市,白河區,關嶺里,23.339163,120.507342,女廁所
2489,2489,D030000073,紅葉公園下層男廁,臺南市,白河區,關嶺里,23.339163,120.507342,男廁所
2490,2490,D030000075,紅葉公園下層無障礙廁,臺南市,白河區,關嶺里,23.339163,120.507342,無障礙廁所
2491,2491,D310000147,美吉加油站女廁,臺南市,永康區,二王里,23.017122,120.238812,女廁所
2492,2492,D310000146,美吉加油站男廁,臺南市,永康區,二王里,23.017122,120.238812,男廁所
2493,2493,D190000099,胡厝里活動中心混合廁,臺南市,善化區,胡厝里,23.134137,120.259528,混合廁所
2494,2494,D190000088,胡家里活動中心女廁,臺南市,善化區,胡家里,23.146417,120.270228,女廁所
2495,2495,D190000089,胡家里活動中心男廁,臺南市,善化區,胡家里,23.146417,120.270228,男廁所
2496,2496,D160000072,苓和派出所混合廁,臺南市,將軍區,苓仔寮里,23.218969,120.164211,混合廁所
2497,2497,D190000137,茄拔派出所混合廁,臺南市,善化區,嘉南里,23.1369,120.322242,混合廁所
2498,2498,D080000044,茅港派出所混合廁,臺南市,下營區,茅營里,23.217021,120.281717,混合廁所
2499,2499,D040000059,重溪派出所混合廁,臺南市,柳營區,篤農里,23.290251,120.367069,混合廁所
2500,2500,D340000316,重興里活動中心女廁,臺南市,北區,重興里,23.003536,120.226623,女廁所
2501,2501,D340000315,重興里活動中心男廁,臺南市,北區,重興里,23.003536,120.226623,男廁所
2502,2502,D160000052,飛砂崙公園女廁,臺南市,將軍區,忠嘉里,23.202522,120.159186,女廁所
2503,2503,D160000053,飛砂崙公園男廁,臺南市,將軍區,忠嘉里,23.202522,120.159186,男廁所
2504,2504,D320000522,香格里拉大飯店1F女廁,臺南市,東區,成大里,22.996586,120.214155,女廁所
2505,2505,D320000521,香格里拉大飯店1F男廁,臺南市,東區,成大里,22.996586,120.214155,男廁所
2506,2506,D320000523,香格里拉大飯店1F無障礙廁,臺南市,東區,成大里,22.996586,120.214155,無障礙廁所
2507,2507,D320000525,香格里拉大飯店2F女廁,臺南市,東區,成大里,22.996586,120.214155,女廁所
2508,2508,D320000524,香格里拉大飯店2F男廁,臺南市,東區,成大里,22.996586,120.214155,男廁所
2509,2509,D320000532,香格里拉大飯店9F女廁,臺南市,東區,成大里,22.996586,120.214155,女廁所
2510,2510,D320000531,香格里拉大飯店9F男廁,臺南市,東區,成大里,22.996586,120.214155,男廁所
2511,2511,D320000533,香格里拉大飯店9F無障礙廁,臺南市,東區,成大里,22.996586,120.214155,無障礙廁所
2512,2512,D320000519,香格里拉大飯店B2女廁,臺南市,東區,成大里,22.996586,120.214155,女廁所
2513,2513,D320000518,香格里拉大飯店B2男廁,臺南市,東區,成大里,22.996586,120.214155,男廁所
2514,2514,D320000520,香格里拉大飯店B2無障礙廁,臺南市,東區,成大里,22.996586,120.214155,無障礙廁所
2515,2515,D020000074,孫厝寮保聖宮女廁,臺南市,鹽水區,文昌里,23.293477,120.222009,女廁所
2516,2516,D020000075,孫厝寮保聖宮男廁,臺南市,鹽水區,文昌里,23.293477,120.222009,男廁所
2517,2517,D310000004,家樂福中正店女廁,臺南市,永康區,塩行里,23.032901,120.228664,女廁所
2518,2518,D310000003,家樂福中正店男廁,臺南市,永康區,塩行里,23.032901,120.228664,男廁所
2519,2519,D310000005,家樂福中正店無障礙廁,臺南市,永康區,塩行里,23.032901,120.228664,無障礙廁所
2520,2520,D270000015,家樂福仁德店1F女廁,臺南市,仁德區,仁德里,22.972404,120.247118,女廁所
2521,2521,D270000013,家樂福仁德店1F男廁,臺南市,仁德區,仁德里,22.972404,120.247118,男廁所
2522,2522,D270000014,家樂福仁德店1F無障礙廁,臺南市,仁德區,仁德里,22.972404,120.247118,無障礙廁所
2523,2523,D270000018,家樂福仁德店2F女廁,臺南市,仁德區,仁德里,22.972404,120.247118,女廁所
2524,2524,D270000022,家樂福仁德店2F男廁,臺南市,仁德區,仁德里,22.972404,120.247118,男廁所
2525,2525,D270000021,家樂福仁德店2F無障礙廁,臺南市,仁德區,仁德里,22.972404,120.247118,無障礙廁所
2526,2526,D270000020,家樂福仁德店B1女廁,臺南市,仁德區,仁德里,22.972404,120.247118,女廁所
2527,2527,D270000019,家樂福仁德店B1男廁,臺南市,仁德區,仁德里,22.972404,120.247118,男廁所
2528,2528,D270000016,家樂福仁德店B2女廁,臺南市,仁德區,仁德里,22.972404,120.247118,女廁所
2529,2529,D270000017,家樂福仁德店B2男廁,臺南市,仁德區,仁德里,22.972404,120.247118,男廁所
2530,2530,D370000409,家樂福安平店B1女廁,臺南市,中西區,大涼里,22.987891,120.187187,女廁所
2531,2531,D370000410,家樂福安平店B1男廁,臺南市,中西區,大涼里,22.987891,120.187187,男廁所
2532,2532,D270000176,家樂福新仁店1F北側女廁,臺南市,仁德區,仁愛里,22.947054,120.220027,女廁所
2533,2533,D270000177,家樂福新仁店1F北側男廁,臺南市,仁德區,仁愛里,22.947054,120.220027,男廁所
2534,2534,D270000173,家樂福新仁店1F南側女廁,臺南市,仁德區,仁愛里,22.947054,120.220027,女廁所
2535,2535,D270000174,家樂福新仁店1F南側男廁,臺南市,仁德區,仁愛里,22.947054,120.220027,男廁所
2536,2536,D270000175,家樂福新仁店1F南側無障礙廁,臺南市,仁德區,仁愛里,22.947054,120.220027,無障礙廁所
2537,2537,D270000178,家樂福新仁店2F南側女廁,臺南市,仁德區,仁愛里,22.947054,120.220027,女廁所
2538,2538,D270000179,家樂福新仁店2F南側男廁,臺南市,仁德區,仁愛里,22.947054,120.220027,男廁所
2539,2539,D270000180,家樂福新仁店2F南側無障礙廁,臺南市,仁德區,仁愛里,22.947054,120.220027,無障礙廁所
2540,2540,D270000170,家樂福新仁店B1女廁,臺南市,仁德區,仁愛里,22.947054,120.220027,女廁所
2541,2541,D270000171,家樂福新仁店B1男廁,臺南市,仁德區,仁愛里,22.947054,120.220027,男廁所
2542,2542,D270000172,家樂福新仁店B1無障礙廁,臺南市,仁德區,仁愛里,22.947054,120.220027,無障礙廁所
2543,2543,D050000113,崁頂社區活動中心混合廁,臺南市,後壁區,菁豐里,23.382059,120.344874,混合廁所
2544,2544,D160000142,扇鹽地景園區女廁,臺南市,將軍區,鯤鯓里,23.19309505,120.0910726,女廁所
2545,2545,D160000141,扇鹽地景園區男廁,臺南市,將軍區,鯤鯓里,23.1930741,120.0910834,男廁所
2546,2546,D160000143,扇鹽地景園區無障礙廁,臺南市,將軍區,鯤鯓里,23.19307533,120.0910887,無障礙廁所
2547,2547,D310000567,晉生慢性醫院護理中心1F女廁,臺南市,永康區,二王里,23.021401,120.249322,女廁所
2548,2548,D310000566,晉生慢性醫院護理中心1F男廁,臺南市,永康區,二王里,23.021401,120.249322,男廁所
2549,2549,D360000253,校前社區活動中心混合廁,臺南市,安平區,天妃里,22.998526,120.16518,混合廁所
2550,2550,D370000546,海安路藝術街停車場B1柱17女廁,臺南市,中西區,府前里,22.992245,120.195792,女廁所
2551,2551,D370000547,海安路藝術街停車場B1柱17男廁,臺南市,中西區,府前里,22.992245,120.195792,男廁所
2552,2552,D370000548,海安路藝術街停車場B1柱17無障礙廁,臺南市,中西區,府前里,22.992245,120.195792,無障礙廁所
2553,2553,D370000549,海安路藝術街停車場B1柱47女廁,臺南市,中西區,淺草里,22.995163,120.196531,女廁所
2554,2554,D370000550,海安路藝術街停車場B1柱47男廁,臺南市,中西區,淺草里,22.995163,120.196531,男廁所
2555,2555,D370000551,海安路藝術街停車場B1柱47無障礙廁,臺南市,中西區,淺草里,22.995163,120.196531,無障礙廁所
2556,2556,D370000552,海安路藝術街停車場B2柱17女廁,臺南市,中西區,府前里,22.992245,120.195792,女廁所
2557,2557,D370000553,海安路藝術街停車場B2柱17男廁,臺南市,中西區,府前里,22.992245,120.195792,男廁所
2558,2558,D370000554,海安路藝術街停車場B2柱17無障礙廁,臺南市,中西區,府前里,22.992245,120.195792,無障礙廁所
2559,2559,D370000555,海安路藝術街停車場B2柱27女廁,臺南市,中西區,淺草里,22.99185425,120.1957619,女廁所
2560,2560,D370000556,海安路藝術街停車場B2柱27男廁,臺南市,中西區,淺草里,22.99327251,120.1961213,男廁所
2561,2561,D370000557,海安路藝術街停車場B2柱27無障礙廁,臺南市,中西區,淺草里,22.993505,120.196118,無障礙廁所
2562,2562,D370000558,海安路藝術街停車場B2柱47女廁,臺南市,中西區,淺草里,22.995163,120.196531,女廁所
2563,2563,D370000559,海安路藝術街停車場B2柱47男廁,臺南市,中西區,淺草里,22.995163,120.196531,男廁所
2564,2564,D370000560,海安路藝術街停車場B2柱47無障礙廁,臺南市,中西區,淺草里,22.995163,120.196531,無障礙廁所
2565,2565,D210000060,海寮加油站女廁,臺南市,安定區,海寮里,23.09076,120.210224,女廁所
2566,2566,D210000058,海寮加油站男廁,臺南市,安定區,海寮里,23.09076,120.210224,男廁所
2567,2567,D360000230,海頭社區活動中心女廁,臺南市,安平區,王城里,23.004177,120.160304,女廁所
2568,2568,D360000231,海頭社區活動中心男廁,臺南市,安平區,王城里,23.004177,120.160304,男廁所
2569,2569,D100000089,烏山頭水庫風景區三角埤公園女廁,臺南市,官田區,烏山頭里,23.206224,120.365286,女廁所
2570,2570,D100000090,烏山頭水庫風景區三角埤公園男廁,臺南市,官田區,烏山頭里,23.206224,120.365286,男廁所
2571,2571,D100000091,烏山頭水庫風景區火車頭女廁,臺南市,官田區,烏山頭里,23.208055,120.367968,女廁所
2572,2572,D100000092,烏山頭水庫風景區火車頭男廁,臺南市,官田區,烏山頭里,23.208055,120.367968,男廁所
2573,2573,D100000093,烏山頭水庫風景區火車頭無障礙廁,臺南市,官田區,烏山頭里,23.208055,120.367968,無障礙廁所
2574,2574,D100000094,烏山頭水庫風景區旅客服務中心女廁,臺南市,官田區,烏山頭里,23.197223,120.370193,女廁所
2575,2575,D100000095,烏山頭水庫風景區旅客服務中心男廁,臺南市,官田區,烏山頭里,23.197223,120.370193,男廁所
2576,2576,D100000096,烏山頭水庫風景區旅客服務中心無障礙廁,臺南市,官田區,烏山頭里,23.197223,120.370193,無障礙廁所
2577,2577,D100000097,烏山頭水庫風景區停車場女廁,臺南市,官田區,烏山頭里,23.208841,120.364292,女廁所
2578,2578,D100000098,烏山頭水庫風景區停車場男廁,臺南市,官田區,烏山頭里,23.208841,120.364292,男廁所
2579,2579,D100000099,烏山頭水庫風景區溢洪道女廁,臺南市,官田區,烏山頭里,23.196212,120.372227,女廁所
2580,2580,D100000100,烏山頭水庫風景區溢洪道男廁,臺南市,官田區,烏山頭里,23.196212,120.372227,男廁所
2581,2581,D100000101,烏山頭水庫風景區親水公園女廁,臺南市,官田區,烏山頭里,23.205985,120.363522,女廁所
2582,2582,D100000102,烏山頭水庫風景區親水公園男廁,臺南市,官田區,烏山頭里,23.205985,120.363522,男廁所
2583,2583,D050000083,烏樹里活動中心女廁,臺南市,後壁區,福安里,23.335011,120.378046,女廁所
2584,2584,D050000084,烏樹里活動中心男廁,臺南市,後壁區,福安里,23.335011,120.378046,男廁所
2585,2585,D050000085,烏樹里活動中心無障礙廁,臺南市,後壁區,福安里,23.335011,120.378046,無障礙廁所
2586,2586,D050000073,烏樹林文化園區小火車女廁,臺南市,後壁區,福安里,23.32740996,120.3674769,女廁所
2587,2587,D050000074,烏樹林文化園區小火車男廁,臺南市,後壁區,福安里,23.32856,120.373476,男廁所
2588,2588,D050000078,烏樹林文化園區鐵道博物館旁女廁,臺南市,後壁區,福安里,23.329295,120.372615,女廁所
2589,2589,D050000079,烏樹林文化園區鐵道博物館旁男廁,臺南市,後壁區,福安里,23.329295,120.372615,男廁所
2590,2590,D340000135,特力屋股份有限公司臺南分公司女廁,臺南市,北區,元美里,23.010886,120.194529,女廁所
2591,2591,D340000136,特力屋股份有限公司臺南分公司男廁,臺南市,北區,元美里,23.010886,120.194529,男廁所
2592,2592,D270000270,特力家居台南館1F女廁,臺南市,仁德區,仁德里,22.972704,120.245368,女廁所
2593,2593,D270000269,特力家居台南館1F男廁,臺南市,仁德區,仁德里,22.972704,120.245368,男廁所
2594,2594,D270000272,特力家居台南館1F無障礙廁,臺南市,仁德區,仁德里,22.972704,120.245368,無障礙廁所
2595,2595,D270000271,特力家居台南館1F親子廁,臺南市,仁德區,仁德里,22.972704,120.245368,親子廁所
2596,2596,D270000274,特力家居台南館2F女廁,臺南市,仁德區,仁德里,22.972704,120.245368,女廁所
2597,2597,D270000273,特力家居台南館2F男廁,臺南市,仁德區,仁德里,22.972704,120.245368,男廁所
2598,2598,D270000275,特力家居台南館2F親子廁,臺南市,仁德區,仁德里,22.972704,120.245368,親子廁所
2599,2599,D270000268,特力家居台南館B1女廁,臺南市,仁德區,仁德里,22.972704,120.245368,女廁所
2600,2600,D270000267,特力家居台南館B1男廁,臺南市,仁德區,仁德里,22.972704,120.245368,男廁所
2601,2601,D240000018,神秘氣場女廁,臺南市,楠西區,灣丘里,23.174492,120.54303,女廁所
2602,2602,D240000017,神秘氣場男廁,臺南市,楠西區,灣丘里,23.174492,120.54303,男廁所
2603,2603,D310000524,高雄榮民總醫院臺南分院復健大樓1F女廁,臺南市,永康區,復興里,22.996913,120.240913,女廁所
2604,2604,D310000523,高雄榮民總醫院臺南分院復健大樓1F男廁,臺南市,永康區,復興里,22.996913,120.240913,男廁所
2605,2605,D310000526,高雄榮民總醫院臺南分院復健大樓2F女廁,臺南市,永康區,復興里,22.996913,120.240913,女廁所
2606,2606,D310000525,高雄榮民總醫院臺南分院復健大樓2F男廁,臺南市,永康區,復興里,22.996913,120.240913,男廁所
2607,2607,D310000528,高雄榮民總醫院臺南分院復健大樓3F女廁,臺南市,永康區,復興里,22.996913,120.240913,女廁所
2608,2608,D310000527,高雄榮民總醫院臺南分院復健大樓3F男廁,臺南市,永康區,復興里,22.996913,120.240913,男廁所
2609,2609,D310000530,高雄榮民總醫院臺南分院復健大樓5F女廁,臺南市,永康區,復興里,22.996913,120.240913,女廁所
2610,2610,D310000529,高雄榮民總醫院臺南分院復健大樓5F男廁,臺南市,永康區,復興里,22.996913,120.240913,男廁所
2611,2611,D310000507,高雄榮民總醫院臺南分院醫療大樓1F女廁,臺南市,永康區,復興里,22.997016,120.240376,女廁所
2612,2612,D310000506,高雄榮民總醫院臺南分院醫療大樓1F男廁,臺南市,永康區,復興里,22.997016,120.240376,男廁所
2613,2613,D310000516,高雄榮民總醫院臺南分院醫療大樓1F性別友善廁,臺南市,永康區,復興里,22.997016,120.240376,性別友善廁所
2614,2614,D310000509,高雄榮民總醫院臺南分院醫療大樓2F女廁,臺南市,永康區,復興里,22.997016,120.240376,女廁所
2615,2615,D310000510,高雄榮民總醫院臺南分院醫療大樓2F小兒科門診親子廁,臺南市,永康區,復興里,22.997016,120.240376,親子廁所
2616,2616,D310000508,高雄榮民總醫院臺南分院醫療大樓2F男廁,臺南市,永康區,復興里,22.997016,120.240376,男廁所
2617,2617,D310000512,高雄榮民總醫院臺南分院醫療大樓3F女廁,臺南市,永康區,復興里,22.997016,120.240376,女廁所
2618,2618,D310000511,高雄榮民總醫院臺南分院醫療大樓3F男廁,臺南市,永康區,復興里,22.997016,120.240376,男廁所
2619,2619,D310000514,高雄榮民總醫院臺南分院醫療大樓5F女廁,臺南市,永康區,復興里,22.997016,120.240376,女廁所
2620,2620,D310000513,高雄榮民總醫院臺南分院醫療大樓5F男廁,臺南市,永康區,復興里,22.997016,120.240376,男廁所
2621,2621,D310000515,高雄榮民總醫院臺南分院醫療大樓6F性別友善廁,臺南市,永康區,復興里,22.997016,120.240376,性別友善廁所
2622,2622,D310000517,高雄榮民總醫院臺南分院醫療大樓7F男廁,臺南市,永康區,復興里,22.997016,120.240376,男廁所
2623,2623,D310000505,高雄榮民總醫院臺南分院醫療大樓地下室女廁,臺南市,永康區,復興里,22.997016,120.240376,女廁所
2624,2624,D310000504,高雄榮民總醫院臺南分院醫療大樓地下室男廁,臺南市,永康區,復興里,22.997016,120.240376,男廁所
2625,2625,D310000518,高雄榮民總醫院臺南分院醫療大樓地下室性別友善廁,臺南市,永康區,復興里,22.997016,120.240376,性別友善廁所
2626,2626,D330000348,健康綠洲公園女廁,臺南市,南區,文南里,22.98341942,120.1840782,女廁所
2627,2627,D330000349,健康綠洲公園男廁,臺南市,南區,文南里,22.98341942,120.1840782,男廁所
2628,2628,D330000350,健康綠洲公園無障礙廁,臺南市,南區,文南里,22.98351819,120.1840273,無障礙廁所
2629,2629,D010000440,動物防疫保護處1F女廁,臺南市,新營區,新北里,23.319682,120.318992,女廁所
2630,2630,D010000439,動物防疫保護處1F男廁,臺南市,新營區,新北里,23.319682,120.318992,男廁所
2631,2631,D180000074,唪口派出所混合廁,臺南市,新化區,協興里,23.038049,120.298012,混合廁所
2632,2632,D360000311,國平里活動中心混合廁,臺南市,安平區,國平里,22.988698,120.176437,混合廁所
2633,2633,D370000276,國立台灣文學館地下室圖書館旁女廁,臺南市,中西區,永華里,22.991927,120.204572,女廁所
2634,2634,D370000277,國立台灣文學館地下室圖書館旁男廁,臺南市,中西區,永華里,22.991927,120.204572,男廁所
2635,2635,D370000278,國立台灣文學館志工室旁女廁,臺南市,中西區,永華里,22.991927,120.204572,女廁所
2636,2636,D370000279,國立台灣文學館志工室旁男廁,臺南市,中西區,永華里,22.991927,120.204572,男廁所
2637,2637,D370000280,國立台灣文學館展覽室旁女廁,臺南市,中西區,永華里,22.991927,120.204572,女廁所
2638,2638,D370000281,國立台灣文學館展覽室旁男廁,臺南市,中西區,永華里,22.991927,120.204572,男廁所
2639,2639,D370000935,國立臺南生活美學館行政活動館1F親子廁,臺南市,中西區,大涼里,22.99235,120.189176,親子廁所
2640,2640,D370000936,國立臺南生活美學館行政活動館2F親子廁,臺南市,中西區,大涼里,22.99235,120.189176,親子廁所
2641,2641,D370000937,國立臺南生活美學館演藝展覽館1F親子廁,臺南市,中西區,大涼里,22.99235,120.189176,親子廁所
2642,2642,D350000246,國立臺灣歷史博物館1F女廁,臺南市,安南區,東和里,23.058283,120.235626,女廁所
2643,2643,D350000245,國立臺灣歷史博物館1F男廁,臺南市,安南區,東和里,23.058283,120.235626,男廁所
2644,2644,D350000247,國立臺灣歷史博物館1F性別友善廁,臺南市,安南區,東和里,23.058283,120.235626,性別友善廁所
2645,2645,D350000248,國立臺灣歷史博物館1F親子廁,臺南市,安南區,東和里,23.058283,120.235626,親子廁所
2646,2646,D350000250,國立臺灣歷史博物館2F女廁,臺南市,安南區,東和里,23.058283,120.235626,女廁所
2647,2647,D350000249,國立臺灣歷史博物館2F男廁,臺南市,安南區,東和里,23.058283,120.235626,男廁所
2648,2648,D350000243,國立臺灣歷史博物館員工停車場女廁,臺南市,安南區,東和里,23.058283,120.235626,女廁所
2649,2649,D350000242,國立臺灣歷史博物館員工停車場男廁,臺南市,安南區,東和里,23.058283,120.235626,男廁所
2650,2650,D350000244,國立臺灣歷史博物館員工停車場無障礙廁,臺南市,安南區,東和里,23.058283,120.235626,無障礙廁所
2651,2651,D350000252,國立臺灣歷史博物館售票口旁女廁,臺南市,安南區,東和里,23.058283,120.235626,女廁所
2652,2652,D350000251,國立臺灣歷史博物館售票口旁男廁,臺南市,安南區,東和里,23.058283,120.235626,男廁所
2653,2653,D350000253,國立臺灣歷史博物館售票口旁無障礙廁,臺南市,安南區,東和里,23.058283,120.235626,無障礙廁所
2654,2654,D350000451,國立臺灣歷史博物館湖畔圖書館女廁,臺南市,安南區,東和里,23.059176,120.234144,女廁所
2655,2655,D350000450,國立臺灣歷史博物館湖畔圖書館男廁,臺南市,安南區,東和里,23.059176,120.234144,男廁所
2656,2656,D350000452,國立臺灣歷史博物館湖畔圖書館無障礙廁,臺南市,安南區,東和里,23.059176,120.234144,無障礙廁所
2657,2657,D350000453,國立臺灣歷史博物館湖畔圖書館親子廁,臺南市,安南區,東和里,23.059176,120.234144,親子廁所
2658,2658,D350000240,國立臺灣歷史博物館遊客中心停車場女廁,臺南市,安南區,東和里,23.058283,120.235626,女廁所
2659,2659,D350000239,國立臺灣歷史博物館遊客中心停車場男廁,臺南市,安南區,東和里,23.058283,120.235626,男廁所
2660,2660,D350000241,國立臺灣歷史博物館遊客中心停車場無障礙廁,臺南市,安南區,東和里,23.058283,120.235626,無障礙廁所
2661,2661,D150000140,國聖港燈塔A性別友善廁,臺南市,七股區,十份里,23.09999849,120.0358969,性別友善廁所
2662,2662,D150000141,國聖港燈塔B性別友善廁,臺南市,七股區,十份里,23.09999849,120.0358969,性別友善廁所
2663,2663,D150000142,國聖港燈塔無障礙廁,臺南市,七股區,十份里,23.09999849,120.0358969,無障礙廁所
2664,2664,D150000028,國賓七股加油站女廁,臺南市,七股區,七股里,23.13055,120.132735,女廁所
2665,2665,D150000027,國賓七股加油站男廁,臺南市,七股區,七股里,23.13055,120.132735,男廁所
2666,2666,D120000003,國賓加油站女廁,臺南市,佳里區,民安里,23.165736,120.188595,女廁所
2667,2667,D120000105,國賓加油站男廁,臺南市,佳里區,民安里,23.165736,120.188595,男廁所
2668,2668,D070000125,埤頭派出所混合廁,臺南市,麻豆區,埤頭里,23.191493,120.227685,混合廁所
2669,2669,D240000028,密枝里中山堂女廁,臺南市,楠西區,密枝里,23.20241,120.514674,女廁所
2670,2670,D240000029,密枝里中山堂男廁,臺南市,楠西區,密枝里,23.20241,120.514674,男廁所
2671,2671,D160000079,將軍公有零售市場混合廁,臺南市,將軍區,將軍里,23.215429,120.136751,混合廁所
2672,2672,D160000071,將軍分隊混合廁,臺南市,將軍區,西甲里,23.199936,120.156743,混合廁所
2673,2673,D160000065,將軍分駐所混合廁,臺南市,將軍區,忠嘉里,23.199168,120.158913,混合廁所
2674,2674,D160000144,將軍交流道加油站女廁,臺南市,將軍區,長沙里,23.214858,120.109748,女廁所
2675,2675,D160000145,將軍交流道加油站男廁,臺南市,將軍區,長沙里,23.214858,120.109748,男廁所
2676,2676,D160000058,將軍區公所1F女廁,臺南市,將軍區,忠嘉里,23.198918,120.158715,女廁所
2677,2677,D160000060,將軍區公所2F女廁,臺南市,將軍區,忠嘉里,23.198918,120.158715,女廁所
2678,2678,D160000061,將軍區公所2F男廁,臺南市,將軍區,忠嘉里,23.198918,120.158715,男廁所
2679,2679,D160000140,將軍區公所3F女廁,臺南市,將軍區,忠嘉里,23.198948,120.158797,女廁所
2680,2680,D160000139,將軍區公所3F男廁,臺南市,將軍區,忠嘉里,23.198948,120.158797,男廁所
2681,2681,D160000085,將軍區將庄金興宮女廁,臺南市,將軍區,將軍里,23.214855,120.137227,女廁所
2682,2682,D160000086,將軍區將庄金興宮男廁,臺南市,將軍區,將軍里,23.214855,120.137227,男廁所
2683,2683,D160000067,將軍區圖書館3F女廁,臺南市,將軍區,忠嘉里,23.20124,120.160503,女廁所
2684,2684,D160000068,將軍區圖書館3F男廁,臺南市,將軍區,忠嘉里,23.20124,120.160503,男廁所
2685,2685,D160000069,將軍區漚汪公有零售市場女廁,臺南市,將軍區,西甲里,23.19796,120.158282,女廁所
2686,2686,D160000070,將軍區漚汪公有零售市場男廁,臺南市,將軍區,西甲里,23.19796,120.158282,男廁所
2687,2687,D160000055,將軍區衛生所1F性別友善廁,臺南市,將軍區,忠嘉里,23.20143,120.158583,性別友善廁所
2688,2688,D160000054,將軍區衛生所1F無障礙廁,臺南市,將軍區,忠嘉里,23.20143,120.158583,無障礙廁所
2689,2689,D160000056,將軍區衛生所2F女廁,臺南市,將軍區,忠嘉里,23.20143,120.158583,女廁所
2690,2690,D160000057,將軍區衛生所2F男廁,臺南市,將軍區,忠嘉里,23.20143,120.158583,男廁所
2691,2691,D160000002,將軍農會加油站女廁,臺南市,將軍區,長榮里,23.191809,120.158264,女廁所
2692,2692,D160000001,將軍農會加油站男廁,臺南市,將軍區,長榮里,23.191809,120.158264,男廁所
2693,2693,D160000044,將軍漁市場女廁,臺南市,將軍區,平沙里,23.210679,120.088183,女廁所
2694,2694,D160000043,將軍漁市場男廁,臺南市,將軍區,平沙里,23.210679,120.088183,男廁所
2695,2695,D160000083,將富派出所混合廁,臺南市,將軍區,將軍里,23.215629,120.136292,混合廁所
2696,2696,D320000833,崇義黃昏市場女廁,臺南市,東區,崇德里,22.973773,120.227223,女廁所
2697,2697,D320000834,崇義黃昏市場男廁,臺南市,東區,崇德里,22.973773,120.227223,男廁所
2698,2698,D320000005,崇德公有零售市場女廁,臺南市,東區,崇學里,22.976828,120.222719,女廁所
2699,2699,D320000004,崇德公有零售市場男廁,臺南市,東區,崇學里,22.976828,120.222719,男廁所
2700,2700,D280000125,崙頂里活動中心女廁,臺南市,歸仁區,崙頂里,22.959883,120.296329,女廁所
2701,2701,D280000126,崙頂里活動中心男廁,臺南市,歸仁區,崙頂里,22.959883,120.296329,男廁所
2702,2702,D240000084,梅嶺資訊站女廁,臺南市,楠西區,灣丘里,23.18484,120.533513,女廁所
2703,2703,D240000083,梅嶺資訊站男廁,臺南市,楠西區,灣丘里,23.18484,120.533513,男廁所
2704,2704,D240000085,梅嶺資訊站無障礙廁,臺南市,楠西區,灣丘里,23.18484,120.533513,無障礙廁所
2705,2705,D060000042,淺山東原加油站混合廁,臺南市,東山區,東原里,23.269232,120.447838,混合廁所
2706,2706,D270000194,清王宮女廁,臺南市,仁德區,二行里,22.916637,120.223859,女廁所
2707,2707,D270000193,清王宮男廁,臺南市,仁德區,二行里,22.916637,120.223859,男廁所
2708,2708,D230000042,清芳社區活動中心女廁,臺南市,玉井區,中正里,23.130707,120.469186,女廁所
2709,2709,D230000041,清芳社區活動中心男廁,臺南市,玉井區,中正里,23.130707,120.469186,男廁所
2710,2710,D350000179,理想大安社區活動中心1F女廁,臺南市,安南區,理想里,23.033122,120.193052,女廁所
2711,2711,D350000026,理想大安社區活動中心1F男廁,臺南市,安南區,理想里,23.033112,120.193039,男廁所
2712,2712,D370000490,第一小康市場女廁,臺南市,中西區,西和里,23.003465,120.193264,女廁所
2713,2713,D370000491,第一小康市場男廁,臺南市,中西區,西和里,23.003465,120.193264,男廁所
2714,2714,D310000734,統一ParK*Avenue商場女廁,臺南市,永康區,東橋里,23.021235,120.23454,女廁所
2715,2715,D310000733,統一ParK*Avenue商場男廁,臺南市,永康區,東橋里,23.021235,120.23454,男廁所
2716,2716,D310000735,統一ParK*Avenue商場無障礙廁,臺南市,永康區,東橋里,23.021235,120.23454,無障礙廁所
2717,2717,D340000216,統一精工小北二站加油站女廁,臺南市,北區,福德里,23.015001,120.20971,女廁所
2718,2718,D340000217,統一精工小北二站加油站男廁,臺南市,北區,福德里,23.015001,120.20971,男廁所
2719,2719,D340000279,統一精工小北加油站女廁,臺南市,北區,長興里,23.003563,120.204593,女廁所
2720,2720,D340000280,統一精工小北加油站男廁,臺南市,北區,長興里,23.003563,120.204593,男廁所
2721,2721,D210000054,統一精工中崙加油站混合廁,臺南市,安定區,中沙里,23.073543,120.213881,混合廁所
2722,2722,D340000002,統一精工中華西路加油站女廁,臺南市,北區,大豐里,23.008495,120.186058,女廁所
2723,2723,D340000001,統一精工中華西路加油站男廁,臺南市,北區,大豐里,23.008495,120.186058,男廁所
2724,2724,D270000098,統一精工仁德二加油站女廁,臺南市,仁德區,後壁里,22.957316,120.252908,女廁所
2725,2725,D270000097,統一精工仁德二加油站男廁,臺南市,仁德區,後壁里,22.957316,120.252908,男廁所
2726,2726,D270000050,統一精工仁德加油站女廁,臺南市,仁德區,仁德里,22.973874,120.244698,女廁所
2727,2727,D270000043,統一精工仁德加油站男廁,臺南市,仁德區,仁德里,22.973874,120.244698,男廁所
2728,2728,D350000291,統一精工北安加油站女廁,臺南市,安南區,州北里,23.069782,120.214853,女廁所
2729,2729,D350000290,統一精工北安加油站男廁,臺南市,安南區,州北里,23.069782,120.214853,男廁所
2730,2730,D350000292,統一精工北安加油站無障礙廁,臺南市,安南區,州北里,23.069782,120.214853,無障礙廁所
2731,2731,D310000116,統一精工永康二站加油站女廁,臺南市,永康區,新樹里,23.02966,120.273493,女廁所
2732,2732,D310000117,統一精工永康二站加油站男廁,臺南市,永康區,新樹里,23.02966,120.273493,男廁所
2733,2733,D310000163,統一精工永康三站加油站女廁,臺南市,永康區,塩行里,23.041543,120.247165,女廁所
2734,2734,D310000162,統一精工永康三站加油站男廁,臺南市,永康區,塩行里,23.041543,120.247165,男廁所
2735,2735,D310000069,統一精工永康加油站女廁,臺南市,永康區,蔦松里,23.046665,120.262046,女廁所
2736,2736,D310000066,統一精工永康加油站男廁,臺南市,永康區,蔦松里,23.046665,120.262046,男廁所
2737,2737,D140000024,統一精工西港加油站混合廁,臺南市,西港區,營西里,23.139051,120.216506,混合廁所
2738,2738,D120000015,統一精工佳里本加油站女廁,臺南市,佳里區,鎮山里,23.152009,120.184844,女廁所
2739,2739,D120000013,統一精工佳里本加油站男廁,臺南市,佳里區,鎮山里,23.152009,120.184844,男廁所
2740,2740,D270000049,統一精工府城站加油站女廁,臺南市,仁德區,仁德里,22.973464,120.244229,女廁所
2741,2741,D270000042,統一精工府城站加油站男廁,臺南市,仁德區,仁德里,22.973464,120.244229,男廁所
2742,2742,D330000253,統一精工金華加油站女廁,臺南市,南區,南華里,22.96154,120.189109,女廁所
2743,2743,D330000254,統一精工金華加油站男廁,臺南市,南區,南華里,22.96154,120.189109,男廁所
2744,2744,D190000045,統一精工善化加油站女廁,臺南市,善化區,文昌里,23.126495,120.293795,女廁所
2745,2745,D190000044,統一精工善化加油站男廁,臺南市,善化區,文昌里,23.126495,120.293795,男廁所
2746,2746,D180000076,統一精工新化加油站混合廁,臺南市,新化區,北勢里,23.053585,120.299732,混合廁所
2747,2747,D200000084,統一精工新市二站加油站女廁,臺南市,新市區,港墘里,23.078324,120.302713,女廁所
2748,2748,D200000087,統一精工新市二站加油站男廁,臺南市,新市區,港墘里,23.078324,120.302713,男廁所
2749,2749,D200000003,統一精工新市加油站混合廁,臺南市,新市區,新市里,23.078723,120.292401,混合廁所
2750,2750,D010000197,統一精工新營二加油站女廁,臺南市,新營區,埤寮里,23.319951,120.314804,女廁所
2751,2751,D010000196,統一精工新營二加油站男廁,臺南市,新營區,埤寮里,23.319951,120.314804,男廁所
2752,2752,D280000062,統一精工歸仁加油站混合廁,臺南市,歸仁區,歸仁里,22.964465,120.307929,混合廁所
2753,2753,D280000061,統一精工歸仁加油站無障礙廁,臺南市,歸仁區,歸仁里,22.964465,120.307929,無障礙廁所
2754,2754,D270000895,統好加油站女廁,臺南市,仁德區,新田里,22.953826,120.270113,女廁所
2755,2755,D270000896,統好加油站男廁,臺南市,仁德區,新田里,22.953826,120.270113,男廁所
2756,2756,D280000421,統好歸仁加油站男廁,臺南市,歸仁區,看東里,22.965071,120.303946,男廁所
2757,2757,D280000422,統好歸仁加油站無障礙廁,臺南市,歸仁區,看東里,22.965071,120.303946,無障礙廁所
2758,2758,D280000009,統佳加油站混合廁,臺南市,歸仁區,後市里,22.97539,120.295308,混合廁所
2759,2759,D080000022,蚵寮仔保興宮混合廁,臺南市,下營區,仁里里,23.233212,120.255023,混合廁所
2760,2760,D170000003,蚵寮派出所混合廁,臺南市,北門區,保吉里,23.283173,120.134394,混合廁所
2761,2761,D120000184,蚶寮社區活動中心1F混合廁,臺南市,佳里區,塭內里,23.125568,120.156249,混合廁所
2762,2762,D120000185,蚶寮社區活動中心2F女廁,臺南市,佳里區,塭內里,23.125568,120.156249,女廁所
2763,2763,D120000186,蚶寮社區活動中心2F男廁,臺南市,佳里區,塭內里,23.125568,120.156249,男廁所
2764,2764,D280000113,許厝里活動中心混合廁,臺南市,歸仁區,許厝里,22.965754,120.299053,混合廁所
2765,2765,D340000274,連雅堂公園女廁,臺南市,北區,立人里,23.002868,120.19883,女廁所
2766,2766,D340000275,連雅堂公園男廁,臺南市,北區,立人里,23.002868,120.19883,男廁所
2767,2767,D370000517,郭綜合醫院新大樓1F女廁,臺南市,中西區,五條港里,22.994858,120.198787,女廁所
2768,2768,D370000518,郭綜合醫院新大樓1F男廁,臺南市,中西區,五條港里,22.994858,120.198787,男廁所
2769,2769,D370000532,郭綜合醫院新大樓1F無障礙廁,臺南市,中西區,五條港里,22.994858,120.198787,無障礙廁所
2770,2770,D370000519,郭綜合醫院新大樓2F女廁,臺南市,中西區,五條港里,22.994858,120.198787,女廁所
2771,2771,D370000520,郭綜合醫院新大樓2F男廁,臺南市,中西區,五條港里,22.994858,120.198787,男廁所
2772,2772,D370000521,郭綜合醫院新大樓2F無障礙廁,臺南市,中西區,五條港里,22.994858,120.198787,無障礙廁所
2773,2773,D370000522,郭綜合醫院新大樓3F女廁,臺南市,中西區,五條港里,22.994858,120.198787,女廁所
2774,2774,D370000523,郭綜合醫院新大樓3F男廁,臺南市,中西區,五條港里,22.994858,120.198787,男廁所
2775,2775,D370000524,郭綜合醫院新大樓3F無障礙廁,臺南市,中西區,五條港里,22.994858,120.198787,無障礙廁所
2776,2776,D370000525,郭綜合醫院新大樓4F女廁,臺南市,中西區,五條港里,22.994858,120.198787,女廁所
2777,2777,D370000526,郭綜合醫院新大樓4F男廁,臺南市,中西區,五條港里,22.994858,120.198787,男廁所
2778,2778,D370000527,郭綜合醫院新大樓4F無障礙廁,臺南市,中西區,五條港里,22.994858,120.198787,無障礙廁所
2779,2779,D370000528,郭綜合醫院新大樓B1女廁,臺南市,中西區,五條港里,22.994858,120.198787,女廁所
2780,2780,D370000529,郭綜合醫院新大樓B1男廁,臺南市,中西區,五條港里,22.994858,120.198787,男廁所
2781,2781,D370000530,郭綜合醫院新大樓B2女廁,臺南市,中西區,五條港里,22.994858,120.198787,女廁所
2782,2782,D370000531,郭綜合醫院新大樓B2男廁,臺南市,中西區,五條港里,22.994858,120.198787,男廁所
2783,2783,D370000533,郭綜合醫院舊大樓1F親子廁,臺南市,中西區,五條港里,22.994858,120.198787,親子廁所
2784,2784,D370000534,郭綜合醫院舊大樓小兒科外無障礙廁,臺南市,中西區,五條港里,22.994858,120.198787,無障礙廁所
2785,2785,D350000036,頂安社區活動中心1F女廁,臺南市,安南區,頂安里,23.041252,120.206595,女廁所
2786,2786,D350000037,頂安社區活動中心1F男廁,臺南市,安南區,頂安里,23.041252,120.206595,男廁所
2787,2787,D130000062,頂洲派出所混合廁,臺南市,學甲區,三慶里,23.287589,120.201823,混合廁所
2788,2788,D120000121,頂廍里活動中心混合廁,臺南市,佳里區,下營里,23.172841,120.149703,混合廁所
2789,2789,D240000037,鹿田里中山堂混合廁,臺南市,楠西區,鹿田里,23.154964,120.488573,混合廁所
2790,2790,D350000439,鹿耳門天后宮噴水池旁女廁,臺南市,安南區,媽祖宮里,23.037825,120.124084,女廁所
2791,2791,D350000438,鹿耳門天后宮噴水池旁男廁,臺南市,安南區,媽祖宮里,23.037825,120.124084,男廁所
2792,2792,D350000437,鹿耳門天后宮餐廳旁女廁,臺南市,安南區,媽祖宮里,23.037193,120.124922,女廁所
2793,2793,D350000436,鹿耳門天后宮餐廳旁男廁,臺南市,安南區,媽祖宮里,23.037193,120.124922,男廁所
2794,2794,D240000032,鹿陶洋江家古厝女廁,臺南市,楠西區,鹿田里,23.156006,120.489317,女廁所
2795,2795,D240000031,鹿陶洋江家古厝男廁,臺南市,楠西區,鹿田里,23.156006,120.489317,男廁所
2796,2796,D320000254,麥當勞台南大學店女廁,臺南市,東區,大學里,22.995931,120.221392,女廁所
2797,2797,D320000255,麥當勞台南大學店男廁,臺南市,東區,大學里,22.995931,120.221392,男廁所
2798,2798,D360000050,麥當勞台南中華二店女廁,臺南市,安平區,建平里,22.995725,120.186206,女廁所
2799,2799,D360000051,麥當勞台南中華二店男廁,臺南市,安平區,建平里,22.995725,120.186206,男廁所
2800,2800,D320000010,麥當勞台南文化店1F混合廁,臺南市,東區,崇學里,22.975619,120.224344,混合廁所
2801,2801,D370000615,麥當勞台南民族店女廁,臺南市,中西區,城隍里,22.994683,120.20949,女廁所
2802,2802,D370000616,麥當勞台南民族店男廁,臺南市,中西區,城隍里,22.994683,120.20949,男廁所
2803,2803,D340000255,麥當勞台南西門二店女廁,臺南市,北區,小北里,23.007294,120.206793,女廁所
2804,2804,D340000256,麥當勞台南西門二店男廁,臺南市,北區,小北里,23.007294,120.206793,男廁所
2805,2805,D370000581,麥當勞台南西門店2F女廁,臺南市,中西區,南美里,22.992883,120.198837,女廁所
2806,2806,D370000582,麥當勞台南西門店2F男廁,臺南市,中西區,南美里,22.992883,120.198837,男廁所
2807,2807,D320000225,麥當勞台南東門店女廁,臺南市,東區,富強里,22.982538,120.227761,女廁所
2808,2808,D320000226,麥當勞台南東門店男廁,臺南市,東區,富強里,22.982538,120.227761,男廁所
2809,2809,D330000231,麥當勞台南金華店女廁,臺南市,南區,府南里,22.974262,120.191019,女廁所
2810,2810,D330000232,麥當勞台南金華店男廁,臺南市,南區,府南里,22.974262,120.191019,男廁所
2811,2811,D350000158,麥當勞台南海佃店女廁,臺南市,安南區,溪墘里,23.024006,120.191869,女廁所
2812,2812,D350000157,麥當勞台南海佃店男廁,臺南市,安南區,溪墘里,23.024006,120.191869,男廁所
2813,2813,D370000221,麥當勞台南健康店女廁,臺南市,中西區,法華里,22.981395,120.21051,女廁所
2814,2814,D370000222,麥當勞台南健康店男廁,臺南市,中西區,法華里,22.981395,120.21051,男廁所
2815,2815,D310000090,麥當勞永康中正北店女廁,臺南市,永康區,塩行里,23.041197,120.239664,女廁所
2816,2816,D310000089,麥當勞永康中正北店男廁,臺南市,永康區,塩行里,23.041197,120.239664,男廁所
2817,2817,D310000091,麥當勞永康中正北店無障礙廁,臺南市,永康區,塩行里,23.041197,120.239664,無障礙廁所
2818,2818,D070000002,麻豆分局北側混合廁,臺南市,麻豆區,中興里,23.182769,120.247921,混合廁所
2819,2819,D070000015,麻豆分隊混合廁,臺南市,麻豆區,巷口里,23.183273,120.248484,混合廁所
2820,2820,D080000025,麻豆戶政事務所下營辦公處女廁,臺南市,下營區,下營里,23.237555,120.266803,女廁所
2821,2821,D080000007,麻豆戶政事務所下營辦公處男廁,臺南市,下營區,下營里,23.237555,120.266803,男廁所
2822,2822,D080000028,麻豆戶政事務所下營辦公處無障礙廁,臺南市,下營區,下營里,23.237555,120.266803,無障礙廁所
2823,2823,D070000024,麻豆戶政事務所麻豆辦公處混合廁,臺南市,麻豆區,中興里,23.182323,120.247352,混合廁所
2824,2824,D070000073,麻豆代天府1F北側女廁,臺南市,麻豆區,南勢里,23.19025,120.260578,女廁所
2825,2825,D070000072,麻豆代天府1F北側男廁,臺南市,麻豆區,南勢里,23.19025,120.260578,男廁所
2826,2826,D070000071,麻豆代天府1F北側後方女廁,臺南市,麻豆區,南勢里,23.19025,120.260578,女廁所
2827,2827,D070000068,麻豆代天府1F北側後方男廁,臺南市,麻豆區,南勢里,23.19025,120.260578,男廁所
2828,2828,D070000069,麻豆代天府1F南側女廁,臺南市,麻豆區,南勢里,23.19025,120.260578,女廁所
2829,2829,D070000070,麻豆代天府1F南側男廁,臺南市,麻豆區,南勢里,23.19025,120.260578,男廁所
2830,2830,D070000074,麻豆代天府1F南側無障礙廁,臺南市,麻豆區,南勢里,23.19025,120.260578,無障礙廁所
2831,2831,D070000076,麻豆代天府2F南側女廁,臺南市,麻豆區,南勢里,23.19025,120.260578,女廁所
2832,2832,D070000075,麻豆代天府2F南側男廁,臺南市,麻豆區,寮廍里,23.19025,120.260578,男廁所
2833,2833,D070000040,麻豆全民公園混合廁,臺南市,麻豆區,北勢里,23.190301,120.250135,混合廁所
2834,2834,D070000169,麻豆地政事務所1F女廁,臺南市,麻豆區,中興里,23.181662,120.247777,女廁所
2835,2835,D070000168,麻豆地政事務所1F男廁,臺南市,麻豆區,中興里,23.18161177,120.2477378,男廁所
2836,2836,D070000039,麻豆地政事務所2F女廁,臺南市,麻豆區,中興里,23.181515,120.247462,女廁所
2837,2837,D070000170,麻豆地政事務所2F男廁,臺南市,麻豆區,中興里,23.181662,120.247777,男廁所
2838,2838,D070000021,麻豆老人文康中心女廁,臺南市,麻豆區,晋江里,23.182992,120.248897,女廁所
2839,2839,D070000020,麻豆老人文康中心男廁,臺南市,麻豆區,巷口里,23.182992,120.248897,男廁所
2840,2840,D070000158,麻豆紀安宮混合廁,臺南市,麻豆區,謝厝寮里,23.148618,120.237402,混合廁所
2841,2841,D070000134,麻豆海埔池王府女廁,臺南市,麻豆區,海埔里,23.203451,120.211758,女廁所
2842,2842,D070000133,麻豆海埔池王府男廁,臺南市,麻豆區,海埔里,23.203451,120.211758,男廁所
2843,2843,D070000026,麻豆區公所1F女廁,臺南市,麻豆區,中興里,23.184912,120.258409,女廁所
2844,2844,D070000025,麻豆區公所1F男廁,臺南市,麻豆區,中興里,23.184912,120.258409,男廁所
2845,2845,D070000028,麻豆區公所2F女廁,臺南市,麻豆區,中興里,23.184912,120.258409,女廁所
2846,2846,D070000027,麻豆區公所2F男廁,臺南市,麻豆區,中興里,23.184912,120.258409,男廁所
2847,2847,D070000030,麻豆區公所3F女廁,臺南市,麻豆區,中興里,23.184912,120.258409,女廁所
2848,2848,D070000029,麻豆區公所3F右邊男廁,臺南市,麻豆區,中興里,23.184912,120.258409,男廁所
2849,2849,D070000038,麻豆區公所3F左邊男廁,臺南市,麻豆區,中興里,23.184912,120.258409,男廁所
2850,2850,D070000008,麻豆區市三公有市場女廁,臺南市,麻豆區,大埕里,23.185277,120.249279,女廁所
2851,2851,D070000042,麻豆區市三公有市場男廁,臺南市,麻豆區,大埕里,23.185277,120.249279,男廁所
2852,2852,D070000050,麻豆區市五市場北側女廁,臺南市,麻豆區,大埕里,23.185569,120.24971,女廁所
2853,2853,D070000047,麻豆區市五市場北側男廁,臺南市,麻豆區,大埕里,23.185569,120.24971,男廁所
2854,2854,D070000048,麻豆區市五市場南側女廁,臺南市,麻豆區,大埕里,23.185569,120.24971,女廁所
2855,2855,D070000049,麻豆區市五市場南側男廁,臺南市,麻豆區,大埕里,23.185569,120.24971,男廁所
2856,2856,D070000347,麻豆區納骨堂女廁,臺南市,麻豆區,港尾里,23.204464,120.199732,女廁所
2857,2857,D070000346,麻豆區納骨堂男廁,臺南市,麻豆區,港尾里,23.204464,120.199732,男廁所
2858,2858,D070000017,麻豆區圖書館3F女廁,臺南市,麻豆區,巷口里,23.182885,120.248424,女廁所
2859,2859,D070000016,麻豆區圖書館3F男廁,臺南市,麻豆區,巷口里,23.182885,120.248424,男廁所
2860,2860,D070000018,麻豆區圖書館4F女廁,臺南市,麻豆區,巷口里,23.182885,120.248424,女廁所
2861,2861,D070000019,麻豆區圖書館4F男廁,臺南市,麻豆區,巷口里,23.182885,120.248424,男廁所
2862,2862,D070000014,麻豆區衛生所1F男廁,臺南市,麻豆區,巷口里,23.182654,120.248355,男廁所
2863,2863,D070000013,麻豆區衛生所1F無障礙廁,臺南市,麻豆區,巷口里,23.18272624,120.2484834,無障礙廁所
2864,2864,D070000010,麻豆區衛生所2F男廁,臺南市,麻豆區,東角里,23.182654,120.248355,男廁所
2865,2865,D070000107,麻豆新樓醫院10F人資室前女廁,臺南市,麻豆區,埤頭里,23.179728,120.232856,女廁所
2866,2866,D070000108,麻豆新樓醫院10F人資室前男廁,臺南市,麻豆區,埤頭里,23.179728,120.232856,男廁所
2867,2867,D070000111,麻豆新樓醫院10F會議室前女廁,臺南市,麻豆區,埤頭里,23.179728,120.232856,女廁所
2868,2868,D070000112,麻豆新樓醫院10F會議室前男廁,臺南市,麻豆區,埤頭里,23.179728,120.232856,男廁所
2869,2869,D070000109,麻豆新樓醫院10F臨床技能教室旁女廁,臺南市,麻豆區,埤頭里,23.179728,120.232856,女廁所
2870,2870,D070000110,麻豆新樓醫院10F臨床技能教室旁男廁,臺南市,麻豆區,埤頭里,23.179728,120.232856,男廁所
2871,2871,D070000113,麻豆新樓醫院15診旁2F女廁,臺南市,麻豆區,埤頭里,23.179728,120.232856,女廁所
2872,2872,D070000114,麻豆新樓醫院15診旁2F男廁,臺南市,麻豆區,埤頭里,23.179728,120.232856,男廁所
2873,2873,D070000100,麻豆新樓醫院1F中藥局旁女廁,臺南市,麻豆區,埤頭里,23.179728,120.232856,女廁所
2874,2874,D070000101,麻豆新樓醫院1F中藥局旁男廁,臺南市,麻豆區,埤頭里,23.179728,120.232856,男廁所
2875,2875,D070000102,麻豆新樓醫院1F急診性別友善廁,臺南市,麻豆區,埤頭里,23.179728,120.232856,性別友善廁所
2876,2876,D070000115,麻豆新樓醫院22診前2F無障礙廁,臺南市,麻豆區,埤頭里,23.179728,120.232856,無障礙廁所
2877,2877,D070000104,麻豆新樓醫院2F內科系女廁,臺南市,麻豆區,埤頭里,23.179728,120.232856,女廁所
2878,2878,D070000105,麻豆新樓醫院2F內科系男廁,臺南市,麻豆區,埤頭里,23.179728,120.232856,男廁所
2879,2879,D070000106,麻豆新樓醫院3F混合廁,臺南市,麻豆區,埤頭里,23.179728,120.232856,混合廁所
2880,2880,D070000098,麻豆新樓醫院B1女廁,臺南市,麻豆區,埤頭里,23.179728,120.232856,女廁所
2881,2881,D070000099,麻豆新樓醫院B1男廁,臺南市,麻豆區,埤頭里,23.179728,120.232856,男廁所
2882,2882,D070000116,麻豆新樓醫院馬雅各紀念大樓1F女廁,臺南市,麻豆區,埤頭里,23.179728,120.232856,女廁所
2883,2883,D070000117,麻豆新樓醫院馬雅各紀念大樓1F男廁,臺南市,麻豆區,埤頭里,23.179728,120.232856,男廁所
2884,2884,D070000118,麻豆新樓醫院馬雅各紀念大樓1F無障礙廁,臺南市,麻豆區,埤頭里,23.179728,120.232856,無障礙廁所
2885,2885,D070000119,麻豆新樓醫院馬雅各紀念大樓2F女廁,臺南市,麻豆區,埤頭里,23.179728,120.232856,女廁所
2886,2886,D070000120,麻豆新樓醫院馬雅各紀念大樓2F男廁,臺南市,麻豆區,埤頭里,23.179728,120.232856,男廁所
2887,2887,D070000121,麻豆新樓醫院馬雅各紀念大樓2F無障礙廁,臺南市,麻豆區,埤頭里,23.179728,120.232856,無障礙廁所
2888,2888,D070000122,麻豆新樓醫院馬雅各紀念大樓3F女廁,臺南市,麻豆區,埤頭里,23.179728,120.232856,女廁所
2889,2889,D070000123,麻豆新樓醫院馬雅各紀念大樓3F男廁,臺南市,麻豆區,埤頭里,23.179728,120.232856,男廁所
2890,2890,D070000124,麻豆新樓醫院馬雅各紀念大樓3F無障礙廁,臺南市,麻豆區,埤頭里,23.179728,120.232856,無障礙廁所
2891,2891,D070000148,麻豆轉運站女廁,臺南市,麻豆區,新興里,23.185355,120.239114,女廁所
2892,2892,D070000149,麻豆轉運站男廁,臺南市,麻豆區,新興里,23.185355,120.239114,男廁所
2893,2893,D070000151,麻豆轉運站親子廁,臺南市,麻豆區,新興里,23.185355,120.239114,親子廁所
2894,2894,D070000092,麻新加油站女廁,臺南市,麻豆區,埤頭里,23.179252,120.228848,女廁所
2895,2895,D070000093,麻新加油站男廁,臺南市,麻豆區,埤頭里,23.179252,120.228848,男廁所
2896,2896,D330000005,勞工育樂中心女廁,臺南市,南區,竹溪里,22.979864,120.204471,女廁所
2897,2897,D330000006,勞工育樂中心男廁,臺南市,南區,竹溪里,22.979864,120.204471,男廁所
2898,2898,D190000096,善化分局女廁,臺南市,善化區,胡厝里,23.129905,120.268426,女廁所
2899,2899,D190000095,善化分局男廁,臺南市,善化區,胡厝里,23.129905,120.268426,男廁所
2900,2900,D190000050,善化分隊混合廁,臺南市,善化區,文昌里,23.127189,120.289224,混合廁所
2901,2901,D210000033,善化戶政事務所安定辦公處混合廁,臺南市,安定區,安加里,23.121077,120.236073,混合廁所
2902,2902,D190000049,善化戶政事務所善化辦公處1F女廁,臺南市,善化區,文昌里,23.127185,120.289038,女廁所
2903,2903,D190000048,善化戶政事務所善化辦公處1F男廁,臺南市,善化區,文昌里,23.127185,120.289038,男廁所
2904,2904,D190000051,善化戶政事務所善化辦公處1F無障礙廁,臺南市,善化區,文昌里,23.127185,120.289038,無障礙廁所
2905,2905,D190000077,善化文康育樂中心女廁,臺南市,善化區,文正里,23.136681,120.289178,女廁所
2906,2906,D190000078,善化文康育樂中心男廁,臺南市,善化區,文正里,23.136681,120.289178,男廁所
2907,2907,D190000079,善化文康育樂中心無障礙廁,臺南市,善化區,文正里,23.136681,120.289178,無障礙廁所
2908,2908,D190000022,善化火車站女廁,臺南市,善化區,光文里,23.133103,120.306459,女廁所
2909,2909,D190000021,善化火車站男廁,臺南市,善化區,光文里,23.133103,120.306459,男廁所
2910,2910,D190000023,善化火車站無障礙廁,臺南市,善化區,光文里,23.133103,120.306459,無障礙廁所
2911,2911,D190000067,善化派出所女廁,臺南市,善化區,東關里,23.13174,120.2929,女廁所
2912,2912,D190000066,善化派出所男廁,臺南市,善化區,東關里,23.13174,120.2929,男廁所
2913,2913,D190000122,善化流浪動物保護之家1F女廁,臺南市,善化區,昌隆里,23.148706,120.331662,女廁所
2914,2914,D190000123,善化流浪動物保護之家1F男廁,臺南市,善化區,昌隆里,23.148706,120.331662,男廁所
2915,2915,D190000027,善化區公所1F女廁,臺南市,善化區,光文里,23.132382,120.296754,女廁所
2916,2916,D190000026,善化區公所1F男廁,臺南市,善化區,光文里,23.132382,120.296754,男廁所
2917,2917,D190000029,善化區公所2F女廁,臺南市,善化區,光文里,23.132382,120.296754,女廁所
2918,2918,D190000028,善化區公所2F男廁,臺南市,善化區,光文里,23.132382,120.296754,男廁所
2919,2919,D190000031,善化區公所3F女廁,臺南市,善化區,光文里,23.132382,120.296754,女廁所
2920,2920,D190000030,善化區公所3F男廁,臺南市,善化區,光文里,23.132382,120.296754,男廁所
2921,2921,D190000211,善化區文昌里公6公園性別友善廁,臺南市,善化區,文昌里,23.12741563,120.2900979,性別友善廁所
2922,2922,D190000209,善化區文昌里公6公園混合廁,臺南市,善化區,文昌里,23.12741563,120.2900979,混合廁所
2923,2923,D190000196,善化區牛庄里活動中心混合廁,臺南市,善化區,牛庄里,23.138808,120.317175,混合廁所
2924,2924,D190000114,善化區田寮里活動中心1F女廁,臺南市,善化區,田寮里,23.153288,120.304669,女廁所
2925,2925,D190000115,善化區田寮里活動中心1F男廁,臺南市,善化區,田寮里,23.153288,120.304669,男廁所
2926,2926,D190000116,善化區田寮里活動中心1F無障礙廁,臺南市,善化區,田寮里,23.153288,120.304669,無障礙廁所
2927,2927,D190000117,善化區田寮里活動中心2F女廁,臺南市,善化區,田寮里,23.153288,120.304669,女廁所
2928,2928,D190000118,善化區田寮里活動中心2F男廁,臺南市,善化區,田寮里,23.153288,120.304669,男廁所
2929,2929,D190000119,善化區田寮里活動中心2F無障礙廁,臺南市,善化區,田寮里,23.153288,120.304669,無障礙廁所
2930,2930,D190000081,善化區立溫水SPA游泳池SPA女廁,臺南市,善化區,文正里,23.13727,120.288955,女廁所
2931,2931,D190000082,善化區立溫水SPA游泳池SPA男廁,臺南市,善化區,文正里,23.13727,120.288955,男廁所
2932,2932,D190000083,善化區立溫水SPA游泳池女廁,臺南市,善化區,文正里,23.13727,120.288955,女廁所
2933,2933,D190000084,善化區立溫水SPA游泳池男廁,臺南市,善化區,文正里,23.13727,120.288955,男廁所
2934,2934,D190000085,善化區立溫水SPA游泳池無障礙廁,臺南市,善化區,文正里,23.13727,120.288955,無障礙廁所
2935,2935,D190000132,善化區老人文康活動中心1F女廁,臺南市,善化區,嘉北里,23.139029,120.324863,女廁所
2936,2936,D190000133,善化區老人文康活動中心1F男廁,臺南市,善化區,嘉北里,23.139029,120.324863,男廁所
2937,2937,D190000134,善化區老人文康活動中心1F無障礙廁,臺南市,善化區,嘉北里,23.139029,120.324863,無障礙廁所
2938,2938,D190000136,善化區老人文康活動中心2F混合廁,臺南市,善化區,嘉北里,23.139029,120.324863,混合廁所
2939,2939,D190000005,善化區納骨堂女廁,臺南市,善化區,東關里,23.135427,120.290679,女廁所
2940,2940,D190000006,善化區納骨堂男廁,臺南市,善化區,東關里,23.135427,120.290679,男廁所
2941,2941,D190000007,善化區納骨堂無障礙廁,臺南市,善化區,東關里,23.135427,120.290679,無障礙廁所
2942,2942,D190000003,善化區第一公有市場女廁,臺南市,善化區,東關里,23.131625,120.291583,女廁所
2943,2943,D190000002,善化區第一公有市場男廁,臺南市,善化區,東關里,23.131625,120.291583,男廁所
2944,2944,D190000004,善化區第一公有市場無障礙廁,臺南市,善化區,東關里,23.132187,120.291606,無障礙廁所
2945,2945,D190000010,善化區圖書館3F女廁,臺南市,善化區,東關里,23.132162,120.291676,女廁所
2946,2946,D190000009,善化區圖書館3F男廁,臺南市,善化區,東關里,23.132162,120.291676,男廁所
2947,2947,D190000013,善化區圖書館3F無障礙廁暨親子廁,臺南市,善化區,東關里,23.132162,120.291676,親子廁所
2948,2948,D190000014,善化區圖書館4F女廁,臺南市,善化區,東關里,23.132162,120.291676,女廁所
2949,2949,D190000015,善化區圖書館4F男廁,臺南市,善化區,東關里,23.132162,120.291676,男廁所
2950,2950,D190000033,善化區衛生所1F女廁,臺南市,善化區,光文里,23.132796,120.299921,女廁所
2951,2951,D190000032,善化區衛生所1F男廁,臺南市,善化區,光文里,23.132796,120.299921,男廁所
2952,2952,D190000034,善化區衛生所2F混合廁,臺南市,善化區,光文里,23.132796,120.299921,混合廁所
2953,2953,D190000036,善化區調解委員會1F女廁,臺南市,善化區,光文里,23.132659,120.296775,女廁所
2954,2954,D190000037,善化區調解委員會1F男廁,臺南市,善化區,光文里,23.132659,120.296775,男廁所
2955,2955,D190000038,善化區調解委員會1F無障礙廁,臺南市,善化區,光文里,23.132659,120.296775,無障礙廁所
2956,2956,D190000039,善化區調解委員會2F女廁,臺南市,善化區,光文里,23.132659,120.296775,女廁所
2957,2957,D190000040,善化區調解委員會2F男廁,臺南市,善化區,光文里,23.132659,120.296775,男廁所
2958,2958,D330000361,喜樹沙灘女廁,臺南市,南區,喜南里,22.938047,120.175577,女廁所
2959,2959,D330000362,喜樹沙灘男廁,臺南市,南區,喜南里,22.938047,120.175577,男廁所
2960,2960,D330000365,喜樹沙灘性別友善廁,臺南市,南區,喜南里,22.938047,120.175577,性別友善廁所
2961,2961,D330000363,喜樹沙灘無障礙廁,臺南市,南區,喜南里,22.938047,120.175577,無障礙廁所
2962,2962,D330000364,喜樹沙灘親子廁,臺南市,南區,喜南里,22.938047,120.175577,親子廁所
2963,2963,D330000100,喜樹聯合社區活動中心女廁,臺南市,南區,喜南里,22.940272,120.178375,女廁所
2964,2964,D330000099,喜樹聯合社區活動中心男廁,臺南市,南區,喜南里,22.940272,120.178375,男廁所
2965,2965,D200000047,堤塘湖女廁,臺南市,新市區,豐華里,23.091688,120.267754,女廁所
2966,2966,D200000046,堤塘湖男廁,臺南市,新市區,豐華里,23.091688,120.267754,男廁所
2967,2967,D200000048,堤塘湖無障礙廁,臺南市,新市區,豐華里,23.091688,120.267754,無障礙廁所
2968,2968,D310000124,復華夜市女廁,臺南市,永康區,復國里,23.009562,120.245543,女廁所
2969,2969,D310000125,復華夜市男廁,臺南市,永康區,復國里,23.009562,120.245543,男廁所
2970,2970,D370000230,復興公有零售市場女廁,臺南市,中西區,開山里,22.989046,120.21017,女廁所
2971,2971,D370000229,復興公有零售市場男廁,臺南市,中西區,開山里,22.989046,120.21017,男廁所
2972,2972,D370000231,復興公有零售市場無障礙廁,臺南市,中西區,開山里,22.988805,120.210755,無障礙廁所
2973,2973,D310000014,復興派出所混合廁,臺南市,永康區,中華里,23.000899,120.235096,混合廁所
2974,2974,D240000021,曾文之眼旅遊服務中心女廁,臺南市,楠西區,密枝里,23.221688,120.498346,女廁所
2975,2975,D240000024,曾文之眼旅遊服務中心男廁,臺南市,楠西區,密枝里,23.221688,120.498346,男廁所
2976,2976,D240000026,曾文水庫溪畔遊樂區沐浴室旁女廁,臺南市,楠西區,密枝里,23.221688,120.498346,女廁所
2977,2977,D240000027,曾文水庫溪畔遊樂區沐浴室旁男廁,臺南市,楠西區,密枝里,23.221688,120.498346,男廁所
2978,2978,D240000025,曾文水庫溪畔遊樂區楠西方向女廁,臺南市,楠西區,密枝里,23.221688,120.498346,女廁所
2979,2979,D240000023,曾文水庫溪畔遊樂區楠西方向男廁,臺南市,楠西區,密枝里,23.221688,120.498346,男廁所
2980,2980,D240000022,曾文水庫溪畔遊樂區楠西方向無障礙廁,臺南市,楠西區,密枝里,23.221688,120.498346,無障礙廁所
2981,2981,D210000051,港口派出所混合廁,臺南市,安定區,港南里,23.087809,120.228721,混合廁所
2982,2982,D360000235,港仔宮社區活動中心混合廁,臺南市,安平區,王城里,23.000343,120.161353,混合廁所
2983,2983,D360000198,港濱歷史公園女廁,臺南市,安平區,億載里,22.994344,120.159904,女廁所
2984,2984,D360000199,港濱歷史公園男廁,臺南市,安平區,億載里,22.994344,120.159904,男廁所
2985,2985,D360000200,港濱歷史公園無障礙廁,臺南市,安平區,億載里,22.994344,120.159904,無障礙廁所
2986,2986,D100000108,湖山派出所混合廁,臺南市,官田區,烏山頭里,23.213901,120.363816,混合廁所
2987,2987,D360000223,湖濱水鳥公園西側女廁,臺南市,安平區,王城里,23.000584,120.150023,女廁所
2988,2988,D360000224,湖濱水鳥公園西側男廁,臺南市,安平區,王城里,23.000584,120.150023,男廁所
2989,2989,D360000225,湖濱水鳥公園西側無障礙廁,臺南市,安平區,王城里,23.000584,120.150023,無障礙廁所
2990,2990,D360000226,湖濱水鳥公園東側女廁,臺南市,安平區,王城里,23.002532,120.153602,女廁所
2991,2991,D360000227,湖濱水鳥公園東側男廁,臺南市,安平區,王城里,23.002532,120.153602,男廁所
2992,2992,D360000228,湖濱水鳥公園東側無障礙廁,臺南市,安平區,王城里,23.002532,120.153602,無障礙廁所
2993,2993,D050000099,無米樂旅遊活動中心混合廁,臺南市,後壁區,菁寮里,23.37875,120.335276,混合廁所
2994,2994,D050000013,菁寮派出所混合廁,臺南市,後壁區,菁寮里,23.378775,120.335079,混合廁所
2995,2995,D050000114,菁豐里活動中心混合廁,臺南市,後壁區,菁豐里,23.378172,120.346825,混合廁所
2996,2996,D360000250,菩薩社區活動中心男廁,臺南市,安平區,天妃里,22.999214,120.163347,男廁所
2997,2997,D360000249,菩薩社區活動中心無障礙廁,臺南市,安平區,天妃里,22.999214,120.163347,無障礙廁所
2998,2998,D360000282,華平里活動中心混合廁,臺南市,安平區,華平里,22.995044,120.171794,混合廁所
2999,2999,D130000007,華宗紀念公園女廁,臺南市,學甲區,仁得里,23.229734,120.181638,女廁所
3000,3000,D130000006,華宗紀念公園男廁,臺南市,學甲區,仁得里,23.229743,120.181344,男廁所
3001,3001,D150000003,萊爾富七股大潭店混合廁,臺南市,七股區,大潭里,23.187676,120.132748,混合廁所
3002,3002,D170000046,萊爾富北門鹽福店混合廁,臺南市,北門區,永隆里,23.268109,120.124261,混合廁所
3003,3003,D070000142,萊爾富麻豆有碗糕店混合廁,臺南市,麻豆區,麻口里,23.177881,120.224825,混合廁所
3004,3004,D070000077,萊爾富麻豆麻庄店混合廁,臺南市,麻豆區,寮廍里,23.189621,120.278355,混合廁所
3005,3005,D190000212,進學加油站女廁,臺南市,善化區,文正里,23.137687,120.288285,女廁所
3006,3006,D190000213,進學加油站男廁,臺南市,善化區,文正里,23.137687,120.288285,男廁所
3007,3007,D340000155,開元公有零售市場1F女廁,臺南市,北區,振興里,23.006671,120.218781,女廁所
3008,3008,D340000154,開元公有零售市場1F男廁,臺南市,北區,振興里,23.006671,120.218781,男廁所
3009,3009,D340000157,開元公有零售市場2F女廁,臺南市,北區,振興里,23.006671,120.218781,女廁所
3010,3010,D340000156,開元公有零售市場2F男廁,臺南市,北區,振興里,23.006671,120.218781,男廁所
3011,3011,D340000290,開元寺慈愛醫院1F女廁,臺南市,北區,開元里,23.010567,120.222811,女廁所
3012,3012,D340000289,開元寺慈愛醫院1F男廁,臺南市,北區,開元里,23.010567,120.222811,男廁所
3013,3013,D340000291,開元寺慈愛醫院地下室混合廁,臺南市,北區,開元里,23.010567,120.222811,混合廁所
3014,3014,D340000022,開元振興公園女廁,臺南市,北區,振興里,23.00679,120.223332,女廁所
3015,3015,D340000021,開元振興公園男廁,臺南市,北區,振興里,23.00679,120.223332,男廁所
3016,3016,D340000425,開元振興公園無障礙廁,臺南市,北區,振興里,23.00680946,120.2233565,無障礙廁所
3017,3017,D330000222,開南里活動中心1F女廁,臺南市,南區,開南里,22.964577,120.185125,女廁所
3018,3018,D330000221,開南里活動中心1F男廁,臺南市,南區,開南里,22.964577,120.185125,男廁所
3019,3019,D330000223,開南里活動中心1F無障礙廁,臺南市,南區,開南里,22.964577,120.185125,無障礙廁所
3020,3020,D100000202,隆田公有零售市場女廁,臺南市,官田區,隆田里,23.192368,120.317291,女廁所
3021,3021,D100000052,隆田公有零售市場男廁,臺南市,官田區,隆田里,23.192368,120.317291,男廁所
3022,3022,D100000053,隆田公有零售市場無障礙廁,臺南市,官田區,隆田里,23.19233782,120.317266,無障礙廁所
3023,3023,D100000054,隆田火車站女廁,臺南市,官田區,隆田里,23.192537,120.319235,女廁所
3024,3024,D100000055,隆田火車站男廁,臺南市,官田區,隆田里,23.192537,120.319235,男廁所
3025,3025,D100000203,隆田火車站無障礙廁,臺南市,官田區,隆田里,23.192537,120.319235,無障礙廁所
3026,3026,D170000090,雲嘉南濱海國家風景區管理處第一辦公室女廁,臺南市,北門區,北門里,23.268783,120.124197,女廁所
3027,3027,D170000089,雲嘉南濱海國家風景區管理處第一辦公室男廁,臺南市,北門區,北門里,23.268783,120.124197,男廁所
3028,3028,D170000091,雲嘉南濱海國家風景區管理處第一辦公室無障礙廁,臺南市,北門區,北門里,23.268783,120.124197,無障礙廁所
3029,3029,D170000093,雲嘉南濱海國家風景區管理處第二辦公室1F女廁,臺南市,北門區,北門里,23.269051,120.124561,女廁所
3030,3030,D170000092,雲嘉南濱海國家風景區管理處第二辦公室1F男廁,臺南市,北門區,北門里,23.269051,120.124561,男廁所
3031,3031,D170000094,雲嘉南濱海國家風景區管理處第二辦公室1F無障礙廁,臺南市,北門區,北門里,23.269051,120.124561,無障礙廁所
3032,3032,D170000096,雲嘉南濱海國家風景區管理處第二辦公室2F女廁,臺南市,北門區,北門里,23.268966,120.124597,女廁所
3033,3033,D170000095,雲嘉南濱海國家風景區管理處第二辦公室2F男廁,臺南市,北門區,北門里,23.268966,120.124597,男廁所
3034,3034,D100000208,順宇加油站女廁,臺南市,官田區,烏山頭里,23.216269,120.349751,女廁所
3035,3035,D100000209,順宇加油站男廁,臺南市,官田區,烏山頭里,23.216269,120.349751,男廁所
3036,3036,D280000154,黃府王爺壇混合廁,臺南市,歸仁區,西埔里,22.997485,120.286864,混合廁所
3037,3037,D320000029,黃金保齡球館女廁,臺南市,東區,東光里,22.992972,120.233091,女廁所
3038,3038,D320000030,黃金保齡球館男廁,臺南市,東區,東光里,22.992972,120.233091,男廁所
3039,3039,D330000359,黃金海岸廊帶公園女廁,臺南市,南區,省躬里,22.931058,120.17623,女廁所
3040,3040,D330000360,黃金海岸廊帶公園男廁,臺南市,南區,省躬里,22.931058,120.17623,男廁所
3041,3041,D150000021,黃昭堂紀念公園女廁,臺南市,七股區,龍山里,23.136618,120.113522,女廁所
3042,3042,D150000022,黃昭堂紀念公園男廁,臺南市,七股區,龍山里,23.136618,120.113522,男廁所
3043,3043,D150000082,黑面琵鷺賞鳥亭女廁,臺南市,七股區,十份里,23.079117,120.052645,女廁所
3044,3044,D150000085,黑面琵鷺賞鳥亭男廁,臺南市,七股區,十份里,23.079117,120.052645,男廁所
3045,3045,D120000128,塭內派出所混合廁,臺南市,佳里區,塭內里,23.124031,120.164559,混合廁所
3046,3046,D350000455,媽祖宮公園旁停車場女廁,臺南市,安南區,鹿耳里,23.03651351,120.1251206,女廁所
3047,3047,D350000456,媽祖宮公園旁停車場男廁,臺南市,安南區,鹿耳里,23.03651351,120.1251206,男廁所
3048,3048,D350000457,媽祖宮公園旁停車場無障礙廁,臺南市,安南區,鹿耳里,23.03651351,120.1251206,無障礙廁所
3049,3049,D280000031,媽廟派出所混合廁,臺南市,歸仁區,媽廟里,22.993654,120.293975,混合廁所
3050,3050,D310000142,愛買台南店1F美食街旁女廁,臺南市,永康區,鹽洲里,23.03473,120.228926,女廁所
3051,3051,D310000141,愛買台南店1F美食街旁男廁,臺南市,永康區,鹽洲里,23.03473,120.228926,男廁所
3052,3052,D310000143,愛買台南店1F美食街旁無障礙廁,臺南市,永康區,鹽洲里,23.03473,120.228926,無障礙廁所
3053,3053,D310000145,愛買台南店2F商店街旁女廁,臺南市,永康區,鹽洲里,23.03473,120.228926,女廁所
3054,3054,D310000144,愛買台南店2F商店街旁男廁,臺南市,永康區,鹽洲里,23.03473,120.228926,男廁所
3055,3055,D270000188,新力加油站混合廁,臺南市,仁德區,二行里,22.922165,120.223834,混合廁所
3056,3056,D100000109,新中加油站女廁,臺南市,官田區,渡拔里,23.1644,120.341252,女廁所
3057,3057,D100000110,新中加油站男廁,臺南市,官田區,渡拔里,23.1644,120.341252,男廁所
3058,3058,D180000011,新化公有零售市場女廁,臺南市,新化區,武安里,23.034435,120.307566,女廁所
3059,3059,D180000012,新化公有零售市場男廁,臺南市,新化區,武安里,23.034435,120.307566,男廁所
3060,3060,D180000050,新化分局女廁,臺南市,新化區,護國里,23.044123,120.315389,女廁所
3061,3061,D180000048,新化分局男廁,臺南市,新化區,護國里,23.044123,120.315389,男廁所
3062,3062,D180000049,新化分隊混合廁,臺南市,新化區,東榮里,23.038398,120.31634,混合廁所
3063,3063,D110000048,新化戶政事務所大內辦公處混合廁,臺南市,大內區,石城里,23.12074,120.358009,混合廁所
3064,3064,D180000046,新化戶政事務所新化辦公處1F女廁,臺南市,新化區,東榮里,23.03297,120.310207,女廁所
3065,3065,D180000045,新化戶政事務所新化辦公處1F男廁,臺南市,新化區,東榮里,23.03297,120.310207,男廁所
3066,3066,D180000047,新化戶政事務所新化辦公處1F無障礙廁,臺南市,新化區,東榮里,23.03297,120.310207,無障礙廁所
3067,3067,D180000014,新化休息站北上女廁,臺南市,新化區,東榮里,23.030607,120.327964,女廁所
3068,3068,D180000013,新化休息站北上男廁,臺南市,新化區,東榮里,23.030607,120.327964,男廁所
3069,3069,D180000015,新化休息站北上無障礙廁,臺南市,新化區,東榮里,23.030607,120.327964,無障礙廁所
3070,3070,D180000017,新化休息站南下女廁,臺南市,新化區,東榮里,23.031316,120.327034,女廁所
3071,3071,D180000016,新化休息站南下男廁,臺南市,新化區,東榮里,23.031316,120.327034,男廁所
3072,3072,D180000018,新化休息站南下無障礙廁,臺南市,新化區,東榮里,23.031316,120.327034,無障礙廁所
3073,3073,D180000080,新化地政事務所女廁,臺南市,新化區,北勢里,23.055264,120.299198,女廁所
3074,3074,D180000079,新化地政事務所男廁,臺南市,新化區,北勢里,23.055264,120.299198,男廁所
3075,3075,D180000232,新化果菜市場E區女廁,臺南市,新化區,東榮里,23.03441049,120.3301299,女廁所
3076,3076,D180000233,新化果菜市場E區男廁,臺南市,新化區,東榮里,23.03452403,120.3300494,男廁所
3077,3077,D180000234,新化果菜市場F區女廁,臺南市,新化區,東榮里,23.03489922,120.3280377,女廁所
3078,3078,D180000235,新化果菜市場F區男廁,臺南市,新化區,東榮里,23.035347,120.328861,男廁所
3079,3079,D180000236,新化果菜市場G區女廁,臺南市,新化區,東榮里,23.0357434,120.3289175,女廁所
3080,3080,D180000237,新化果菜市場G區男廁,臺南市,新化區,東榮里,23.03575821,120.3289175,男廁所
3081,3081,D180000238,新化果菜市場G區親子廁,臺南市,新化區,東榮里,23.03574833,120.3288907,親子廁所
3082,3082,D180000228,新化武德殿女廁,臺南市,新化區,東榮里,23.033322,120.308871,女廁所
3083,3083,D180000227,新化武德殿男廁,臺南市,新化區,東榮里,23.033322,120.308871,男廁所
3084,3084,D180000229,新化武德殿無障礙廁,臺南市,新化區,東榮里,23.033322,120.308871,無障礙廁所
3085,3085,D180000057,新化區公所1F女廁,臺南市,新化區,護國里,23.038497,120.31085,女廁所
3086,3086,D180000056,新化區公所1F男廁,臺南市,新化區,護國里,23.038497,120.31085,男廁所
3087,3087,D180000059,新化區公所2F女廁,臺南市,新化區,護國里,23.038497,120.31085,女廁所
3088,3088,D180000058,新化區公所2F男廁,臺南市,新化區,護國里,23.038497,120.31085,男廁所
3089,3089,D180000060,新化區圖書館1F女廁,臺南市,新化區,護國里,23.038048,120.310726,女廁所
3090,3090,D180000061,新化區圖書館1F無障礙廁,臺南市,新化區,護國里,23.038048,120.310726,無障礙廁所
3091,3091,D180000062,新化區圖書館2F男廁,臺南市,新化區,護國里,23.038048,120.310726,男廁所
3092,3092,D180000086,新化區衛生所1F女廁,臺南市,新化區,豐榮里,23.034446,120.304896,女廁所
3093,3093,D180000085,新化區衛生所1F男廁,臺南市,新化區,豐榮里,23.034446,120.304896,男廁所
3094,3094,D180000087,新化區豐榮里活動中心混合廁,臺南市,新化區,豐榮里,23.033718,120.297997,混合廁所
3095,3095,D180000244,新化體育公園操場旁性別友善廁,臺南市,新化區,武安里,23.029755,120.306618,性別友善廁所
3096,3096,D260000017,新左鎮加油站女廁,臺南市,左鎮區,榮和里,23.062468,120.389711,女廁所
3097,3097,D260000016,新左鎮加油站男廁,臺南市,左鎮區,榮和里,23.062468,120.389711,男廁所
3098,3098,D200000006,新市公有零售市場女廁,臺南市,新市區,新市里,23.079187,120.293558,女廁所
3099,3099,D200000005,新市公有零售市場男廁,臺南市,新市區,新市里,23.079187,120.293558,男廁所
3100,3100,D200000007,新市公有零售市場無障礙廁,臺南市,新市區,新市里,23.079187,120.293558,無障礙廁所
3101,3101,D200000026,新市分隊混合廁,臺南市,新市區,新和里,23.081086,120.286526,混合廁所
3102,3102,D200000027,新市分駐所女廁,臺南市,新市區,新市里,23.079551,120.295643,女廁所
3103,3103,D200000025,新市分駐所男廁,臺南市,新市區,新市里,23.079551,120.295643,男廁所
3104,3104,D200000023,新市火車站女廁,臺南市,新市區,新和里,23.068282,120.290102,女廁所
3105,3105,D200000022,新市火車站男廁,臺南市,新市區,新和里,23.068282,120.290102,男廁所
3106,3106,D200000024,新市火車站無障礙廁,臺南市,新市區,新和里,23.068282,120.290102,無障礙廁所
3107,3107,D200000014,新市區公所1F混合廁,臺南市,新市區,新市里,23.078997,120.29506,混合廁所
3108,3108,D200000015,新市區公所2F混合廁,臺南市,新市區,新市里,23.078997,120.29506,混合廁所
3109,3109,D200000016,新市區公所3F混合廁,臺南市,新市區,新市里,23.078997,120.29506,混合廁所
3110,3110,D200000033,新市區文康育樂中心1F無障礙廁,臺南市,新市區,新和里,23.076919,120.28156,無障礙廁所
3111,3111,D200000034,新市區文康育樂中心2F女廁,臺南市,新市區,新和里,23.075417,120.294464,女廁所
3112,3112,D200000035,新市區文康育樂中心2F男廁,臺南市,新市區,新和里,23.075417,120.294464,男廁所
3113,3113,D200000045,新市區老人文康活動中心1F混合廁,臺南市,新市區,新和里,23.075417,120.294464,混合廁所
3114,3114,D200000018,新市區圖書館1F男廁,臺南市,新市區,新市里,23.079692,120.295916,男廁所
3115,3115,D200000019,新市區圖書館1F無障礙廁,臺南市,新市區,新市里,23.079692,120.295916,無障礙廁所
3116,3116,D200000012,新市區衛生所1F混合廁,臺南市,新市區,新市里,23.078944,120.294998,混合廁所
3117,3117,D200000013,新市區衛生所2F混合廁,臺南市,新市區,新市里,23.078944,120.294998,混合廁所
3118,3118,D360000387,新永華夜市女廁,臺南市,安平區,國平里,22.98909866,120.1736498,女廁所
3119,3119,D360000388,新永華夜市男廁,臺南市,安平區,國平里,22.98909866,120.1736498,男廁所
3120,3120,D230000025,新玉井加油站混合廁,臺南市,玉井區,玉井里,23.121127,120.45431,混合廁所
3121,3121,D340000441,新光三越台南小北門店2FA區女廁,臺南市,北區,成德里,23.00959353,120.2070306,女廁所
3122,3122,D340000440,新光三越台南小北門店2FA區男廁,臺南市,北區,成德里,23.00959353,120.2070306,男廁所
3123,3123,D340000443,新光三越台南小北門店2FB區女廁,臺南市,北區,成德里,23.00959353,120.2070306,女廁所
3124,3124,D340000442,新光三越台南小北門店2FB區男廁,臺南市,北區,成德里,23.00959353,120.2070306,男廁所
3125,3125,D340000444,新光三越台南小北門店2FB區親子廁,臺南市,北區,成德里,23.00959353,120.2070306,親子廁所
3126,3126,D340000446,新光三越台南小北門店3FA區女廁,臺南市,北區,成德里,3.00959353,120.2070306,女廁所
3127,3127,D340000445,新光三越台南小北門店3FA區男廁,臺南市,北區,成德里,23.00959353,120.2070306,男廁所
3128,3128,D340000448,新光三越台南小北門店3FB區女廁,臺南市,北區,成德里,23.00959353,120.2070306,女廁所
3129,3129,D340000447,新光三越台南小北門店3FB區男廁,臺南市,北區,成德里,23.00959353,120.2070306,男廁所
3130,3130,D340000449,新光三越台南小北門店3FB區無障礙廁,臺南市,北區,成德里,23.00959353,120.2070306,無障礙廁所
3131,3131,D340000451,新光三越台南小北門店4FB區女廁,臺南市,北區,成德里,23.00959353,120.2070306,女廁所
3132,3132,D340000450,新光三越台南小北門店4FB區男廁,臺南市,北區,成德里,23.00959353,120.2070306,男廁所
3133,3133,D340000452,新光三越台南小北門店4FB區親子廁,臺南市,北區,成德里,3.00959353,120.2070306,親子廁所
3134,3134,D370000644,新光三越台南中山店10F女廁,臺南市,中西區,城隍里,22.99507,120.209871,女廁所
3135,3135,D370000645,新光三越台南中山店10F男廁,臺南市,中西區,城隍里,22.99507,120.209871,男廁所
3136,3136,D370000646,新光三越台南中山店11F女廁,臺南市,中西區,城隍里,22.99507,120.209871,女廁所
3137,3137,D370000647,新光三越台南中山店11F親子廁,臺南市,中西區,城隍里,22.99507,120.209871,親子廁所
3138,3138,D370000648,新光三越台南中山店13F女廁,臺南市,中西區,城隍里,22.99507,120.209871,女廁所
3139,3139,D370000649,新光三越台南中山店13F男廁,臺南市,中西區,城隍里,22.99507,120.209871,男廁所
3140,3140,D370000629,新光三越台南中山店2F女廁,臺南市,中西區,城隍里,22.99507,120.209871,女廁所
3141,3141,D370000630,新光三越台南中山店3F女廁,臺南市,中西區,城隍里,22.99507,120.209871,女廁所
3142,3142,D370000631,新光三越台南中山店3F男廁,臺南市,中西區,城隍里,22.99507,120.209871,男廁所
3143,3143,D370000632,新光三越台南中山店4F女廁,臺南市,中西區,城隍里,22.99507,120.209871,女廁所
3144,3144,D370000633,新光三越台南中山店4F男廁,臺南市,中西區,城隍里,22.99507,120.209871,男廁所
3145,3145,D370000634,新光三越台南中山店5F女廁,臺南市,中西區,城隍里,22.99507,120.209871,女廁所
3146,3146,D370000635,新光三越台南中山店5F親子廁,臺南市,中西區,城隍里,22.99507,120.209871,親子廁所
3147,3147,D370000636,新光三越台南中山店6F女廁,臺南市,中西區,城隍里,22.99507,120.209871,女廁所
3148,3148,D370000637,新光三越台南中山店6F男廁,臺南市,中西區,城隍里,22.99507,120.209871,男廁所
3149,3149,D370000638,新光三越台南中山店7F女廁,臺南市,中西區,城隍里,22.99507,120.209871,女廁所
3150,3150,D370000639,新光三越台南中山店7F男廁,臺南市,中西區,城隍里,22.99507,120.209871,男廁所
3151,3151,D370000640,新光三越台南中山店8F女廁,臺南市,中西區,城隍里,22.99507,120.209871,女廁所
3152,3152,D370000641,新光三越台南中山店8F親子廁,臺南市,中西區,城隍里,22.99507,120.209871,親子廁所
3153,3153,D370000642,新光三越台南中山店9F女廁,臺南市,中西區,城隍里,22.99507,120.209871,女廁所
3154,3154,D370000643,新光三越台南中山店9F男廁,臺南市,中西區,城隍里,22.99507,120.209871,男廁所
3155,3155,D370000650,新光三越台南中山店B1女廁,臺南市,中西區,城隍里,22.99507,120.209871,女廁所
3156,3156,D370000651,新光三越台南中山店B1男廁,臺南市,中西區,城隍里,22.99507,120.209871,男廁所
3157,3157,D370000652,新光三越台南中山店B2女廁,臺南市,中西區,城隍里,22.99507,120.209871,女廁所
3158,3158,D370000653,新光三越台南中山店B2男廁,臺南市,中西區,城隍里,22.99507,120.209871,男廁所
3159,3159,D370000690,新光三越台南西門店1FA區北女廁,臺南市,中西區,小西門里,22.986965,120.198833,女廁所
3160,3160,D370000691,新光三越台南西門店1FA區北男廁,臺南市,中西區,小西門里,22.986965,120.198833,男廁所
3161,3161,D370000692,新光三越台南西門店1FA區北無障礙廁,臺南市,中西區,小西門里,22.986965,120.198833,無障礙廁所
3162,3162,D370000693,新光三越台南西門店1FA區南女廁,臺南市,中西區,小西門里,22.986965,120.198833,女廁所
3163,3163,D370000694,新光三越台南西門店1FA區南男廁,臺南市,中西區,小西門里,22.986965,120.198833,男廁所
3164,3164,D370000695,新光三越台南西門店1FB區南女廁,臺南市,中西區,小西門里,22.986965,120.198833,女廁所
3165,3165,D370000696,新光三越台南西門店1FB區南男廁,臺南市,中西區,小西門里,22.986965,120.198833,男廁所
3166,3166,D370000697,新光三越台南西門店2FA區北女廁,臺南市,中西區,小西門里,22.986965,120.198833,女廁所
3167,3167,D370000698,新光三越台南西門店2FA區北男廁,臺南市,中西區,小西門里,22.986965,120.198833,男廁所
3168,3168,D370000699,新光三越台南西門店2FA區南女廁,臺南市,中西區,小西門里,22.986965,120.198833,女廁所
3169,3169,D370000700,新光三越台南西門店2FA區南男廁,臺南市,中西區,小西門里,22.986965,120.198833,男廁所
3170,3170,D370000701,新光三越台南西門店2FB區南女廁,臺南市,中西區,小西門里,22.986965,120.198833,女廁所
3171,3171,D370000702,新光三越台南西門店2FB區南男廁,臺南市,中西區,小西門里,22.986965,120.198833,男廁所
3172,3172,D370000703,新光三越台南西門店2FC區停女廁,臺南市,中西區,小西門里,22.986965,120.198833,女廁所
3173,3173,D370000704,新光三越台南西門店2FC區停男廁,臺南市,中西區,小西門里,22.986965,120.198833,男廁所
3174,3174,D370000705,新光三越台南西門店3FA區北女廁,臺南市,中西區,小西門里,22.986965,120.198833,女廁所
3175,3175,D370000706,新光三越台南西門店3FA區北男廁,臺南市,中西區,小西門里,22.986965,120.198833,男廁所
3176,3176,D370000707,新光三越台南西門店3FA區北側無障礙廁,臺南市,中西區,小西門里,22.986965,120.198833,無障礙廁所
3177,3177,D370000708,新光三越台南西門店3FA區南女廁,臺南市,中西區,小西門里,22.986965,120.198833,女廁所
3178,3178,D370000709,新光三越台南西門店3FA區南男廁,臺南市,中西區,小西門里,22.986965,120.198833,男廁所
3179,3179,D370000710,新光三越台南西門店3FB區南女廁,臺南市,中西區,小西門里,22.986965,120.198833,女廁所
3180,3180,D370000711,新光三越台南西門店3FB區南男廁,臺南市,中西區,小西門里,22.986965,120.198833,男廁所
3181,3181,D370000712,新光三越台南西門店3FC區停女廁,臺南市,中西區,小西門里,22.986965,120.198833,女廁所
3182,3182,D370000713,新光三越台南西門店3FC區停男廁,臺南市,中西區,小西門里,22.986965,120.198833,男廁所
3183,3183,D370000714,新光三越台南西門店4FA區北女廁,臺南市,中西區,小西門里,22.986965,120.198833,女廁所
3184,3184,D370000715,新光三越台南西門店4FA區北男廁,臺南市,中西區,小西門里,22.986965,120.198833,男廁所
3185,3185,D370000716,新光三越台南西門店4FA區北側無障礙廁,臺南市,中西區,小西門里,22.986965,120.198833,無障礙廁所
3186,3186,D370000717,新光三越台南西門店4FA區南女廁,臺南市,中西區,小西門里,22.986965,120.198833,女廁所
3187,3187,D370000718,新光三越台南西門店4FA區南男廁,臺南市,中西區,小西門里,22.986965,120.198833,男廁所
3188,3188,D370000719,新光三越台南西門店4FB區南女廁,臺南市,中西區,小西門里,22.986965,120.198833,女廁所
3189,3189,D370000720,新光三越台南西門店4FB區南男廁,臺南市,中西區,小西門里,22.986965,120.198833,男廁所
3190,3190,D370000723,新光三越台南西門店4FC區上停女廁,臺南市,中西區,小西門里,22.986965,120.198833,女廁所
3191,3191,D370000724,新光三越台南西門店4FC區上停男廁,臺南市,中西區,小西門里,22.986965,120.198833,男廁所
3192,3192,D370000721,新光三越台南西門店4FC區下停女廁,臺南市,中西區,小西門里,22.986965,120.198833,女廁所
3193,3193,D370000722,新光三越台南西門店4FC區下停男廁,臺南市,中西區,小西門里,22.986965,120.198833,男廁所
3194,3194,D370000725,新光三越台南西門店5FA區南女廁,臺南市,中西區,小西門里,22.986965,120.198833,女廁所
3195,3195,D370000726,新光三越台南西門店5FA區南男廁,臺南市,中西區,小西門里,22.986965,120.198833,男廁所
3196,3196,D370000727,新光三越台南西門店5FB區南女廁,臺南市,中西區,小西門里,22.986965,120.198833,女廁所
3197,3197,D370000728,新光三越台南西門店5FB區南男廁,臺南市,中西區,小西門里,22.986965,120.198833,男廁所
3198,3198,D370000729,新光三越台南西門店5FC區北女廁,臺南市,中西區,小西門里,22.986965,120.198833,女廁所
3199,3199,D370000730,新光三越台南西門店5FC區北男廁,臺南市,中西區,小西門里,22.986965,120.198833,男廁所
3200,3200,D370000732,新光三越台南西門店6FB區南女廁,臺南市,中西區,小西門里,22.986965,120.198833,女廁所
3201,3201,D370000733,新光三越台南西門店6FB區南男廁,臺南市,中西區,小西門里,22.986965,120.198833,男廁所
3202,3202,D370000734,新光三越台南西門店6FC區南女廁,臺南市,中西區,小西門里,22.986965,120.198833,女廁所
3203,3203,D370000735,新光三越台南西門店6FC區南男廁,臺南市,中西區,小西門里,22.986965,120.198833,男廁所
3204,3204,D370000736,新光三越台南西門店B1A區北女廁,臺南市,中西區,小西門里,22.986965,120.198833,女廁所
3205,3205,D370000737,新光三越台南西門店B1A區北男廁,臺南市,中西區,小西門里,22.986965,120.198833,男廁所
3206,3206,D370000738,新光三越台南西門店B1A區南女廁,臺南市,中西區,小西門里,22.986965,120.198833,女廁所
3207,3207,D370000739,新光三越台南西門店B1A區南男廁,臺南市,中西區,小西門里,22.986965,120.198833,男廁所
3208,3208,D370000740,新光三越台南西門店B1B區南女廁,臺南市,中西區,小西門里,22.986965,120.198833,女廁所
3209,3209,D370000741,新光三越台南西門店B1B區南男廁,臺南市,中西區,小西門里,22.986965,120.198833,男廁所
3210,3210,D370000742,新光三越台南西門店B1C區南女廁,臺南市,中西區,小西門里,22.986965,120.198833,女廁所
3211,3211,D370000743,新光三越台南西門店B1C區南男廁,臺南市,中西區,小西門里,22.986965,120.198833,男廁所
3212,3212,D370000744,新光三越台南西門店B1FA區北無障礙廁,臺南市,中西區,小西門里,22.986965,120.198833,無障礙廁所
3213,3213,D370000745,新光三越台南西門店B1FA區南無障礙廁,臺南市,中西區,小西門里,22.986965,120.198833,無障礙廁所
3214,3214,D370000746,新光三越台南西門店B2A區北女廁,臺南市,中西區,小西門里,22.986965,120.198833,女廁所
3215,3215,D370000747,新光三越台南西門店B2A區北男廁,臺南市,中西區,小西門里,22.986965,120.198833,男廁所
3216,3216,D370000748,新光三越台南西門店B2A區南女廁,臺南市,中西區,小西門里,22.986965,120.198833,女廁所
3217,3217,D370000749,新光三越台南西門店B2A區南男廁,臺南市,中西區,小西門里,22.986965,120.198833,男廁所
3218,3218,D370000750,新光三越台南西門店B2B區南女廁,臺南市,中西區,小西門里,22.986965,120.198833,女廁所
3219,3219,D370000751,新光三越台南西門店B2B區南男廁,臺南市,中西區,小西門里,22.986965,120.198833,男廁所
3220,3220,D370000752,新光三越台南西門店B2FA區北無障礙廁,臺南市,中西區,小西門里,22.986965,120.198833,無障礙廁所
3221,3221,D370000753,新光三越台南西門店B2FA區南無障礙廁,臺南市,中西區,小西門里,22.986965,120.198833,無障礙廁所
3222,3222,D370000754,新光三越台南西門店B3A區南女廁,臺南市,中西區,小西門里,22.986965,120.198833,女廁所
3223,3223,D370000755,新光三越台南西門店B3A區南男廁,臺南市,中西區,小西門里,22.986965,120.198833,男廁所
3224,3224,D370000756,新光三越台南西門店B3C區北女廁,臺南市,中西區,小西門里,22.986965,120.198833,女廁所
3225,3225,D370000757,新光三越台南西門店B3C區北男廁,臺南市,中西區,小西門里,22.986965,120.198833,男廁所
3226,3226,D370000758,新光三越台南西門店B4A區南女廁,臺南市,中西區,小西門里,22.986965,120.198833,女廁所
3227,3227,D370000759,新光三越台南西門店B4A區南男廁,臺南市,中西區,小西門里,22.986965,120.198833,男廁所
3228,3228,D370000760,新光三越台南西門店B4C區北女廁,臺南市,中西區,小西門里,22.986965,120.198833,女廁所
3229,3229,D370000761,新光三越台南西門店B4C區北男廁,臺南市,中西區,小西門里,22.986965,120.198833,男廁所
3230,3230,D370000762,新光三越台南西門店B5A區南女廁,臺南市,中西區,小西門里,22.986965,120.198833,女廁所
3231,3231,D370000763,新光三越台南西門店B5A區南男廁,臺南市,中西區,小西門里,22.986965,120.198833,男廁所
3232,3232,D370000764,新光三越台南西門店B5C區北女廁,臺南市,中西區,小西門里,22.986965,120.198833,女廁所
3233,3233,D370000765,新光三越台南西門店B5C區北男廁,臺南市,中西區,小西門里,22.986965,120.198833,男廁所
3234,3234,D370000766,新光三越台南西門店B6A區南女廁,臺南市,中西區,小西門里,22.986965,120.198833,女廁所
3235,3235,D370000767,新光三越台南西門店B6A區南男廁,臺南市,中西區,小西門里,22.986965,120.198833,男廁所
3236,3236,D370000768,新光三越台南西門店B6C區北女廁,臺南市,中西區,小西門里,22.986965,120.198833,女廁所
3237,3237,D370000769,新光三越台南西門店B6C區北男廁,臺南市,中西區,小西門里,22.986965,120.198833,男廁所
3238,3238,D290000114,新光代天府女廁,臺南市,關廟區,新光里,22.974863,120.359142,女廁所
3239,3239,D290000113,新光代天府男廁,臺南市,關廟區,新光里,22.974863,120.359142,男廁所
3240,3240,D290000112,新光里社區活動中心女廁,臺南市,關廟區,新光里,22.976081,120.358378,女廁所
3241,3241,D290000111,新光里社區活動中心男廁,臺南市,關廟區,新光里,22.976081,120.358378,男廁所
3242,3242,D040000121,新吉庄活動中心女廁,臺南市,柳營區,旭山里,23.264536,120.384733,女廁所
3243,3243,D040000122,新吉庄活動中心男廁,臺南市,柳營區,旭山里,23.264536,120.384733,男廁所
3244,3244,D040000123,新吉庄活動中心無障礙廁,臺南市,柳營區,旭山里,23.264536,120.384733,無障礙廁所
3245,3245,D210000004,新吉社區活動中心女廁,臺南市,安定區,新吉里,23.0848,120.212682,女廁所
3246,3246,D210000003,新吉社區活動中心男廁,臺南市,安定區,新吉里,23.0848,120.212682,男廁所
3247,3247,D040000071,新厝活動中心女廁,臺南市,柳營區,神農里,23.260458,120.347128,女廁所
3248,3248,D040000072,新厝活動中心男廁,臺南市,柳營區,神農里,23.260458,120.347128,男廁所
3249,3249,D050000100,新嘉里活動中心1F女廁,臺南市,後壁區,新嘉里,23.371448,120.31074,女廁所
3250,3250,D050000101,新嘉里活動中心1F男廁,臺南市,後壁區,新嘉里,23.371448,120.31074,男廁所
3251,3251,D050000102,新嘉里活動中心1F無障礙廁,臺南市,後壁區,新嘉里,23.371448,120.31074,無障礙廁所
3252,3252,D050000103,新嘉里活動中心2F女廁,臺南市,後壁區,新嘉里,23.371448,120.31074,女廁所
3253,3253,D050000104,新嘉里活動中心2F男廁,臺南市,後壁區,新嘉里,23.371448,120.31074,男廁所
3254,3254,D320000505,新樓醫院西棟1F急診後面女廁,臺南市,東區,東門里,22.989118,120.212903,女廁所
3255,3255,D320000506,新樓醫院西棟1F急診後面男廁,臺南市,東區,東門里,22.989118,120.212903,男廁所
3256,3256,D320000507,新樓醫院西棟2F皮膚科旁女廁,臺南市,東區,東門里,22.989118,120.212903,女廁所
3257,3257,D320000508,新樓醫院西棟2F皮膚科旁男廁,臺南市,東區,東門里,22.989118,120.212903,男廁所
3258,3258,D320000509,新樓醫院西棟3F三一病房混合廁,臺南市,東區,東門里,22.989118,120.212903,混合廁所
3259,3259,D320000511,新樓醫院西棟5F五一病房男廁,臺南市,東區,東門里,22.989118,120.212903,男廁所
3260,3260,D320000504,新樓醫院西棟B1胃鏡室混合廁,臺南市,東區,東門里,22.989118,120.212903,混合廁所
3261,3261,D320000503,新樓醫院東棟1F小兒科旁女廁,臺南市,東區,東門里,22.989118,120.212903,女廁所
3262,3262,D320000502,新樓醫院東棟1F小兒科旁男廁,臺南市,東區,東門里,22.989118,120.212903,男廁所
3263,3263,D320000496,新樓醫院南棟1F門診區女廁,臺南市,東區,東門里,22.989118,120.212903,女廁所
3264,3264,D320000497,新樓醫院南棟1F門診區男廁,臺南市,東區,東門里,22.989118,120.212903,男廁所
3265,3265,D320000498,新樓醫院南棟2F心導管對面女廁,臺南市,東區,東門里,22.989118,120.212903,女廁所
3266,3266,D320000499,新樓醫院南棟2F心導管對面男廁,臺南市,東區,東門里,22.989118,120.212903,男廁所
3267,3267,D320000500,新樓醫院南棟6F簡報室旁女廁,臺南市,東區,東門里,22.989118,120.212903,女廁所
3268,3268,D320000501,新樓醫院南棟6F簡報室旁男廁,臺南市,東區,東門里,22.989118,120.212903,男廁所
3269,3269,D320000494,新樓醫院南棟B1餐廳對面女廁,臺南市,東區,東門里,22.989118,120.212903,女廁所
3270,3270,D320000495,新樓醫院南棟B1餐廳對面男廁,臺南市,東區,東門里,22.989118,120.212903,男廁所
3271,3271,D320000492,新樓醫院南棟B2放腫科女廁,臺南市,東區,東門里,22.989118,120.212903,女廁所
3272,3272,D320000493,新樓醫院南棟B2放腫科男廁,臺南市,東區,東門里,22.989118,120.212903,男廁所
3273,3273,D010000072,新營分局女廁,臺南市,新營區,大宏里,23.304659,120.31769,女廁所
3274,3274,D010000069,新營分局男廁,臺南市,新營區,大宏里,23.304659,120.31769,男廁所
3275,3275,D010000071,新營分隊混合廁,臺南市,新營區,民生里,23.305247,120.31524,混合廁所
3276,3276,D040000007,新營戶政事務所柳營辦公處1F混合廁,臺南市,柳營區,士林里,23.27821,120.311541,混合廁所
3277,3277,D010000085,新營戶政事務所新營辦公處1F女廁,臺南市,新營區,民權里,23.311664,120.314686,女廁所
3278,3278,D010000086,新營戶政事務所新營辦公處1F男廁,臺南市,新營區,民權里,23.311664,120.314686,男廁所
3279,3279,D020000108,新營戶政事務所鹽水辦公處混合廁,臺南市,鹽水區,津城里,23.323196,120.26596,混合廁所
3280,3280,D010000158,新營火車站女廁,臺南市,新營區,中營里,23.306482,120.322924,女廁所
3281,3281,D010000157,新營火車站男廁,臺南市,新營區,中營里,23.306482,120.322924,男廁所
3282,3282,D010000159,新營火車站無障礙廁,臺南市,新營區,中營里,23.306482,120.322924,無障礙廁所
3283,3283,D010000102,新營市立文化中心1F女廁,臺南市,新營區,民權里,23.308544,120.315891,女廁所
3284,3284,D010000103,新營市立文化中心1F男廁,臺南市,新營區,民權里,23.308544,120.315891,男廁所
3285,3285,D010000116,新營市立文化中心1F無障礙廁,臺南市,新營區,民權里,23.308544,120.315891,無障礙廁所
3286,3286,D010000104,新營市立文化中心2F女廁,臺南市,新營區,民權里,23.308544,120.315891,女廁所
3287,3287,D010000105,新營市立文化中心2F男廁,臺南市,新營區,民權里,23.308544,120.315891,男廁所
3288,3288,D010000117,新營市立文化中心2F無障礙廁,臺南市,新營區,民權里,23.308544,120.315891,無障礙廁所
3289,3289,D010000106,新營市立文化中心3F女廁,臺南市,新營區,民權里,23.308544,120.315891,女廁所
3290,3290,D010000107,新營市立文化中心3F男廁,臺南市,新營區,民權里,23.308544,120.315891,男廁所
3291,3291,D010000118,新營市立文化中心3F無障礙廁,臺南市,新營區,民權里,23.308544,120.315891,無障礙廁所
3292,3292,D010000108,新營市立文化中心4F女廁,臺南市,新營區,民權里,23.308544,120.315891,女廁所
3293,3293,D010000109,新營市立文化中心4F男廁,臺南市,新營區,民權里,23.308544,120.315891,男廁所
3294,3294,D010000124,新營市立文化中心5F女廁,臺南市,新營區,民權里,23.308544,120.315891,女廁所
3295,3295,D010000125,新營市立文化中心5F男廁,臺南市,新營區,民權里,23.308544,120.315891,男廁所
3296,3296,D010000126,新營市立文化中心6F女廁,臺南市,新營區,民權里,23.308544,120.315891,女廁所
3297,3297,D010000129,新營市立文化中心6F男廁,臺南市,新營區,民權里,23.308544,120.315891,男廁所
3298,3298,D010000529,新營市立文化中心B1親子廁,臺南市,新營區,民權里,23.308579,120.315842,親子廁所
3299,3299,D010000114,新營市立文化中心音樂廳1F右側女廁,臺南市,新營區,民權里,23.308544,120.315891,女廁所
3300,3300,D010000113,新營市立文化中心音樂廳1F右側男廁,臺南市,新營區,民權里,23.308544,120.315891,男廁所
3301,3301,D010000111,新營市立文化中心音樂廳1F左側女廁,臺南市,新營區,民權里,23.308544,120.315891,女廁所
3302,3302,D010000110,新營市立文化中心音樂廳1F左側男廁,臺南市,新營區,民權里,23.308544,120.315891,男廁所
3303,3303,D010000112,新營市立文化中心音樂廳1F左側無障礙廁,臺南市,新營區,民權里,23.308544,120.315891,無障礙廁所
3304,3304,D010000496,新營市立文化中心音樂廳2F右側女廁,臺南市,新營區,民權里,23.308579,120.315842,女廁所
3305,3305,D010000495,新營市立文化中心音樂廳2F右側男廁,臺南市,新營區,民權里,23.308579,120.315842,男廁所
3306,3306,D010000494,新營市立文化中心音樂廳2F左側女廁,臺南市,新營區,民權里,23.308579,120.315842,女廁所
3307,3307,D010000115,新營市立文化中心音樂廳2F左側男廁,臺南市,新營區,民權里,23.308579,120.315842,男廁所
3308,3308,D010000130,新營市立文化中心演藝大廳女廁,臺南市,新營區,民權里,23.308544,120.315891,女廁所
3309,3309,D010000131,新營市立文化中心演藝大廳男廁,臺南市,新營區,民權里,23.308544,120.315891,男廁所
3310,3310,D010000447,新營羽球館女廁,臺南市,新營區,護鎮里,23.321258,120.31025,女廁所
3311,3311,D010000446,新營羽球館男廁,臺南市,新營區,護鎮里,23.321258,120.31025,男廁所
3312,3312,D050000129,新營服務區北上女廁,臺南市,後壁區,竹新里,23.339041,120.312353,女廁所
3313,3313,D050000051,新營服務區北上加油站旁女廁,臺南市,後壁區,竹新里,23.339041,120.312353,女廁所
3314,3314,D050000050,新營服務區北上加油站旁男廁,臺南市,後壁區,竹新里,23.339041,120.312353,男廁所
3315,3315,D050000128,新營服務區北上男廁,臺南市,後壁區,竹新里,23.339041,120.312353,男廁所
3316,3316,D050000127,新營服務區南下女廁,臺南市,後壁區,竹新里,23.34286,120.308902,女廁所
3317,3317,D050000126,新營服務區南下男廁,臺南市,後壁區,竹新里,23.34286,120.308902,男廁所
3318,3318,D030000173,新營客運白河轉運站女廁,臺南市,白河區,永安里,23.347487,120.413476,女廁所
3319,3319,D030000012,新營客運白河轉運站男廁,臺南市,白河區,永安里,23.347385,120.413369,男廁所
3320,3320,D030000174,新營客運白河轉運站無障礙廁,臺南市,白河區,永安里,23.347487,120.413476,無障礙廁所
3321,3321,D010000160,新營客運新營站女廁,臺南市,新營區,中營里,23.307352,120.322309,女廁所
3322,3322,D010000001,新營客運新營站男廁,臺南市,新營區,中營里,23.307352,120.322309,男廁所
3323,3323,D010000090,新營區公所北側1F女廁,臺南市,新營區,大宏里,23.310277,120.316641,女廁所
3324,3324,D010000089,新營區公所北側1F男廁,臺南市,新營區,大宏里,23.310277,120.316641,男廁所
3325,3325,D010000092,新營區公所北側2F女廁,臺南市,新營區,大宏里,23.310277,120.316641,女廁所
3326,3326,D010000091,新營區公所北側2F男廁,臺南市,新營區,大宏里,23.310277,120.316641,男廁所
3327,3327,D010000146,新營區公所北側3F女廁,臺南市,新營區,大宏里,23.310277,120.316641,女廁所
3328,3328,D010000145,新營區公所北側3F男廁,臺南市,新營區,大宏里,23.310277,120.316641,男廁所
3329,3329,D010000187,新營區公所南側1F女廁,臺南市,新營區,大宏里,23.310277,120.316641,女廁所
3330,3330,D010000186,新營區公所南側1F男廁,臺南市,新營區,大宏里,23.310277,120.316641,男廁所
3331,3331,D010000088,新營區公所南側2F女廁,臺南市,新營區,大宏里,23.310277,120.316641,女廁所
3332,3332,D010000087,新營區公所南側2F男廁,臺南市,新營區,大宏里,23.310277,120.316641,男廁所
3333,3333,D010000191,新營區民生路停車場停二女廁,臺南市,新營區,民生里,23.305797,120.308359,女廁所
3334,3334,D010000007,新營區民生路停車場停二男廁,臺南市,新營區,民生里,23.305797,120.308359,男廁所
3335,3335,D010000238,新營區圖書館2F女廁,臺南市,新營區,太北里,23.295207,120.273832,女廁所
3336,3336,D010000237,新營區圖書館2F男廁,臺南市,新營區,太北里,23.295207,120.273832,男廁所
3337,3337,D010000239,新營區圖書館2F無障礙廁,臺南市,新營區,太北里,23.295207,120.273832,無障礙廁所
3338,3338,D010000241,新營區圖書館3F女廁,臺南市,新營區,太北里,23.295207,120.273832,女廁所
3339,3339,D010000240,新營區圖書館3F男廁,臺南市,新營區,太北里,23.295207,120.273832,男廁所
3340,3340,D010000562,新營區圖書館3F無障礙廁,臺南市,新營區,太北里,23.2952,120.273886,無障礙廁所
3341,3341,D010000184,新營區衛生所1F女廁,臺南市,新營區,大宏里,23.307675,120.317361,女廁所
3342,3342,D010000185,新營區衛生所1F無障礙廁,臺南市,新營區,大宏里,23.307675,120.317361,無障礙廁所
3343,3343,D010000188,新營區衛生所2F女廁,臺南市,新營區,大宏里,23.307675,120.317361,女廁所
3344,3344,D010000138,新營第一公有零售市場長春街性別友善廁,臺南市,新營區,永平里,23.302313,120.313161,性別友善廁所
3345,3345,D010000137,新營第一公有零售市場復興路女廁,臺南市,新營區,永平里,23.302496,120.313192,女廁所
3346,3346,D010000136,新營第一公有零售市場復興路男廁,臺南市,新營區,永平里,23.302496,120.313192,男廁所
3347,3347,D010000270,新營第二公有零售市場混合廁,臺南市,新營區,永平里,23.300738,120.312463,混合廁所
3348,3348,D010000141,新營第三公有零售市場東側混合廁(三民路36-41號)旁,臺南市,新營區,大宏里,23.307934,120.320052,混合廁所
3349,3349,D010000140,新營第三公有零售市場東側混合廁(三民路36-4號)旁,臺南市,新營區,大宏里,23.307934,120.320052,混合廁所
3350,3350,D010000223,新營福園殯葬專區殯儀館1F無障礙廁,臺南市,新營區,護鎮里,23.318068,120.299618,無障礙廁所
3351,3351,D010000224,新營福園殯葬專區殯儀館2F無障礙廁,臺南市,新營區,護鎮里,23.318068,120.299618,無障礙廁所
3352,3352,D240000008,楠西分駐所混合廁,臺南市,楠西區,楠西里,23.174635,120.48619,混合廁所
3353,3353,D240000044,楠西休閒公園女廁,臺南市,楠西區,東勢里,23.178378,120.486109,女廁所
3354,3354,D240000043,楠西休閒公園男廁,臺南市,楠西區,東勢里,23.178378,120.486109,男廁所
3355,3355,D240000045,楠西休閒公園無障礙廁,臺南市,楠西區,東勢里,23.178378,120.486109,無障礙廁所
3356,3356,D240000048,楠西消防分隊混合廁,臺南市,楠西區,東勢里,23.176944,120.485862,混合廁所
3357,3357,D240000005,楠西區公所1F女廁,臺南市,楠西區,楠西里,23.17415,120.486321,女廁所
3358,3358,D240000004,楠西區公所1F男廁,臺南市,楠西區,楠西里,23.17415,120.486321,男廁所
3359,3359,D240000010,楠西區公所1F無障礙廁,臺南市,楠西區,楠西里,23.17415,120.486321,無障礙廁所
3360,3360,D240000007,楠西區公所2F女廁,臺南市,楠西區,楠西里,23.17415,120.486321,女廁所
3361,3361,D240000006,楠西區公所2F男廁,臺南市,楠西區,楠西里,23.17415,120.486321,男廁所
3362,3362,D240000012,楠西區公所3F女廁,臺南市,楠西區,楠西里,23.17415,120.486321,女廁所
3363,3363,D240000013,楠西區公所3F男廁,臺南市,楠西區,楠西里,23.17415,120.486321,男廁所
3364,3364,D240000003,楠西區衛生所1F女廁,臺南市,楠西區,楠西里,23.174439,120.486172,女廁所
3365,3365,D240000002,楠西區衛生所1F男廁,臺南市,楠西區,楠西里,23.174439,120.486172,男廁所
3366,3366,D330000277,極限運動場女廁,臺南市,南區,竹溪里,22.978604,120.207488,女廁所
3367,3367,D330000278,極限運動場男廁,臺南市,南區,竹溪里,22.978604,120.207488,男廁所
3368,3368,D160000075,源頭慈善宮女廁,臺南市,將軍區,苓仔寮里,23.213676,120.166059,女廁所
3369,3369,D160000076,源頭慈善宮男廁,臺南市,將軍區,苓仔寮里,23.213676,120.166059,男廁所
3370,3370,D190000104,溪美社區活動中心女廁,臺南市,善化區,溪美里,23.151504,120.28428,女廁所
3371,3371,D190000105,溪美社區活動中心男廁,臺南市,善化區,溪美里,23.151504,120.28428,男廁所
3372,3372,D190000106,溪美社區活動中心無障礙廁,臺南市,善化區,溪美里,23.151504,120.28428,無障礙廁所
3373,3373,D350000034,溪頂寮保安宮混合廁,臺南市,安南區,安東里,23.031185,120.214674,混合廁所
3374,3374,D240000030,照興里社區活動中心混合廁,臺南市,楠西區,照興里,23.188017,120.477458,混合廁所
3375,3375,D280000418,瑞南加油站女廁,臺南市,歸仁區,七甲里,22.979583,120.294234,女廁所
3376,3376,D280000419,瑞南加油站男廁,臺南市,歸仁區,七甲里,22.979583,120.294234,男廁所
3377,3377,D290000171,瑞泉加油站女廁,臺南市,關廟區,埤頭里,23.000798,120.308586,女廁所
3378,3378,D290000172,瑞泉加油站男廁,臺南市,關廟區,埤頭里,23.000798,120.308586,男廁所
3379,3379,D270000243,瑞泰加油站混合廁,臺南市,仁德區,太子里,22.980351,120.256823,混合廁所
3380,3380,D310000565,瑞曜加油站混合廁,臺南市,永康區,二王里,23.017025,120.238685,混合廁所
3381,3381,D120000011,聖帝殿混合廁,臺南市,佳里區,忠仁里,23.15831,120.180693,混合廁所
3382,3382,D270000201,萬龍宮女廁,臺南市,仁德區,大甲里,22.913617,120.216512,女廁所
3383,3383,D270000200,萬龍宮男廁,臺南市,仁德區,大甲里,22.913617,120.216512,男廁所
3384,3384,D100000047,葫蘆埤自然生態休閒公園1F女廁,臺南市,官田區,隆田里,23.197944,120.297333,女廁所
3385,3385,D100000048,葫蘆埤自然生態休閒公園1F男廁,臺南市,官田區,隆田里,23.197944,120.297333,男廁所
3386,3386,D100000049,葫蘆埤自然生態休閒公園1F無障礙廁,臺南市,官田區,隆田里,23.197944,120.297333,無障礙廁所
3387,3387,D130000035,蜀葵花田旁女廁,臺南市,學甲區,光華里,23.243104,120.166009,女廁所
3388,3388,D130000034,蜀葵花田旁男廁,臺南市,學甲區,光華里,23.243104,120.166009,男廁所
3389,3389,D130000036,蜀葵花田旁無障礙廁,臺南市,學甲區,光華里,23.243104,120.166009,無障礙廁所
3390,3390,D320000619,裕聖里活動中心1F女廁,臺南市,東區,裕聖里,22.981686,120.24642,女廁所
3391,3391,D320000620,裕聖里活動中心1F男廁,臺南市,東區,裕聖里,22.981686,120.24642,男廁所
3392,3392,D320000621,裕聖里活動中心1F無障礙廁,臺南市,東區,裕聖里,22.981686,120.24642,無障礙廁所
3393,3393,D320000622,裕聖里活動中心2F女廁,臺南市,東區,裕聖里,22.981686,120.24642,女廁所
3394,3394,D320000623,裕聖里活動中心2F男廁,臺南市,東區,裕聖里,22.981686,120.24642,男廁所
3395,3395,D320000624,裕聖里活動中心2F無障礙廁,臺南市,東區,裕聖里,22.981686,120.24642,無障礙廁所
3396,3396,D320000625,裕聖里活動中心3F女廁,臺南市,東區,裕聖里,22.981686,120.24642,女廁所
3397,3397,D320000626,裕聖里活動中心3F男廁,臺南市,東區,裕聖里,22.981686,120.24642,男廁所
3398,3398,D260000025,農產運銷股份有限公司左鎮場女廁,臺南市,左鎮區,中正里,23.058091,120.405997,女廁所
3399,3399,D260000023,農產運銷股份有限公司左鎮場男廁,臺南市,左鎮區,中正里,23.058091,120.405997,男廁所
3400,3400,D230000007,農產運銷股份有限公司玉井場市場內女廁,臺南市,玉井區,玉井里,23.12278812,120.4585433,女廁所
3401,3401,D230000006,農產運銷股份有限公司玉井場市場內男廁,臺南市,玉井區,玉井里,23.12265492,120.4586935,男廁所
3402,3402,D230000066,農產運銷股份有限公司玉井場市場外女廁,臺南市,玉井區,玉井里,23.122278,120.458838,女廁所
3403,3403,D230000065,農產運銷股份有限公司玉井場市場外男廁,臺南市,玉井區,玉井里,23.122278,120.458838,男廁所
3404,3404,D230000067,農產運銷股份有限公司玉井場市場外無障礙廁,臺南市,玉井區,玉井里,23.122278,120.458838,無障礙廁所
3405,3405,D200000066,道爺湖女廁,臺南市,新市區,豐華里,23.098681,120.279872,女廁所
3406,3406,D200000065,道爺湖男廁,臺南市,新市區,豐華里,23.098681,120.279872,男廁所
3407,3407,D200000067,道爺湖無障礙廁,臺南市,新市區,豐華里,23.098681,120.279872,無障礙廁所
3408,3408,D120000010,雷明宮混合廁,臺南市,佳里區,忠仁里,23.160108,120.179933,混合廁所
3409,3409,D130000129,頑皮世界野生動物園大門口女廁,臺南市,學甲區,三慶里,23.280853,120.209059,女廁所
3410,3410,D130000128,頑皮世界野生動物園大門口男廁,臺南市,學甲區,三慶里,23.280853,120.209059,男廁所
3411,3411,D130000061,頑皮世界野生動物園女親子廁,臺南市,學甲區,三慶里,23.279389,120.209956,親子廁所
3412,3412,D130000131,頑皮世界野生動物園企鵝屋女廁,臺南市,學甲區,三慶里,23.280031,120.210847,女廁所
3413,3413,D130000130,頑皮世界野生動物園企鵝屋男廁,臺南市,學甲區,三慶里,23.280031,120.210847,男廁所
3414,3414,D130000060,頑皮世界野生動物園男親子廁,臺南市,學甲區,三慶里,23.28087162,120.2095914,親子廁所
3415,3415,D130000133,頑皮世界野生動物園服務台女廁,臺南市,學甲區,三慶里,23.27911,120.209228,女廁所
3416,3416,D130000132,頑皮世界野生動物園服務台男廁,臺南市,學甲區,三慶里,23.27911,120.209228,男廁所
3417,3417,D130000135,頑皮世界野生動物園會議室女廁,臺南市,學甲區,三慶里,23.278507,120.21046,女廁所
3418,3418,D130000134,頑皮世界野生動物園會議室男廁,臺南市,學甲區,三慶里,23.278507,120.21046,男廁所
3419,3419,D270000046,嘉仁加油站女廁,臺南市,仁德區,仁德里,22.974115,120.243903,女廁所
3420,3420,D270000038,嘉仁加油站男廁,臺南市,仁德區,仁德里,22.974115,120.243903,男廁所
3421,3421,D350000471,嘉和加油站女廁,臺南市,安南區,淵東里,23.058166,120.176372,女廁所
3422,3422,D350000472,嘉和加油站男廁,臺南市,安南區,淵東里,23.058166,120.176372,男廁所
3423,3423,D350000473,嘉和加油站無障礙廁,臺南市,安南區,淵東里,23.058166,120.176372,無障礙廁所
3424,3424,D090000052,嘉南加油站女廁,臺南市,六甲區,龜港里,23.256935,120.312666,女廁所
3425,3425,D090000050,嘉南加油站男廁,臺南市,六甲區,龜港里,23.256935,120.312666,男廁所
3426,3426,D190000138,嘉南社區活動中心女廁,臺南市,善化區,嘉南里,23.135121,120.326956,女廁所
3427,3427,D190000139,嘉南社區活動中心男廁,臺南市,善化區,嘉南里,23.135121,120.326956,男廁所
3428,3428,D190000140,嘉南社區活動中心無障礙廁,臺南市,善化區,嘉南里,23.135121,120.326956,無障礙廁所
3429,3429,D100000205,嘉南高爾夫球場1F女廁,臺南市,官田區,社子里,23.168316,120.370734,女廁所
3430,3430,D100000204,嘉南高爾夫球場1F男廁,臺南市,官田區,社子里,23.168316,120.370734,男廁所
3431,3431,D100000207,嘉南高爾夫球場2F女廁,臺南市,官田區,社子里,23.168316,120.370734,女廁所
3432,3432,D100000206,嘉南高爾夫球場2F男廁,臺南市,官田區,社子里,23.168316,120.370734,男廁所
3433,3433,D090000103,嘉盈台南分站加油站女廁,臺南市,六甲區,七甲里,23.222815,120.341347,女廁所
3434,3434,D090000104,嘉盈台南分站加油站男廁,臺南市,六甲區,七甲里,23.222815,120.341347,男廁所
3435,3435,D120000119,嘉福里活動中心混合廁,臺南市,佳里區,下營里,23.16938,120.150828,混合廁所
3436,3436,D120000120,嘉福里活動中心無障礙廁,臺南市,佳里區,下營里,23.16938,120.150828,無障礙廁所
3437,3437,D340000436,實踐社區活動中心女廁,臺南市,北區,北門里,23.013408,120.215771,女廁所
3438,3438,D340000435,實踐社區活動中心男廁,臺南市,北區,北門里,23.013408,120.215771,男廁所
3439,3439,D210000007,滯洪池C女廁,臺南市,安定區,蘇林里,23.11804401,120.2676773,女廁所
3440,3440,D210000008,滯洪池C男廁,臺南市,安定區,蘇林里,23.11781509,120.2676773,男廁所
3441,3441,D360000275,漁光里活動中心混合廁,臺南市,安平區,漁光里,22.976852,120.159773,混合廁所
3442,3442,D120000092,漳洲、海澄社區活動中心女廁,臺南市,佳里區,海澄里,23.180167,120.15483,女廁所
3443,3443,D120000093,漳洲、海澄社區活動中心男廁,臺南市,佳里區,海澄里,23.180167,120.15483,男廁所
3444,3444,D060000016,碧軒寺女廁,臺南市,東山區,東山里,23.325585,120.403741,女廁所
3445,3445,D060000014,碧軒寺男廁,臺南市,東山區,東山里,23.325585,120.403741,男廁所
3446,3446,D030000119,碧雲寺女廁,臺南市,白河區,仙草里,23.325408,120.480758,女廁所
3447,3447,D030000118,碧雲寺男廁,臺南市,白河區,仙草里,23.325408,120.480758,男廁所
3448,3448,D030000116,碧雲寺停車場女廁,臺南市,白河區,仙草里,23.326088,120.481351,女廁所
3449,3449,D030000115,碧雲寺停車場男廁,臺南市,白河區,仙草里,23.326088,120.481351,男廁所
3450,3450,D030000117,碧雲寺停車場無障礙廁,臺南市,白河區,仙草里,23.326088,120.481351,無障礙廁所
3451,3451,D270000126,福懋仁德加油站女廁,臺南市,仁德區,保安里,22.919017,120.226008,女廁所
3452,3452,D270000123,福懋仁德加油站男廁,臺南市,仁德區,保安里,22.919017,120.226008,男廁所
3453,3453,D270000266,福懋文德加油站女廁,臺南市,仁德區,仁德里,22.973509,120.248071,女廁所
3454,3454,D270000265,福懋文德加油站男廁,臺南市,仁德區,仁德里,22.973509,120.248071,男廁所
3455,3455,D210000131,福懋安定加油站女廁,臺南市,安定區,安加里,23.114796,120.237005,女廁所
3456,3456,D210000132,福懋安定加油站男廁,臺南市,安定區,安加里,23.114796,120.237005,男廁所
3457,3457,D190000147,福懋成功加油站女廁,臺南市,善化區,小新里,23.125986,120.323953,女廁所
3458,3458,D190000142,福懋成功加油站男廁,臺南市,善化區,小新里,23.125986,120.323953,男廁所
3459,3459,D190000144,福懋成功加油站無障礙廁,臺南市,善化區,小新里,23.125986,120.323953,無障礙廁所
3460,3460,D120000021,福懋佳里加油站女廁,臺南市,佳里區,安西里,23.170538,120.168386,女廁所
3461,3461,D120000020,福懋佳里加油站男廁,臺南市,佳里區,安西里,23.170538,120.168386,男廁所
3462,3462,D310000092,福懋長城加油站混合廁,臺南市,永康區,甲頂里,23.023054,120.213089,混合廁所
3463,3463,D310000093,福懋長城加油站無障礙廁,臺南市,永康區,甲頂里,23.023054,120.213089,無障礙廁所
3464,3464,D010000429,福懋新工加油站女廁,臺南市,新營區,嘉芳里,23.309536,120.281918,女廁所
3465,3465,D010000428,福懋新工加油站男廁,臺南市,新營區,嘉芳里,23.309536,120.281918,男廁所
3466,3466,D010000167,福懋新營加油站女廁,臺南市,新營區,王公里,23.317701,120.333462,女廁所
3467,3467,D010000163,福懋新營加油站男廁,臺南市,新營區,王公里,23.317701,120.333462,男廁所
3468,3468,D010000168,福懋新營加油站無障礙廁,臺南市,新營區,王公里,23.317701,120.333462,無障礙廁所
3469,3469,D280000157,福懋歸仁加油站女廁,臺南市,歸仁區,六甲里,22.963968,120.308221,女廁所
3470,3470,D280000089,福懋歸仁加油站男廁,臺南市,歸仁區,六甲里,22.963968,120.308221,男廁所
3471,3471,D010000018,綠都心公園地下中側女廁,臺南市,新營區,民權里,23.309655,120.315158,女廁所
3472,3472,D010000002,綠都心公園地下中側男廁,臺南市,新營區,民權里,23.309655,120.315158,男廁所
3473,3473,D010000017,綠都心公園地下中側無障礙廁,臺南市,新營區,民權里,23.309655,120.315158,無障礙廁所
3474,3474,D010000020,綠都心公園地下北側女廁,臺南市,新營區,民權里,23.310203,120.315502,女廁所
3475,3475,D010000011,綠都心公園地下北側男廁,臺南市,新營區,民權里,23.310203,120.315502,男廁所
3476,3476,D010000019,綠都心公園地下北側無障礙廁,臺南市,新營區,民權里,23.310203,120.315502,無障礙廁所
3477,3477,D010000016,綠都心公園南側地下入口女廁,臺南市,新營區,民權里,23.309072,120.315731,女廁所
3478,3478,D010000010,綠都心公園南側地下入口男廁,臺南市,新營區,民權里,23.309072,120.315731,男廁所
3479,3479,D010000015,綠都心公園南側地下入口無障礙廁,臺南市,新營區,民權里,23.309072,120.315731,無障礙廁所
3480,3480,D010000023,綠都心公園歌唱舞台女廁,臺南市,新營區,民權里,23.310534,120.31589,女廁所
3481,3481,D010000014,綠都心公園歌唱舞台男廁,臺南市,新營區,民權里,23.309887,120.315899,男廁所
3482,3482,D010000022,綠都心公園歌唱舞台無障礙廁,臺南市,新營區,民權里,23.310534,120.31589,無障礙廁所
3483,3483,D010000013,綠都心公園籃球場女廁,臺南市,新營區,民權里,23.309821,120.313894,女廁所
3484,3484,D010000012,綠都心公園籃球場男廁,臺南市,新營區,民權里,23.309821,120.313894,男廁所
3485,3485,D010000021,綠都心公園籃球場無障礙廁,臺南市,新營區,民權里,23.309821,120.313894,無障礙廁所
3486,3486,D340000343,臺南公園北門路旁女廁,臺南市,北區,公園里,23.00087,120.212568,女廁所
3487,3487,D340000342,臺南公園北門路旁男廁,臺南市,北區,公園里,23.00087,120.212568,男廁所
3488,3488,D340000344,臺南公園北門路旁無障礙廁,臺南市,北區,公園里,23.00087,120.212568,無障礙廁所
3489,3489,D340000346,臺南公園北側女廁,臺南市,北區,公園里,23.00364,120.212622,女廁所
3490,3490,D340000345,臺南公園北側男廁,臺南市,北區,公園里,23.00364,120.212622,男廁所
3491,3491,D340000347,臺南公園北側無障礙廁,臺南市,北區,公園里,23.00364,120.212622,無障礙廁所
3492,3492,D340000353,臺南公園南側女廁,臺南市,北區,公園里,23.000882,120.209919,女廁所
3493,3493,D340000352,臺南公園南側男廁,臺南市,北區,公園里,23.000882,120.209919,男廁所
3494,3494,D340000354,臺南公園南側無障礙廁,臺南市,北區,公園里,23.000882,120.209919,無障礙廁所
3495,3495,D340000349,臺南公園管理中心旁女廁,臺南市,北區,公園里,23.003116,120.211517,女廁所
3496,3496,D340000348,臺南公園管理中心旁男廁,臺南市,北區,公園里,23.003116,120.211517,男廁所
3497,3497,D340000350,臺南公園管理中心旁無障礙廁,臺南市,北區,公園里,23.003116,120.211517,無障礙廁所
3498,3498,D320000845,臺南文創園區古蹟庭院女廁,臺南市,東區,成大里,22.99913,120.212738,女廁所
3499,3499,D320000844,臺南文創園區古蹟庭院男廁,臺南市,東區,成大里,22.99913,120.212738,男廁所
3500,3500,D320000842,臺南文創園區創意生活館女廁,臺南市,東區,成大里,22.99913,120.212738,女廁所
3501,3501,D320000841,臺南文創園區創意生活館男廁,臺南市,東區,成大里,22.99913,120.212738,男廁所
3502,3502,D320000843,臺南文創園區創意生活館無障礙廁,臺南市,東區,成大里,22.99913,120.212738,無障礙廁所
3503,3503,D320000848,臺南火車站1月台女廁,臺南市,東區,成大里,22.997202,120.212408,女廁所
3504,3504,D320000849,臺南火車站1月台男廁,臺南市,東區,成大里,22.997202,120.212408,男廁所
3505,3505,D320000512,臺南火車站前站女廁,臺南市,東區,成大里,22.996839,120.212362,女廁所
3506,3506,D320000513,臺南火車站前站男廁,臺南市,東區,成大里,22.996839,120.212362,男廁所
3507,3507,D320000514,臺南火車站後站女廁,臺南市,東區,成大里,22.997014,120.213429,女廁所
3508,3508,D320000515,臺南火車站後站男廁,臺南市,東區,成大里,22.997014,120.213429,男廁所
3509,3509,D320000516,臺南火車站後站無障礙廁,臺南市,東區,成大里,22.997014,120.213429,無障礙廁所
3510,3510,D320000462,臺南市立文化中心停車場女廁,臺南市,東區,忠孝里,22.97485,120.221193,女廁所
3511,3511,D320000463,臺南市立文化中心停車場男廁,臺南市,東區,忠孝里,22.97485,120.221193,男廁所
3512,3512,D320000465,臺南市立文化中心演藝廳1F女廁,臺南市,東區,忠孝里,22.975382,120.221417,女廁所
3513,3513,D320000464,臺南市立文化中心演藝廳1F男廁,臺南市,東區,忠孝里,22.975382,120.221417,男廁所
3514,3514,D320000466,臺南市立文化中心演藝廳1F無障礙廁暨親子廁,臺南市,東區,忠孝里,22.975382,120.221417,無障礙廁所
3515,3515,D320000469,臺南市立文化中心演藝廳2F右側女廁,臺南市,東區,忠孝里,22.975382,120.221417,女廁所
3516,3516,D320000467,臺南市立文化中心演藝廳2F左側女廁,臺南市,東區,忠孝里,22.975382,120.221417,女廁所
3517,3517,D320000468,臺南市立文化中心演藝廳2F左側無障礙廁,臺南市,東區,忠孝里,22.975382,120.221417,無障礙廁所
3518,3518,D330000392,臺南市立棒球場1F入口女廁,臺南市,南區,竹溪里,22.980999,120.205676,女廁所
3519,3519,D330000391,臺南市立棒球場1F入口男廁,臺南市,南區,竹溪里,22.980999,120.205676,男廁所
3520,3520,D330000393,臺南市立棒球場1F入口無障礙廁,臺南市,南區,竹溪里,22.980999,120.205676,無障礙廁所
3521,3521,D330000395,臺南市立棒球場2F本壘後女廁,臺南市,南區,竹溪里,22.980999,120.205676,女廁所
3522,3522,D330000394,臺南市立棒球場2F本壘後男廁,臺南市,南區,竹溪里,22.980999,120.205676,男廁所
3523,3523,D330000399,臺南市立棒球場一壘-1女廁,臺南市,南區,竹溪里,22.980999,120.205676,女廁所
3524,3524,D330000396,臺南市立棒球場一壘-1男廁,臺南市,南區,竹溪里,22.980999,120.205676,男廁所
3525,3525,D330000400,臺南市立棒球場一壘-2女廁,臺南市,南區,竹溪里,22.980999,120.205676,女廁所
3526,3526,D330000397,臺南市立棒球場一壘-2男廁,臺南市,南區,竹溪里,22.980999,120.205676,男廁所
3527,3527,D330000398,臺南市立棒球場一壘-3男廁,臺南市,南區,竹溪里,22.980999,120.205676,男廁所
3528,3528,D330000404,臺南市立棒球場三壘-1女廁,臺南市,南區,竹溪里,22.980999,120.205676,女廁所
3529,3529,D330000401,臺南市立棒球場三壘-1男廁,臺南市,南區,竹溪里,22.980999,120.205676,男廁所
3530,3530,D330000405,臺南市立棒球場三壘-2女廁,臺南市,南區,竹溪里,22.980999,120.205676,女廁所
3531,3531,D330000402,臺南市立棒球場三壘-2男廁,臺南市,南區,竹溪里,22.980999,120.205676,男廁所
3532,3532,D330000403,臺南市立棒球場三壘-3男廁,臺南市,南區,竹溪里,22.980999,120.205676,男廁所
3533,3533,D330000410,臺南市立棒球場外野右-5男廁,臺南市,南區,竹溪里,22.980999,120.205676,男廁所
3534,3534,D330000411,臺南市立棒球場外野右-6女廁,臺南市,南區,竹溪里,22.980999,120.205676,女廁所
3535,3535,D330000412,臺南市立棒球場外野右-7女廁,臺南市,南區,竹溪里,22.980999,120.205676,女廁所
3536,3536,D330000413,臺南市立棒球場外野右-8男廁,臺南市,南區,竹溪里,22.980999,120.205676,男廁所
3537,3537,D330000406,臺南市立棒球場外野左-1男廁,臺南市,南區,竹溪里,22.980999,120.205676,男廁所
3538,3538,D330000407,臺南市立棒球場外野左-2女廁,臺南市,南區,竹溪里,22.980999,120.205676,女廁所
3539,3539,D330000408,臺南市立棒球場外野左-3女廁,臺南市,南區,竹溪里,22.980999,120.205676,女廁所
3540,3540,D330000409,臺南市立棒球場外野左-4男廁,臺南市,南區,竹溪里,22.980999,120.205676,男廁所
3541,3541,D340000430,臺南市立圖書館公園總館1F女廁,臺南市,北區,公園里,23.004016,120.212445,女廁所
3542,3542,D340000429,臺南市立圖書館公園總館1F男廁,臺南市,北區,公園里,23.004016,120.212445,男廁所
3543,3543,D340000431,臺南市立圖書館公園總館1F無障礙廁,臺南市,北區,公園里,23.004016,120.212445,無障礙廁所
3544,3544,D340000432,臺南市立圖書館公園總館1F親子廁,臺南市,北區,公園里,23.004016,120.212445,親子廁所
3545,3545,D340000181,臺南市立圖書館公園總館2F女廁,臺南市,北區,公園里,23.004016,120.212442,女廁所
3546,3546,D340000180,臺南市立圖書館公園總館2F男廁,臺南市,北區,公園里,23.004016,120.212442,男廁所
3547,3547,D340000183,臺南市立圖書館公園總館3F女廁,臺南市,北區,公園里,23.004016,120.212442,女廁所
3548,3548,D340000182,臺南市立圖書館公園總館3F男廁,臺南市,北區,公園里,23.004016,120.212442,男廁所
3549,3549,D310000698,臺南市立圖書館新總館1F女廁,臺南市,永康區,東橋里,23.024401,120.238004,女廁所
3550,3550,D310000697,臺南市立圖書館新總館1F男廁,臺南市,永康區,東橋里,23.024401,120.238004,男廁所
3551,3551,D310000699,臺南市立圖書館新總館1F無障礙廁,臺南市,永康區,東橋里,23.024401,120.238004,無障礙廁所
3552,3552,D310000704,臺南市立圖書館新總館2F北側女廁,臺南市,永康區,東橋里,23.024401,120.238004,女廁所
3553,3553,D310000703,臺南市立圖書館新總館2F北側男廁,臺南市,永康區,東橋里,23.024401,120.238004,男廁所
3554,3554,D310000701,臺南市立圖書館新總館2F南側女廁,臺南市,永康區,東橋里,23.024401,120.238004,女廁所
3555,3555,D310000700,臺南市立圖書館新總館2F南側男廁,臺南市,永康區,東橋里,23.024401,120.238004,男廁所
3556,3556,D310000702,臺南市立圖書館新總館2F南側無障礙廁,臺南市,永康區,東橋里,23.024401,120.238004,無障礙廁所
3557,3557,D310000709,臺南市立圖書館新總館3F北側女廁,臺南市,永康區,東橋里,23.024401,120.238004,女廁所
3558,3558,D310000708,臺南市立圖書館新總館3F北側男廁,臺南市,永康區,東橋里,23.024401,120.238004,男廁所
3559,3559,D310000706,臺南市立圖書館新總館3F南側女廁,臺南市,永康區,東橋里,23.024401,120.238004,女廁所
3560,3560,D310000705,臺南市立圖書館新總館3F南側男廁,臺南市,永康區,東橋里,23.024401,120.238004,男廁所
3561,3561,D310000707,臺南市立圖書館新總館3F南側無障礙廁,臺南市,永康區,東橋里,23.024401,120.238004,無障礙廁所
3562,3562,D310000714,臺南市立圖書館新總館4F北側女廁,臺南市,永康區,東橋里,23.024401,120.238004,女廁所
3563,3563,D310000713,臺南市立圖書館新總館4F北側男廁,臺南市,永康區,東橋里,23.024401,120.238004,男廁所
3564,3564,D310000711,臺南市立圖書館新總館4F南側女廁,臺南市,永康區,東橋里,23.024401,120.238004,女廁所
3565,3565,D310000710,臺南市立圖書館新總館4F南側男廁,臺南市,永康區,東橋里,23.024401,120.238004,男廁所
3566,3566,D310000712,臺南市立圖書館新總館4F南側無障礙廁,臺南市,永康區,東橋里,23.024401,120.238004,無障礙廁所
3567,3567,D310000716,臺南市立圖書館新總館6F女廁,臺南市,永康區,東橋里,23.024401,120.238004,女廁所
3568,3568,D310000715,臺南市立圖書館新總館6F男廁,臺南市,永康區,東橋里,23.024401,120.238004,男廁所
3569,3569,D310000717,臺南市立圖書館新總館6F無障礙廁,臺南市,永康區,東橋里,23.024401,120.238004,無障礙廁所
3570,3570,D310000692,臺南市立圖書館新總館B1F北側女廁,臺南市,永康區,東橋里,23.024401,120.238004,女廁所
3571,3571,D310000691,臺南市立圖書館新總館B1F北側男廁,臺南市,永康區,東橋里,23.024401,120.238004,男廁所
3572,3572,D310000693,臺南市立圖書館新總館B1F北側親子廁,臺南市,永康區,東橋里,23.024401,120.238004,親子廁所
3573,3573,D310000695,臺南市立圖書館新總館B1F打咖啡女廁,臺南市,永康區,東橋里,23.024401,120.238004,女廁所
3574,3574,D310000694,臺南市立圖書館新總館B1F打咖啡男廁,臺南市,永康區,東橋里,23.024401,120.238004,男廁所
3575,3575,D310000696,臺南市立圖書館新總館B1F打咖啡無障礙廁,臺南市,永康區,東橋里,23.024401,120.238004,無障礙廁所
3576,3576,D310000690,臺南市立圖書館新總館B1F南側女廁,臺南市,永康區,東橋里,23.024401,120.238004,女廁所
3577,3577,D310000689,臺南市立圖書館新總館B1F南側男廁,臺南市,永康區,東橋里,23.024401,120.238004,男廁所
3578,3578,D310000718,臺南市立圖書館新總館B1F南側無障礙廁,臺南市,永康區,東橋里,23.024401,120.238004,無障礙廁所
3579,3579,D320000489,臺南市立醫院1F放射科混合廁,臺南市,東區,崇成里,22.968404,120.22653,混合廁所
3580,3580,D320000481,臺南市立醫院1F門診女廁,臺南市,東區,崇成里,22.968404,120.22653,女廁所
3581,3581,D320000482,臺南市立醫院1F門診男廁,臺南市,東區,崇成里,22.968404,120.22653,男廁所
3582,3582,D320000487,臺南市立醫院1F門診無障礙廁,臺南市,東區,崇成里,22.968404,120.22653,無障礙廁所
3583,3583,D320000479,臺南市立醫院1F復健科女廁,臺南市,東區,崇成里,22.968404,120.22653,女廁所
3584,3584,D320000480,臺南市立醫院1F復健科男廁,臺南市,東區,崇成里,22.968404,120.22653,男廁所
3585,3585,D320000490,臺南市立醫院1F復健科無障礙廁,臺南市,東區,崇成里,22.968404,120.22653,無障礙廁所
3586,3586,D320000485,臺南市立醫院1F檢驗科混合廁,臺南市,東區,崇成里,22.968404,120.22653,混合廁所
3587,3587,D320000486,臺南市立醫院2F小兒科女廁,臺南市,東區,崇成里,22.968404,120.22653,女廁所
3588,3588,D320000488,臺南市立醫院2F小兒科男廁,臺南市,東區,崇成里,22.968404,120.22653,男廁所
3589,3589,D320000758,臺南市立醫院2F產房女廁,臺南市,東區,崇成里,22.968404,120.22653,女廁所
3590,3590,D320000759,臺南市立醫院2F產房男廁,臺南市,東區,崇成里,22.968404,120.22653,男廁所
3591,3591,D320000483,臺南市立醫院3F第二加護病房女廁,臺南市,東區,崇成里,22.968404,120.22653,女廁所
3592,3592,D320000484,臺南市立醫院3F第二加護病房男廁,臺南市,東區,崇成里,22.968404,120.22653,男廁所
3593,3593,D330000134,臺南市南區萬年殿女廁,臺南市,南區,省躬里,22.932999,120.179928,女廁所
3594,3594,D330000335,臺南市南區萬年殿男廁,臺南市,南區,省躬里,22.932999,120.179928,男廁所
3595,3595,D330000384,臺南市客家文化館1F女廁,臺南市,南區,廣州里,22.985247,120.194406,女廁所
3596,3596,D330000385,臺南市客家文化館1F男廁,臺南市,南區,廣州里,22.985247,120.194406,男廁所
3597,3597,D360000173,臺南市政府水利局1F女廁,臺南市,安平區,文平里,22.982546,120.177684,女廁所
3598,3598,D360000174,臺南市政府水利局1F男廁,臺南市,安平區,文平里,22.982546,120.177684,男廁所
3599,3599,D360000175,臺南市政府水利局1F無障礙廁,臺南市,安平區,文平里,22.982546,120.177684,無障礙廁所
3600,3600,D360000176,臺南市政府水利局1F親子廁,臺南市,安平區,文平里,22.982546,120.177684,親子廁所
3601,3601,D360000177,臺南市政府水利局2F女廁,臺南市,安平區,文平里,22.982546,120.177684,女廁所
3602,3602,D360000178,臺南市政府水利局2F男廁,臺南市,安平區,文平里,22.982546,120.177684,男廁所
3603,3603,D360000179,臺南市政府水利局3F女廁,臺南市,安平區,文平里,22.982546,120.177684,女廁所
3604,3604,D360000180,臺南市政府水利局3F男廁,臺南市,安平區,文平里,22.982546,120.177684,男廁所
3605,3605,D010000068,臺南市政府世紀大樓10F女廁,臺南市,新營區,忠政里,23.311614,120.314071,女廁所
3606,3606,D010000067,臺南市政府世紀大樓10F男廁,臺南市,新營區,忠政里,23.311614,120.314071,男廁所
3607,3607,D010000052,臺南市政府世紀大樓2F女廁,臺南市,新營區,忠政里,23.311614,120.314071,女廁所
3608,3608,D010000051,臺南市政府世紀大樓2F男廁,臺南市,新營區,忠政里,23.311614,120.314071,男廁所
3609,3609,D010000054,臺南市政府世紀大樓3F女廁,臺南市,新營區,忠政里,23.311614,120.314071,女廁所
3610,3610,D010000053,臺南市政府世紀大樓3F男廁,臺南市,新營區,忠政里,23.311614,120.314071,男廁所
3611,3611,D010000056,臺南市政府世紀大樓4F女廁,臺南市,新營區,忠政里,23.311614,120.314071,女廁所
3612,3612,D010000055,臺南市政府世紀大樓4F男廁,臺南市,新營區,三仙里,23.311614,120.314071,男廁所
3613,3613,D010000058,臺南市政府世紀大樓5F女廁,臺南市,新營區,忠政里,23.311614,120.314071,女廁所
3614,3614,D010000057,臺南市政府世紀大樓5F男廁,臺南市,新營區,忠政里,23.311614,120.314071,男廁所
3615,3615,D010000060,臺南市政府世紀大樓6F女廁,臺南市,新營區,忠政里,23.311614,120.314071,女廁所
3616,3616,D010000059,臺南市政府世紀大樓6F男廁,臺南市,新營區,忠政里,23.311614,120.314071,男廁所
3617,3617,D010000062,臺南市政府世紀大樓7F女廁,臺南市,新營區,忠政里,23.311614,120.314071,女廁所
3618,3618,D010000061,臺南市政府世紀大樓7F男廁,臺南市,新營區,忠政里,23.311614,120.314071,男廁所
3619,3619,D010000064,臺南市政府世紀大樓8F女廁,臺南市,新營區,忠政里,23.311614,120.314071,女廁所
3620,3620,D010000063,臺南市政府世紀大樓8F男廁,臺南市,新營區,忠政里,23.311614,120.314071,男廁所
3621,3621,D010000066,臺南市政府世紀大樓9F女廁,臺南市,新營區,忠政里,23.311614,120.314071,女廁所
3622,3622,D010000065,臺南市政府世紀大樓9F男廁,臺南市,新營區,忠政里,23.311614,120.314071,男廁所
3623,3623,D010000028,臺南市政府民治市政中心1F西側女廁,臺南市,新營區,忠政里,23.311664,120.314686,女廁所
3624,3624,D010000027,臺南市政府民治市政中心1F西側男廁,臺南市,新營區,忠政里,23.311664,120.314686,男廁所
3625,3625,D010000026,臺南市政府民治市政中心1F東側女廁,臺南市,新營區,忠政里,23.311664,120.314686,女廁所
3626,3626,D010000025,臺南市政府民治市政中心1F東側男廁,臺南市,新營區,忠政里,23.311664,120.314686,男廁所
3627,3627,D010000032,臺南市政府民治市政中心2F西側女廁,臺南市,新營區,忠政里,23.311664,120.314686,女廁所
3628,3628,D010000031,臺南市政府民治市政中心2F西側男廁,臺南市,新營區,忠政里,23.311664,120.314686,男廁所
3629,3629,D010000030,臺南市政府民治市政中心2F東側女廁,臺南市,新營區,忠政里,23.311664,120.314686,女廁所
3630,3630,D010000029,臺南市政府民治市政中心2F東側男廁,臺南市,新營區,忠政里,23.311664,120.314686,男廁所
3631,3631,D010000036,臺南市政府民治市政中心3F西側女廁,臺南市,新營區,忠政里,23.311664,120.314686,女廁所
3632,3632,D010000035,臺南市政府民治市政中心3F西側男廁,臺南市,新營區,忠政里,23.311664,120.314686,男廁所
3633,3633,D010000034,臺南市政府民治市政中心3F東側女廁,臺南市,新營區,忠政里,23.311664,120.314686,女廁所
3634,3634,D010000033,臺南市政府民治市政中心3F東側男廁,臺南市,新營區,忠政里,23.311664,120.314686,男廁所
3635,3635,D010000076,臺南市政府民治市政中心南瀛堂1F混合廁,臺南市,新營區,忠政里,23.311538,120.315341,混合廁所
3636,3636,D010000074,臺南市政府民治市政中心南瀛堂性別友善廁,臺南市,新營區,忠政里,23.311538,120.315341,性別友善廁所
3637,3637,D010000075,臺南市政府民治市政中心南瀛堂無障礙廁,臺南市,新營區,忠政里,23.311538,120.315341,無障礙廁所
3638,3638,D360000098,臺南市政府永華市政中心西側10F女廁,臺南市,安平區,建平里,22.991459,120.18497,女廁所
3639,3639,D360000099,臺南市政府永華市政中心西側10F男廁,臺南市,安平區,建平里,22.991459,120.18497,男廁所
3640,3640,D360000100,臺南市政府永華市政中心西側11F女廁,臺南市,安平區,建平里,22.991459,120.18497,女廁所
3641,3641,D360000101,臺南市政府永華市政中心西側11F男廁,臺南市,安平區,建平里,22.991459,120.18497,男廁所
3642,3642,D360000102,臺南市政府永華市政中心西側12F女廁,臺南市,安平區,建平里,22.991459,120.18497,女廁所
3643,3643,D360000103,臺南市政府永華市政中心西側12F男廁,臺南市,安平區,建平里,22.991459,120.18497,男廁所
3644,3644,D360000080,臺南市政府永華市政中心西側1F女廁,臺南市,安平區,建平里,22.991459,120.18497,女廁所
3645,3645,D360000081,臺南市政府永華市政中心西側1F男廁,臺南市,安平區,建平里,22.991459,120.18497,男廁所
3646,3646,D360000082,臺南市政府永華市政中心西側2F女廁,臺南市,安平區,建平里,22.991459,120.18497,女廁所
3647,3647,D360000083,臺南市政府永華市政中心西側2F男廁,臺南市,安平區,建平里,22.991459,120.18497,男廁所
3648,3648,D360000084,臺南市政府永華市政中心西側3F女廁,臺南市,安平區,建平里,22.991459,120.18497,女廁所
3649,3649,D360000085,臺南市政府永華市政中心西側3F男廁,臺南市,安平區,建平里,22.991459,120.18497,男廁所
3650,3650,D360000086,臺南市政府永華市政中心西側4F女廁,臺南市,安平區,建平里,22.991459,120.18497,女廁所
3651,3651,D360000087,臺南市政府永華市政中心西側4F男廁,臺南市,安平區,建平里,22.991459,120.18497,男廁所
3652,3652,D360000088,臺南市政府永華市政中心西側5F女廁,臺南市,安平區,建平里,22.991459,120.18497,女廁所
3653,3653,D360000089,臺南市政府永華市政中心西側5F男廁,臺南市,安平區,建平里,22.991459,120.18497,男廁所
3654,3654,D360000090,臺南市政府永華市政中心西側6F女廁,臺南市,安平區,建平里,22.991459,120.18497,女廁所
3655,3655,D360000091,臺南市政府永華市政中心西側6F男廁,臺南市,安平區,建平里,22.991459,120.18497,男廁所
3656,3656,D360000092,臺南市政府永華市政中心西側7F女廁,臺南市,安平區,建平里,22.991459,120.18497,女廁所
3657,3657,D360000093,臺南市政府永華市政中心西側7F男廁,臺南市,安平區,建平里,22.991459,120.18497,男廁所
3658,3658,D360000094,臺南市政府永華市政中心西側8F女廁,臺南市,安平區,建平里,22.991459,120.18497,女廁所
3659,3659,D360000095,臺南市政府永華市政中心西側8F男廁,臺南市,安平區,建平里,22.991459,120.18497,男廁所
3660,3660,D360000096,臺南市政府永華市政中心西側9F女廁,臺南市,安平區,建平里,22.991459,120.18497,女廁所
3661,3661,D360000097,臺南市政府永華市政中心西側9F男廁,臺南市,安平區,建平里,22.991459,120.18497,男廁所
3662,3662,D360000078,臺南市政府永華市政中心西側B1F女廁,臺南市,安平區,建平里,22.991459,120.18497,女廁所
3663,3663,D360000079,臺南市政府永華市政中心西側B1F男廁,臺南市,安平區,建平里,22.991459,120.18497,男廁所
3664,3664,D360000072,臺南市政府永華市政中心東側10F女廁,臺南市,安平區,建平里,22.991459,120.18497,女廁所
3665,3665,D360000073,臺南市政府永華市政中心東側10F男廁,臺南市,安平區,建平里,22.991459,120.18497,男廁所
3666,3666,D360000074,臺南市政府永華市政中心東側11F女廁,臺南市,安平區,建平里,22.991459,120.18497,女廁所
3667,3667,D360000075,臺南市政府永華市政中心東側11F男廁,臺南市,安平區,建平里,22.991459,120.18497,男廁所
3668,3668,D360000076,臺南市政府永華市政中心東側12F女廁,臺南市,安平區,建平里,22.991459,120.18497,女廁所
3669,3669,D360000077,臺南市政府永華市政中心東側12F男廁,臺南市,安平區,建平里,22.991459,120.18497,男廁所
3670,3670,D360000054,臺南市政府永華市政中心東側1F性別友善廁,臺南市,安平區,建平里,22.991459,120.18497,性別友善廁所
3671,3671,D360000055,臺南市政府永華市政中心東側1F無障礙廁,臺南市,安平區,建平里,22.991459,120.18497,無障礙廁所
3672,3672,D360000056,臺南市政府永華市政中心東側2F女廁,臺南市,安平區,建平里,22.991459,120.18497,女廁所
3673,3673,D360000057,臺南市政府永華市政中心東側2F男廁,臺南市,安平區,建平里,22.991459,120.18497,男廁所
3674,3674,D360000058,臺南市政府永華市政中心東側3F女廁,臺南市,安平區,建平里,22.991459,120.18497,女廁所
3675,3675,D360000059,臺南市政府永華市政中心東側3F男廁,臺南市,安平區,建平里,22.991459,120.18497,男廁所
3676,3676,D360000060,臺南市政府永華市政中心東側4F女廁,臺南市,安平區,建平里,22.991459,120.18497,女廁所
3677,3677,D360000061,臺南市政府永華市政中心東側4F男廁,臺南市,安平區,建平里,22.991459,120.18497,男廁所
3678,3678,D360000062,臺南市政府永華市政中心東側5F女廁,臺南市,安平區,建平里,22.991459,120.18497,女廁所
3679,3679,D360000063,臺南市政府永華市政中心東側5F男廁,臺南市,安平區,建平里,22.991459,120.18497,男廁所
3680,3680,D360000064,臺南市政府永華市政中心東側6F女廁,臺南市,安平區,建平里,22.991459,120.18497,女廁所
3681,3681,D360000065,臺南市政府永華市政中心東側6F男廁,臺南市,安平區,建平里,22.991459,120.18497,男廁所
3682,3682,D360000066,臺南市政府永華市政中心東側7F女廁,臺南市,安平區,建平里,22.991459,120.18497,女廁所
3683,3683,D360000067,臺南市政府永華市政中心東側7F男廁,臺南市,安平區,建平里,22.991459,120.18497,男廁所
3684,3684,D360000068,臺南市政府永華市政中心東側8F女廁,臺南市,安平區,建平里,22.991459,120.18497,女廁所
3685,3685,D360000069,臺南市政府永華市政中心東側8F男廁,臺南市,安平區,建平里,22.991459,120.18497,男廁所
3686,3686,D360000070,臺南市政府永華市政中心東側9F女廁,臺南市,安平區,建平里,22.991459,120.18497,女廁所
3687,3687,D360000071,臺南市政府永華市政中心東側9F男廁,臺南市,安平區,建平里,22.991459,120.18497,男廁所
3688,3688,D360000052,臺南市政府永華市政中心東側B1女廁,臺南市,安平區,建平里,22.991459,120.18497,女廁所
3689,3689,D360000053,臺南市政府永華市政中心東側B1男廁,臺南市,安平區,建平里,22.991459,120.18497,男廁所
3690,3690,D360000110,臺南市政府永華市政中心南島路西側女廁,臺南市,安平區,建平里,22.991478,120.18434,女廁所
3691,3691,D360000109,臺南市政府永華市政中心南島路西側男廁,臺南市,安平區,建平里,22.991478,120.18434,男廁所
3692,3692,D360000111,臺南市政府永華市政中心南島路西側無障礙廁,臺南市,安平區,建平里,22.991478,120.18434,無障礙廁所
3693,3693,D360000107,臺南市政府永華市政中心南島路東側女廁,臺南市,安平區,建平里,22.991324,120.185657,女廁所
3694,3694,D360000106,臺南市政府永華市政中心南島路東側男廁,臺南市,安平區,建平里,22.991324,120.185657,男廁所
3695,3695,D360000108,臺南市政府永華市政中心南島路東側無障礙廁,臺南市,安平區,建平里,22.991324,120.185657,無障礙廁所
3696,3696,D010000093,臺南市政府社會福利服務中心1F女廁,臺南市,新營區,新北里,23.312575,120.314066,女廁所
3697,3697,D010000099,臺南市政府社會福利服務中心1F無障礙廁,臺南市,新營區,新北里,23.312575,120.314066,無障礙廁所
3698,3698,D010000095,臺南市政府社會福利服務中心2F女廁,臺南市,新營區,新北里,23.312575,120.314066,女廁所
3699,3699,D010000096,臺南市政府社會福利服務中心2F男廁,臺南市,新營區,新北里,23.312575,120.314066,男廁所
3700,3700,D010000097,臺南市政府社會福利服務中心3F女廁,臺南市,新營區,新北里,23.312575,120.314066,女廁所
3701,3701,D010000098,臺南市政府社會福利服務中心3F男廁,臺南市,新營區,新北里,23.312575,120.314066,男廁所
3702,3702,D010000038,臺南市政府南瀛大樓1F女廁,臺南市,新營區,忠政里,23.311664,120.314686,女廁所
3703,3703,D010000037,臺南市政府南瀛大樓1F男廁,臺南市,新營區,忠政里,23.311664,120.314686,男廁所
3704,3704,D010000040,臺南市政府南瀛大樓2F女廁,臺南市,新營區,忠政里,23.311664,120.314686,女廁所
3705,3705,D010000039,臺南市政府南瀛大樓2F男廁,臺南市,新營區,忠政里,23.311664,120.314686,男廁所
3706,3706,D010000042,臺南市政府南瀛大樓3F女廁,臺南市,新營區,忠政里,23.311664,120.314686,女廁所
3707,3707,D010000041,臺南市政府南瀛大樓3F男廁,臺南市,新營區,忠政里,23.311664,120.314686,男廁所
3708,3708,D010000044,臺南市政府南瀛大樓4F女廁,臺南市,新營區,忠政里,23.311664,120.314686,女廁所
3709,3709,D010000043,臺南市政府南瀛大樓4F男廁,臺南市,新營區,忠政里,23.311664,120.314686,男廁所
3710,3710,D010000048,臺南市政府南瀛大樓6F女廁,臺南市,新營區,忠政里,23.311664,120.314686,女廁所
3711,3711,D010000047,臺南市政府南瀛大樓6F男廁,臺南市,新營區,忠政里,23.311664,120.314686,男廁所
3712,3712,D010000050,臺南市政府南瀛大樓7F女廁,臺南市,新營區,忠政里,23.311664,120.314686,女廁所
3713,3713,D010000049,臺南市政府南瀛大樓7F男廁,臺南市,新營區,忠政里,23.311664,120.314686,男廁所
3714,3714,D010000180,臺南市政府消防局民治辦公室1F混合廁,臺南市,新營區,護鎮里,23.322724,120.309443,混合廁所
3715,3715,D010000175,臺南市政府消防局民治辦公室2F混合廁,臺南市,新營區,護鎮里,23.322724,120.309443,混合廁所
3716,3716,D010000176,臺南市政府消防局民治辦公室3F混合廁,臺南市,新營區,護鎮里,23.322724,120.309443,混合廁所
3717,3717,D350000079,臺南市政府財政稅務局安南分局1F女廁,臺南市,安南區,溪心里,23.047658,120.180796,女廁所
3718,3718,D350000080,臺南市政府財政稅務局安南分局1F男廁,臺南市,安南區,溪心里,23.047658,120.180796,男廁所
3719,3719,D120000059,臺南市政府財政稅務局佳里分局1F女廁,臺南市,佳里區,六安里,23.165378,120.175947,女廁所
3720,3720,D120000060,臺南市政府財政稅務局佳里分局1F男廁,臺南市,佳里區,六安里,23.165378,120.175947,男廁所
3721,3721,D180000069,臺南市政府財政稅務局新化分局1F女廁,臺南市,新化區,太平里,23.042515,120.305219,女廁所
3722,3722,D180000070,臺南市政府財政稅務局新化分局1F男廁,臺南市,新化區,太平里,23.042515,120.305219,男廁所
3723,3723,D010000078,臺南市政府財政稅務局新營分局1F女廁,臺南市,新營區,忠政里,23.311664,120.314686,女廁所
3724,3724,D010000077,臺南市政府財政稅務局新營分局1F男廁,臺南市,新營區,忠政里,23.311664,120.314686,男廁所
3725,3725,D370000777,臺南市政府財政稅務局臺南分局北側女廁,臺南市,中西區,南門里,22.987867,120.202064,女廁所
3726,3726,D370000778,臺南市政府財政稅務局臺南分局北側性別友善廁,臺南市,中西區,南門里,22.987891,120.202129,性別友善廁所
3727,3727,D370000780,臺南市政府財政稅務局臺南分局南側女廁,臺南市,中西區,南門里,22.987867,120.202064,女廁所
3728,3728,D370000781,臺南市政府財政稅務局臺南分局南側男廁,臺南市,中西區,南門里,22.987867,120.202064,男廁所
3729,3729,D370000782,臺南市政府財政稅務局臺南分局南側無障礙廁,臺南市,中西區,南門里,22.987867,120.202064,無障礙廁所
3730,3730,D320000332,臺南市政府無障礙福利之家A棟1F女廁,臺南市,東區,大學里,22.999765,120.224808,女廁所
3731,3731,D320000333,臺南市政府無障礙福利之家A棟1F男廁,臺南市,東區,大學里,22.999765,120.224808,男廁所
3732,3732,D320000334,臺南市政府無障礙福利之家A棟1F無障礙廁,臺南市,東區,大學里,22.999765,120.224808,無障礙廁所
3733,3733,D320000336,臺南市政府無障礙福利之家A棟2F性別友善廁,臺南市,東區,大學里,22.999765,120.224808,性別友善廁所
3734,3734,D320000337,臺南市政府無障礙福利之家A棟4F女廁,臺南市,東區,大學里,22.999765,120.224808,女廁所
3735,3735,D320000338,臺南市政府無障礙福利之家A棟4F男廁,臺南市,東區,大學里,22.999765,120.224808,男廁所
3736,3736,D320000339,臺南市政府無障礙福利之家A棟4F無障礙廁,臺南市,東區,大學里,22.999765,120.224808,無障礙廁所
3737,3737,D320000340,臺南市政府無障礙福利之家A棟5F女廁,臺南市,東區,大學里,22.999765,120.224808,女廁所
3738,3738,D320000341,臺南市政府無障礙福利之家A棟5F男廁,臺南市,東區,大學里,22.999765,120.224808,男廁所
3739,3739,D320000342,臺南市政府無障礙福利之家A棟5F無障礙廁,臺南市,東區,大學里,22.999765,120.224808,無障礙廁所
3740,3740,D010000258,臺南市政府衛生局東興辦公室1F女廁,臺南市,新營區,新東里,23.315418,120.322855,女廁所
3741,3741,D010000259,臺南市政府衛生局東興辦公室1F男廁,臺南市,新營區,新東里,23.315418,120.322855,男廁所
3742,3742,D010000260,臺南市政府衛生局東興辦公室2F女廁,臺南市,新營區,新東里,23.315418,120.322855,女廁所
3743,3743,D010000261,臺南市政府衛生局東興辦公室2F男廁,臺南市,新營區,新東里,23.315418,120.322855,男廁所
3744,3744,D010000262,臺南市政府衛生局東興辦公室3F女廁,臺南市,新營區,新東里,23.315418,120.322855,女廁所
3745,3745,D010000263,臺南市政府衛生局東興辦公室3F男廁,臺南市,新營區,新東里,23.315418,120.322855,男廁所
3746,3746,D010000264,臺南市政府衛生局東興辦公室4F女廁,臺南市,新營區,新東里,23.315418,120.322855,女廁所
3747,3747,D010000265,臺南市政府衛生局東興辦公室4F男廁,臺南市,新營區,新東里,23.315418,120.322855,男廁所
3748,3748,D320000367,臺南市政府衛生局林森辦公室1F女廁,臺南市,東區,龍山里,22.985002,120.222163,女廁所
3749,3749,D320000368,臺南市政府衛生局林森辦公室1F男廁,臺南市,東區,龍山里,22.985002,120.222163,男廁所
3750,3750,D320000369,臺南市政府衛生局林森辦公室2F女廁,臺南市,東區,龍山里,22.985002,120.222163,女廁所
3751,3751,D320000370,臺南市政府衛生局林森辦公室2F男廁,臺南市,東區,龍山里,22.985002,120.222163,男廁所
3752,3752,D320000371,臺南市政府衛生局林森辦公室3F女廁,臺南市,東區,龍山里,22.985002,120.222163,女廁所
3753,3753,D320000373,臺南市政府衛生局林森辦公室4F女廁,臺南市,東區,龍山里,22.985002,120.222163,女廁所
3754,3754,D320000375,臺南市政府衛生局林森辦公室5F女廁,臺南市,東區,龍山里,22.985002,120.222163,女廁所
3755,3755,D320000204,臺南市政府環境保護局1F女廁,臺南市,東區,自強里,22.984687,120.235251,女廁所
3756,3756,D320000205,臺南市政府環境保護局1F男廁,臺南市,東區,自強里,22.984687,120.235251,男廁所
3757,3757,D320000209,臺南市政府環境保護局1F無障礙廁,臺南市,東區,自強里,22.98476418,120.235303,無障礙廁所
3758,3758,D320000206,臺南市政府環境保護局2F女廁,臺南市,東區,自強里,22.984687,120.235251,女廁所
3759,3759,D320000207,臺南市政府環境保護局2F男廁,臺南市,東區,自強里,22.984687,120.235251,男廁所
3760,3760,D320000208,臺南市政府環境保護局3F性別友善廁,臺南市,東區,自強里,22.984687,120.235251,性別友善廁所
3761,3761,D350000088,臺南市政府環境保護局北區清潔隊混合廁,臺南市,安南區,塩田里,23.040879,120.159017,混合廁所
3762,3762,D320000388,臺南市政府環境保護局東區清潔隊1F女廁,臺南市,東區,德高里,22.961501,120.236954,女廁所
3763,3763,D320000387,臺南市政府環境保護局東區清潔隊1F男廁,臺南市,東區,德高里,22.961501,120.236954,男廁所
3764,3764,D320000389,臺南市政府環境保護局東區清潔隊1F無障礙廁,臺南市,東區,德高里,22.961501,120.236954,無障礙廁所
3765,3765,D320000391,臺南市政府環境保護局東區清潔隊2F女廁,臺南市,東區,德高里,22.961501,120.236954,女廁所
3766,3766,D320000390,臺南市政府環境保護局東區清潔隊2F男廁,臺南市,東區,德高里,22.961501,120.236954,男廁所
3767,3767,D350000129,臺南市政府環境保護局城西焚化廠1F女廁,臺南市,安南區,城西里,23.045867,120.074984,女廁所
3768,3768,D350000130,臺南市政府環境保護局城西焚化廠1F男廁,臺南市,安南區,城西里,23.045867,120.074984,男廁所
3769,3769,D350000131,臺南市政府環境保護局城西焚化廠2F女廁,臺南市,安南區,城西里,23.045867,120.074984,女廁所
3770,3770,D350000132,臺南市政府環境保護局城西焚化廠2F男廁,臺南市,安南區,城西里,23.045867,120.074984,男廁所
3771,3771,D010000338,臺南市政府警察局1F北側女廁,臺南市,新營區,民權里,23.305367,120.316115,女廁所
3772,3772,D010000337,臺南市政府警察局1F北側男廁,臺南市,新營區,民權里,23.305367,120.316115,男廁所
3773,3773,D010000351,臺南市政府警察局1F西側女廁,臺南市,新營區,民權里,23.305367,120.316115,女廁所
3774,3774,D010000350,臺南市政府警察局1F西側男廁,臺南市,新營區,民權里,23.305367,120.316115,男廁所
3775,3775,D010000342,臺南市政府警察局1F東側女廁,臺南市,新營區,民權里,23.305367,120.316115,女廁所
3776,3776,D010000341,臺南市政府警察局1F東側男廁,臺南市,新營區,民權里,23.305367,120.316115,男廁所
3777,3777,D010000343,臺南市政府警察局1F東側無障礙廁,臺南市,新營區,民權里,23.305367,120.316115,無障礙廁所
3778,3778,D010000357,臺南市政府警察局本局後棟1F西側女廁,臺南市,新營區,民權里,23.305367,120.316115,女廁所
3779,3779,D010000356,臺南市政府警察局本局後棟1F西側男廁,臺南市,新營區,民權里,23.305367,120.316115,男廁所
3780,3780,D010000359,臺南市政府警察局本局後棟1F東側女廁,臺南市,新營區,民權里,23.305367,120.316115,女廁所
3781,3781,D010000358,臺南市政府警察局本局後棟1F東側男廁,臺南市,新營區,民權里,23.305367,120.316115,男廁所
3782,3782,D370000775,臺南市政府警察局第二分局南門派出所混合廁,臺南市,中西區,南門里,22.985192,120.200507,混合廁所
3783,3783,D360000144,臺南市政府警察局第四分局女廁,臺南市,安平區,平通里,22.9943,120.168755,女廁所
3784,3784,D360000145,臺南市政府警察局第四分局男廁,臺南市,安平區,平通里,22.9943,120.168755,男廁所
3785,3785,D370000290,臺南市美術館一館古蹟棟1F女廁,臺南市,中西區,永華里,22.991036,120.205038,女廁所
3786,3786,D370000291,臺南市美術館一館古蹟棟1F男廁,臺南市,中西區,永華里,22.991036,120.205038,男廁所
3787,3787,D370000292,臺南市美術館一館新棟1F女廁,臺南市,中西區,永華里,22.991036,120.205038,女廁所
3788,3788,D370000293,臺南市美術館一館新棟1F男廁,臺南市,中西區,永華里,22.991036,120.205038,男廁所
3789,3789,D370000294,臺南市美術館一館新棟1F無障礙廁,臺南市,中西區,永華里,22.991036,120.205038,無障礙廁所
3790,3790,D370000295,臺南市美術館一館新棟2F女廁,臺南市,中西區,永華里,22.991036,120.205038,女廁所
3791,3791,D370000296,臺南市美術館一館新棟2F男廁,臺南市,中西區,永華里,22.991036,120.205038,男廁所
3792,3792,D370000297,臺南市美術館一館新棟3F女廁,臺南市,中西區,永華里,22.991036,120.205038,女廁所
3793,3793,D370000298,臺南市美術館一館新棟3F男廁,臺南市,中西區,永華里,22.991036,120.205038,男廁所
3794,3794,D370000299,臺南市美術館一館新棟3F親子廁,臺南市,中西區,永華里,22.991036,120.205038,親子廁所
3795,3795,D370000594,臺南市美術館二館1F西側女廁,臺南市,中西區,南美里,22.990378,120.201755,女廁所
3796,3796,D370000596,臺南市美術館二館1F西側女無障礙廁,臺南市,中西區,南美里,22.990378,120.201755,無障礙廁所
3797,3797,D370000595,臺南市美術館二館1F西側男廁,臺南市,中西區,南美里,22.990378,120.201755,男廁所
3798,3798,D370000597,臺南市美術館二館1F西側男無障礙廁,臺南市,中西區,南美里,22.990378,120.201755,無障礙廁所
3799,3799,D370000598,臺南市美術館二館1F東側女廁,臺南市,中西區,南美里,22.990378,120.201755,女廁所
3800,3800,D370000599,臺南市美術館二館1F東側男廁,臺南市,中西區,南美里,22.990378,120.201755,男廁所
3801,3801,D370000600,臺南市美術館二館2F西側女廁,臺南市,中西區,南美里,22.990378,120.201755,女廁所
3802,3802,D370000601,臺南市美術館二館2F西側男廁,臺南市,中西區,南美里,22.990378,120.201755,男廁所
3803,3803,D370000602,臺南市美術館二館2F西側無障礙廁,臺南市,中西區,南美里,22.990378,120.201755,無障礙廁所
3804,3804,D370000603,臺南市美術館二館2F東側女廁,臺南市,中西區,南美里,22.990378,120.201755,女廁所
3805,3805,D370000604,臺南市美術館二館2F東側男廁,臺南市,中西區,南美里,22.990378,120.201755,男廁所
3806,3806,D370000605,臺南市美術館二館3F女廁,臺南市,中西區,南美里,22.990378,120.201755,女廁所
3807,3807,D370000606,臺南市美術館二館3F男廁,臺南市,中西區,南美里,22.990378,120.201755,男廁所
3808,3808,D370000591,臺南市美術館二館B1女廁,臺南市,中西區,南美里,22.990378,120.201755,女廁所
3809,3809,D370000592,臺南市美術館二館B1男廁,臺南市,中西區,南美里,22.990378,120.201755,男廁所
3810,3810,D370000593,臺南市美術館二館B1無障礙廁,臺南市,中西區,南美里,22.990378,120.201755,無障礙廁所
3811,3811,D370000588,臺南市美術館二館B2女廁,臺南市,中西區,南美里,22.990378,120.201755,女廁所
3812,3812,D370000589,臺南市美術館二館B2男廁,臺南市,中西區,南美里,22.990378,120.201755,男廁所
3813,3813,D370000590,臺南市美術館二館B2無障礙廁,臺南市,中西區,南美里,22.990378,120.201755,無障礙廁所
3814,3814,D010000549,臺南市新營體育場田徑場10號出口下女廁,臺南市,新營區,護鎮里,23.32060611,120.3121183,女廁所
3815,3815,D010000548,臺南市新營體育場田徑場10號出口下男廁,臺南市,新營區,護鎮里,23.32060611,120.3121183,男廁所
3816,3816,D010000535,臺南市新營體育場田徑場1號出口下女廁,臺南市,新營區,護鎮里,23.32060611,120.3121183,女廁所
3817,3817,D010000534,臺南市新營體育場田徑場1號出口下男廁,臺南市,新營區,護鎮里,23.32060611,120.3121183,男廁所
3818,3818,D010000505,臺南市新營體育場田徑場2號出口下女廁,臺南市,新營區,護鎮里,23.3207204,120.3121162,女廁所
3819,3819,D010000504,臺南市新營體育場田徑場2號出口下男廁,臺南市,新營區,護鎮里,23.3207204,120.3121162,男廁所
3820,3820,D010000507,臺南市新營體育場田徑場3號出口下女廁,臺南市,新營區,護鎮里,23.3207204,120.3121162,女廁所
3821,3821,D010000506,臺南市新營體育場田徑場3號出口下男廁,臺南市,新營區,護鎮里,23.3207204,120.3121162,男廁所
3822,3822,D010000539,臺南市新營體育場田徑場4號出口下女廁,臺南市,新營區,護鎮里,23.32060611,120.3121183,女廁所
3823,3823,D010000538,臺南市新營體育場田徑場4號出口下男廁,臺南市,新營區,護鎮里,23.32060611,120.3121183,男廁所
3824,3824,D010000541,臺南市新營體育場田徑場5號出口下女廁,臺南市,新營區,護鎮里,23.32060611,120.3121183,女廁所
3825,3825,D010000540,臺南市新營體育場田徑場5號出口下男廁,臺南市,新營區,護鎮里,23.32060611,120.3121183,男廁所
3826,3826,D010000543,臺南市新營體育場田徑場6號出口下女廁,臺南市,新營區,護鎮里,23.32060611,120.3121183,女廁所
3827,3827,D010000542,臺南市新營體育場田徑場6號出口下男廁,臺南市,新營區,護鎮里,23.32060611,120.3121183,男廁所
3828,3828,D010000509,臺南市新營體育場田徑場7號出口下女廁,臺南市,新營區,護鎮里,23.3207204,120.3121162,女廁所
3829,3829,D010000508,臺南市新營體育場田徑場7號出口下男廁,臺南市,新營區,護鎮里,23.3207204,120.3121162,男廁所
3830,3830,D010000511,臺南市新營體育場田徑場8號出口下女廁,臺南市,新營區,護鎮里,23.3207204,120.3121162,女廁所
3831,3831,D010000510,臺南市新營體育場田徑場8號出口下男廁,臺南市,新營區,護鎮里,23.3207204,120.3121162,男廁所
3832,3832,D010000513,臺南市新營體育場田徑場9號出口下女廁,臺南市,新營區,護鎮里,23.3207204,120.3121162,女廁所
3833,3833,D010000512,臺南市新營體育場田徑場9號出口下性別友善廁,臺南市,新營區,護鎮里,23.3207204,120.3121162,性別友善廁所
3834,3834,D010000225,臺南市新營體育場田徑場內女廁,臺南市,新營區,護鎮里,23.320821,120.313669,女廁所
3835,3835,D010000226,臺南市新營體育場田徑場內男廁,臺南市,新營區,護鎮里,23.320821,120.313669,男廁所
3836,3836,D010000227,臺南市新營體育場田徑場內無障礙廁,臺南市,新營區,護鎮里,23.320821,120.313669,無障礙廁所
3837,3837,D010000228,臺南市新營體育場田徑場內親子廁,臺南市,新營區,護鎮里,23.320821,120.313669,親子廁所
3838,3838,D010000537,臺南市新營體育場田徑場北側桌球室女廁,臺南市,新營區,護鎮里,23.32060611,120.3121183,女廁所
3839,3839,D010000536,臺南市新營體育場田徑場北側桌球室男廁,臺南市,新營區,護鎮里,23.32060611,120.3121183,男廁所
3840,3840,D010000211,臺南市新營體育場田徑場外北側女廁,臺南市,新營區,埤寮里,23.320794,120.314139,女廁所
3841,3841,D010000231,臺南市新營體育場田徑場外北側多功能親子廁,臺南市,新營區,護鎮里,23.320821,120.313669,親子廁所
3842,3842,D010000210,臺南市新營體育場田徑場外北側男廁,臺南市,新營區,埤寮里,23.32077,120.314261,男廁所
3843,3843,D010000229,臺南市新營體育場田徑場外北側男無障礙廁,臺南市,新營區,護鎮里,23.320821,120.313669,無障礙廁所
3844,3844,D010000217,臺南市新營體育場田徑場外北側無障礙廁,臺南市,新營區,埤寮里,23.320794,120.314139,無障礙廁所
3845,3845,D010000230,臺南市新營體育場田徑場外北側親子廁,臺南市,新營區,護鎮里,23.320821,120.313669,親子廁所
3846,3846,D010000546,臺南市新營體育場田徑場西南側1F女廁,臺南市,新營區,護鎮里,23.32060611,120.3121183,女廁所
3847,3847,D010000545,臺南市新營體育場田徑場西南側1F男廁,臺南市,新營區,護鎮里,23.32060611,120.3121183,男廁所
3848,3848,D010000547,臺南市新營體育場田徑場西南側1F無障礙廁,臺南市,新營區,護鎮里,23.32060611,120.3121183,無障礙廁所
3849,3849,D010000544,臺南市新營體育場田徑場南側桌球室女廁,臺南市,新營區,護鎮里,23.32060611,120.3121183,女廁所
3850,3850,D010000233,臺南市新營體育場田徑場看台2F女廁,臺南市,新營區,護鎮里,23.32077,120.314261,女廁所
3851,3851,D010000531,臺南市新營體育場田徑場看台2F外側A廁女廁,臺南市,新營區,護鎮里,23.32060611,120.3121183,女廁所
3852,3852,D010000530,臺南市新營體育場田徑場看台2F外側A廁男廁,臺南市,新營區,護鎮里,23.32060611,120.3121183,男廁所
3853,3853,D010000533,臺南市新營體育場田徑場看台2F外側B廁女廁,臺南市,新營區,護鎮里,23.32060611,120.3121183,女廁所
3854,3854,D010000532,臺南市新營體育場田徑場看台2F外側B廁男廁,臺南市,新營區,護鎮里,23.32060611,120.3121183,男廁所
3855,3855,D010000232,臺南市新營體育場田徑場看台2F男廁,臺南市,新營區,護鎮里,23.32077,120.314261,男廁所
3856,3856,D010000497,臺南市新營體育場田徑場健身房A無障礙廁,臺南市,新營區,護鎮里,23.32066917,120.3121054,無障礙廁所
3857,3857,D010000498,臺南市新營體育場田徑場健身房B無障礙廁,臺南市,新營區,護鎮里,23.32066917,120.3121054,無障礙廁所
3858,3858,D010000235,臺南市新營體育場田徑場健身房女廁,臺南市,新營區,護鎮里,23.32077,120.314261,女廁所
3859,3859,D010000234,臺南市新營體育場田徑場健身房男廁,臺南市,新營區,護鎮里,23.32077,120.314261,男廁所
3860,3860,D010000502,臺南市新營體育場田徑場第五停車場旁女廁,臺南市,新營區,護鎮里,23.3207204,120.3121162,女廁所
3861,3861,D010000501,臺南市新營體育場田徑場第五停車場旁男廁,臺南市,新營區,護鎮里,23.3207204,120.3121162,男廁所
3862,3862,D010000503,臺南市新營體育場田徑場第五停車場旁無障礙廁,臺南市,新營區,護鎮里,23.3207204,120.3121162,無障礙廁所
3863,3863,D010000515,臺南市新營體育場田徑場檢錄處旁女廁,臺南市,新營區,護鎮里,23.3207204,120.3121162,女廁所
3864,3864,D010000514,臺南市新營體育場田徑場檢錄處旁男廁,臺南市,新營區,護鎮里,23.3207204,120.3121162,男廁所
3865,3865,D010000213,臺南市新營體育場環保局後方女廁,臺南市,新營區,護鎮里,23.321679,120.3129,女廁所
3866,3866,D010000212,臺南市新營體育場環保局後方男廁,臺南市,新營區,護鎮里,23.321679,120.3129,男廁所
3867,3867,D010000202,臺南市新營體育場體育館1F北側女廁,臺南市,新營區,護鎮里,23.321244,120.30953,女廁所
3868,3868,D010000203,臺南市新營體育場體育館1F北側男廁,臺南市,新營區,護鎮里,23.321244,120.30953,男廁所
3869,3869,D010000500,臺南市新營體育場體育館1F北側親子廁,臺南市,新營區,護鎮里,23.32116868,120.3095198,親子廁所
3870,3870,D010000204,臺南市新營體育場體育館1F南側女廁,臺南市,新營區,護鎮里,23.321244,120.30953,女廁所
3871,3871,D010000205,臺南市新營體育場體育館1F南側男廁,臺南市,新營區,護鎮里,23.321244,120.30953,男廁所
3872,3872,D010000206,臺南市新營體育場體育館2F北側性別友善廁,臺南市,新營區,護鎮里,23.321244,120.30953,性別友善廁所
3873,3873,D010000499,臺南市新營體育場體育館2F南側混合廁,臺南市,新營區,護鎮里,23.32116868,120.3095198,混合廁所
3874,3874,D010000556,臺南市新營體育場體育館西側1FA男廁,臺南市,新營區,護鎮里,23.32060611,120.3121183,男廁所
3875,3875,D010000557,臺南市新營體育場體育館西側1FB男廁,臺南市,新營區,護鎮里,23.32060611,120.3121183,男廁所
3876,3876,D010000558,臺南市新營體育場體育館西側2F男廁,臺南市,新營區,護鎮里,23.32060611,120.3121183,男廁所
3877,3877,D010000550,臺南市新營體育場體育館東側1FA親子廁,臺南市,新營區,護鎮里,23.32060611,120.3121183,親子廁所
3878,3878,D010000553,臺南市新營體育場體育館東側1FB親子廁,臺南市,新營區,護鎮里,23.32060611,120.3121183,親子廁所
3879,3879,D010000554,臺南市新營體育場體育館東側1F女廁,臺南市,新營區,護鎮里,23.32060611,120.3121183,女廁所
3880,3880,D010000551,臺南市新營體育場體育館東側1F男廁,臺南市,新營區,護鎮里,23.32060611,120.3121183,男廁所
3881,3881,D010000555,臺南市新營體育場體育館東側2F女廁,臺南市,新營區,護鎮里,23.32060611,120.3121183,女廁所
3882,3882,D010000552,臺南市新營體育場體育館東側2F男廁,臺南市,新營區,護鎮里,23.32060611,120.3121183,男廁所
3883,3883,D360000104,臺南市臺南地政事務所女廁,臺南市,安平區,建平里,22.990645,120.182564,女廁所
3884,3884,D360000105,臺南市臺南地政事務所男廁,臺南市,安平區,建平里,22.990645,120.182564,男廁所
3885,3885,D280000068,臺南市歸仁美學館女廁,臺南市,歸仁區,歸仁里,22.966967,120.29471,女廁所
3886,3886,D280000069,臺南市歸仁美學館男廁,臺南市,歸仁區,歸仁里,22.966967,120.29471,男廁所
3887,3887,D330000161,臺南市殯葬管理所丙級懷恩廳女廁,臺南市,南區,大忠里,22.97022,120.209242,女廁所
3888,3888,D330000162,臺南市殯葬管理所丙級懷悌廳女廁,臺南市,南區,大忠里,22.97022,120.209242,女廁所
3889,3889,D330000163,臺南市殯葬管理所丙級懷慈廳女廁,臺南市,南區,大忠里,22.97022,120.209242,女廁所
3890,3890,D330000164,臺南市殯葬管理所丙級懷澤廳男廁,臺南市,南區,大忠里,22.97022,120.209242,男廁所
3891,3891,D330000165,臺南市殯葬管理所丙級懷親廳男廁,臺南市,南區,大忠里,22.97022,120.209242,男廁所
3892,3892,D330000155,臺南市殯葬管理所永安堂北側女廁,臺南市,南區,大忠里,22.97022,120.209242,女廁所
3893,3893,D330000156,臺南市殯葬管理所永安堂北側男廁,臺南市,南區,大忠里,22.97022,120.209242,男廁所
3894,3894,D330000157,臺南市殯葬管理所永安堂北側無障礙廁,臺南市,南區,大忠里,22.97022,120.209242,無障礙廁所
3895,3895,D330000158,臺南市殯葬管理所永安堂南側女廁,臺南市,南區,大忠里,22.97022,120.209242,女廁所
3896,3896,D330000159,臺南市殯葬管理所永安堂南側男廁,臺南市,南區,大忠里,22.97022,120.209242,男廁所
3897,3897,D330000160,臺南市殯葬管理所永安堂南側親子廁,臺南市,南區,大忠里,22.97022,120.209242,親子廁所
3898,3898,D330000150,臺南市殯葬管理所光德廳女廁,臺南市,南區,大忠里,22.97022,120.209242,女廁所
3899,3899,D330000149,臺南市殯葬管理所光德廳男廁,臺南市,南區,大忠里,22.97022,120.209242,男廁所
3900,3900,D330000152,臺南市殯葬管理所至德廳女廁,臺南市,南區,大忠里,22.97022,120.209242,女廁所
3901,3901,D330000151,臺南市殯葬管理所至德廳男廁,臺南市,南區,大忠里,22.97022,120.209242,男廁所
3902,3902,D330000167,臺南市殯葬管理所和平堂女廁,臺南市,南區,大忠里,22.97022,120.209242,女廁所
3903,3903,D330000166,臺南市殯葬管理所和平堂男廁,臺南市,南區,大忠里,22.97022,120.209242,男廁所
3904,3904,D330000168,臺南市殯葬管理所和平堂無障礙廁,臺南市,南區,大忠里,22.97022,120.209242,無障礙廁所
3905,3905,D330000148,臺南市殯葬管理所明德廳女廁,臺南市,南區,大忠里,22.97022,120.209242,女廁所
3906,3906,D330000147,臺南市殯葬管理所明德廳男廁,臺南市,南區,大忠里,22.97022,120.209242,男廁所
3907,3907,D330000175,臺南市殯葬管理所服務中心西側女廁,臺南市,南區,大忠里,22.97022,120.209242,女廁所
3908,3908,D330000174,臺南市殯葬管理所服務中心西側男廁,臺南市,南區,大忠里,22.97022,120.209242,男廁所
3909,3909,D330000172,臺南市殯葬管理所服務中心東側女廁,臺南市,南區,大忠里,22.97022,120.209242,女廁所
3910,3910,D330000171,臺南市殯葬管理所服務中心東側男廁,臺南市,南區,大忠里,22.97022,120.209242,男廁所
3911,3911,D330000173,臺南市殯葬管理所服務中心東側性別友善廁,臺南市,南區,大忠里,22.97022,120.209242,性別友善廁所
3912,3912,D330000154,臺南市殯葬管理所崇德廳女廁,臺南市,南區,大忠里,22.97022,120.209242,女廁所
3913,3913,D330000153,臺南市殯葬管理所崇德廳男廁,臺南市,南區,大忠里,22.97022,120.209242,男廁所
3914,3914,D330000170,臺南市殯葬管理所景行廳女廁,臺南市,南區,大忠里,22.97022,120.209242,女廁所
3915,3915,D330000169,臺南市殯葬管理所景行廳男廁,臺南市,南區,大忠里,22.97022,120.209242,男廁所
3916,3916,D330000176,臺南航空站大廳女廁,臺南市,南區,大恩里,22.948061,120.216256,女廁所
3917,3917,D330000177,臺南航空站大廳男廁,臺南市,南區,大恩里,22.948061,120.216256,男廁所
3918,3918,D330000180,臺南航空站大廳無障礙廁,臺南市,南區,大恩里,22.948061,120.216256,無障礙廁所
3919,3919,D330000182,臺南航空站內廳候機室女廁,臺南市,南區,大恩里,22.948061,120.216256,女廁所
3920,3920,D330000183,臺南航空站內廳候機室男廁,臺南市,南區,大恩里,22.948061,120.216256,男廁所
3921,3921,D330000184,臺南航空站內廳候機室無障礙廁,臺南市,南區,大恩里,22.948061,120.216256,無障礙廁所
3922,3922,D330000178,臺南航空站候機室女廁,臺南市,南區,大恩里,22.948061,120.216256,女廁所
3923,3923,D330000179,臺南航空站候機室男廁,臺南市,南區,大恩里,22.948061,120.216256,男廁所
3924,3924,D330000181,臺南航空站候機室無障礙廁,臺南市,南區,大恩里,22.948061,120.216256,無障礙廁所
3925,3925,D330000186,臺南航空站國際入境區西側女廁,臺南市,南區,大恩里,22.948061,120.216256,女廁所
3926,3926,D330000185,臺南航空站國際入境區西側男廁,臺南市,南區,大恩里,22.948061,120.216256,男廁所
3927,3927,D330000187,臺南航空站國際入境區西側無障礙廁,臺南市,南區,大恩里,22.948061,120.216256,無障礙廁所
3928,3928,D330000189,臺南航空站國際入境區東側女廁,臺南市,南區,大恩里,22.948061,120.216256,女廁所
3929,3929,D330000188,臺南航空站國際入境區東側男廁,臺南市,南區,大恩里,22.948061,120.216256,男廁所
3930,3930,D270000160,臺南都會公園文賢貨櫃女廁,臺南市,仁德區,成功里,22.935855,120.228195,女廁所
3931,3931,D270000159,臺南都會公園文賢貨櫃男廁,臺南市,仁德區,成功里,22.935855,120.228195,男廁所
3932,3932,D270000161,臺南都會公園文賢貨櫃無障礙廁,臺南市,仁德區,成功里,22.935855,120.228195,無障礙廁所
3933,3933,D270000007,臺南都會公園台一北女廁,臺南市,仁德區,成功里,22.935261,120.221775,女廁所
3934,3934,D270000008,臺南都會公園台一北男廁,臺南市,仁德區,成功里,22.935261,120.221775,男廁所
3935,3935,D270000010,臺南都會公園台一北無障礙廁,臺南市,仁德區,成功里,22.935261,120.221775,無障礙廁所
3936,3936,D270000011,臺南都會公園台一南女廁,臺南市,仁德區,成功里,22.933552,120.221749,女廁所
3937,3937,D270000009,臺南都會公園台一南男廁,臺南市,仁德區,成功里,22.933552,120.221749,男廁所
3938,3938,D270000012,臺南都會公園台一南無障礙廁,臺南市,仁德區,成功里,22.933552,120.221749,無障礙廁所
3939,3939,D270000138,臺南都會公園酒神劇場女廁,臺南市,仁德區,成功里,22.933509,120.223273,女廁所
3940,3940,D270000137,臺南都會公園酒神劇場男廁,臺南市,仁德區,成功里,22.933509,120.223273,男廁所
3941,3941,D270000139,臺南都會公園酒神劇場無障礙廁,臺南市,仁德區,成功里,22.933509,120.223273,無障礙廁所
3942,3942,D270000005,臺南都會公園辦公室西側女廁,臺南市,仁德區,成功里,22.937301,120.224552,女廁所
3943,3943,D270000004,臺南都會公園辦公室西側男廁,臺南市,仁德區,成功里,22.937301,120.224552,男廁所
3944,3944,D270000006,臺南都會公園辦公室西側無障礙廁,臺南市,仁德區,成功里,22.937301,120.224552,無障礙廁所
3945,3945,D270000002,臺南都會公園辦公室東側女廁,臺南市,仁德區,成功里,22.937301,120.224552,女廁所
3946,3946,D270000890,臺南都會公園辦公室東側男廁,臺南市,仁德區,成功里,22.937137,120.222683,男廁所
3947,3947,D270000003,臺南都會公園辦公室東側無障礙廁,臺南市,仁德區,成功里,22.937301,120.224552,無障礙廁所
3948,3948,D340000276,臺南轉運站女廁,臺南市,北區,長興里,23.00194,120.208952,女廁所
3949,3949,D340000277,臺南轉運站男廁,臺南市,北區,長興里,23.00194,120.208952,男廁所
3950,3950,D340000278,臺南轉運站性別友善暨無障礙親子廁,臺南市,北區,長興里,23.00194,120.208952,親子廁所
3951,3951,D370000155,臺灣南區氣象中心氣象展示場1F女廁,臺南市,中西區,赤嵌里,22.993333,120.205094,女廁所
3952,3952,D370000154,臺灣南區氣象中心氣象展示場1F男廁,臺南市,中西區,赤嵌里,22.993333,120.205094,男廁所
3953,3953,D370000156,臺灣南區氣象中心氣象展示場1F無障礙廁,臺南市,中西區,赤嵌里,22.993333,120.205094,無障礙廁所
3954,3954,D370000158,臺灣南區氣象中心氣象展示場5F女廁,臺南市,中西區,赤嵌里,22.993333,120.205094,女廁所
3955,3955,D370000157,臺灣南區氣象中心氣象展示場5F男廁,臺南市,中西區,赤嵌里,22.993333,120.205094,男廁所
3956,3956,D370000159,臺灣南區氣象中心氣象展示場5F無障礙廁,臺南市,中西區,赤嵌里,22.993333,120.205094,無障礙廁所
3957,3957,D370000201,臺灣首廟天壇女廁,臺南市,中西區,赤嵌里,22.99381,120.204051,女廁所
3958,3958,D370000202,臺灣首廟天壇男廁,臺南市,中西區,赤嵌里,22.99381,120.204051,男廁所
3959,3959,D280000016,臺灣高鐵台南站北側1F女廁,臺南市,歸仁區,武東里,22.924975,120.285681,女廁所
3960,3960,D280000015,臺灣高鐵台南站北側1F男廁,臺南市,歸仁區,武東里,22.924975,120.285681,男廁所
3961,3961,D280000017,臺灣高鐵台南站北側1F無障礙廁,臺南市,歸仁區,武東里,22.924975,120.285681,無障礙廁所
3962,3962,D280000019,臺灣高鐵台南站南側1F女廁,臺南市,歸仁區,武東里,22.92435,120.286011,女廁所
3963,3963,D280000018,臺灣高鐵台南站南側1F男廁,臺南市,歸仁區,武東里,22.92435,120.286011,男廁所
3964,3964,D280000020,臺灣高鐵台南站南側1F無障礙廁,臺南市,歸仁區,武東里,22.92435,120.286011,無障礙廁所
3965,3965,D280000022,臺灣高鐵台南站南側2F女廁,臺南市,歸仁區,武東里,22.92435,120.286011,女廁所
3966,3966,D280000021,臺灣高鐵台南站南側2F男廁,臺南市,歸仁區,武東里,22.92435,120.286011,男廁所
3967,3967,D280000023,臺灣高鐵台南站南側2F無障礙廁,臺南市,歸仁區,武東里,22.92435,120.286011,無障礙廁所
3968,3968,D280000366,臺灣高鐵台南站南側2F親子廁,臺南市,歸仁區,武東里,22.924522,120.285509,親子廁所
3969,3969,D280000025,臺灣高鐵台南站第一月台南側2F女廁,臺南市,歸仁區,武東里,22.924617,120.286252,女廁所
3970,3970,D280000024,臺灣高鐵台南站第一月台南側2F男廁,臺南市,歸仁區,武東里,22.924617,120.286252,男廁所
3971,3971,D280000027,臺灣高鐵台南站第二月台南側2F女廁,臺南市,歸仁區,武東里,22.924748,120.286548,女廁所
3972,3972,D280000026,臺灣高鐵台南站第二月台南側2F男廁,臺南市,歸仁區,武東里,22.924748,120.286548,男廁所
3973,3973,D190000208,臺灣菸酒股份有限公司善化啤酒廠女廁,臺南市,善化區,小新里,23.127972,120.316897,女廁所
3974,3974,D190000207,臺灣菸酒股份有限公司善化啤酒廠男廁,臺南市,善化區,小新里,23.127972,120.316897,男廁所
3975,3975,D370000182,賓士KTV中成店女廁,臺南市,中西區,赤嵌里,22.996664,120.205176,女廁所
3976,3976,D370000181,賓士KTV中成店男廁,臺南市,中西區,赤嵌里,22.996664,120.205176,男廁所
3977,3977,D370000415,賓士KTV府前店女廁,臺南市,中西區,大涼里,22.992197,120.190195,女廁所
3978,3978,D370000416,賓士KTV府前店男廁,臺南市,中西區,大涼里,22.992197,120.190195,男廁所
3979,3979,D320000121,賓士KTV南紡店A2館8F北側女廁,臺南市,東區,東光里,22.990772,120.233334,女廁所
3980,3980,D320000122,賓士KTV南紡店A2館8F北側男廁,臺南市,東區,東光里,22.990772,120.233334,男廁所
3981,3981,D320000123,賓士KTV南紡店A2館8F無障礙廁,臺南市,東區,東光里,22.990772,120.233334,無障礙廁所
3982,3982,D310000070,遠大加油站女廁,臺南市,永康區,東灣里,23.000774,120.273654,女廁所
3983,3983,D310000101,遠大加油站男廁,臺南市,永康區,東灣里,23.000774,120.273654,男廁所
3984,3984,D310000719,遠大加油站無障礙廁,臺南市,永康區,東灣里,23.00077094,120.2736561,無障礙廁所
3985,3985,D270000053,遠見加油站女廁,臺南市,仁德區,仁德里,22.959151,120.252684,女廁所
3986,3986,D270000039,遠見加油站男廁,臺南市,仁德區,仁德里,22.959151,120.252684,男廁所
3987,3987,D320000542,遠東百貨成功店2F女廁,臺南市,東區,成大里,22.996395,120.213932,女廁所
3988,3988,D320000543,遠東百貨成功店2F男廁,臺南市,東區,成大里,22.996395,120.213932,男廁所
3989,3989,D320000544,遠東百貨成功店3F女廁,臺南市,東區,成大里,22.996395,120.213932,女廁所
3990,3990,D320000545,遠東百貨成功店4F女廁,臺南市,東區,成大里,22.996395,120.213932,女廁所
3991,3991,D320000546,遠東百貨成功店4F男廁,臺南市,東區,成大里,22.996395,120.213932,男廁所
3992,3992,D320000547,遠東百貨成功店5F女廁,臺南市,東區,成大里,22.996395,120.213932,女廁所
3993,3993,D320000548,遠東百貨成功店5F男廁,臺南市,東區,成大里,22.996395,120.213932,男廁所
3994,3994,D320000549,遠東百貨成功店6F女廁,臺南市,東區,成大里,22.996395,120.213932,女廁所
3995,3995,D320000550,遠東百貨成功店6F男廁,臺南市,東區,成大里,22.996395,120.213932,男廁所
3996,3996,D320000551,遠東百貨成功店B1女廁,臺南市,東區,成大里,22.996395,120.213932,女廁所
3997,3997,D320000552,遠東百貨成功店B1男廁,臺南市,東區,成大里,22.996395,120.213932,男廁所
3998,3998,D320000553,遠東百貨成功店B2女廁,臺南市,東區,成大里,22.996395,120.213932,女廁所
3999,3999,D320000554,遠東百貨成功店B2男廁,臺南市,東區,成大里,22.996395,120.213932,男廁所
4000,4000,D370000183,遠東百貨娛樂城2F女廁,臺南市,中西區,赤嵌里,22.995446,120.205872,女廁所
4001,4001,D370000184,遠東百貨娛樂城2F男廁,臺南市,中西區,赤嵌里,22.995446,120.205872,男廁所
4002,4002,D370000185,遠東百貨娛樂城2F無障礙廁,臺南市,中西區,赤嵌里,22.995446,120.205872,無障礙廁所
4003,4003,D370000186,遠東百貨娛樂城3F女廁,臺南市,中西區,赤嵌里,22.995446,120.205872,女廁所
4004,4004,D370000187,遠東百貨娛樂城3F男廁,臺南市,中西區,赤嵌里,22.995446,120.205872,男廁所
4005,4005,D370000188,遠東百貨娛樂城3F無障礙廁,臺南市,中西區,赤嵌里,22.995446,120.205872,無障礙廁所
4006,4006,D370000189,遠東百貨娛樂城4F女廁,臺南市,中西區,赤嵌里,22.995446,120.205872,女廁所
4007,4007,D370000190,遠東百貨娛樂城4F男廁,臺南市,中西區,赤嵌里,22.995446,120.205872,男廁所
4008,4008,D370000191,遠東百貨娛樂城4F無障礙廁,臺南市,中西區,赤嵌里,22.995446,120.205872,無障礙廁所
4009,4009,D090000048,鳳林派出所混合廁,臺南市,六甲區,中社里,23.241933,120.320072,混合廁所
4010,4010,D360000318,億載公園女廁,臺南市,安平區,億載里,22.990746,120.158377,女廁所
4011,4011,D360000317,億載公園男廁,臺南市,安平區,億載里,22.990746,120.158377,男廁所
4012,4012,D360000319,億載公園無障礙廁,臺南市,安平區,億載里,22.990746,120.158377,無障礙廁所
4013,4013,D360000339,億載里活動中心無障礙廁,臺南市,安平區,億載里,22.985829,120.162782,無障礙廁所
4014,4014,D360000196,億載金城女廁,臺南市,安平區,億載里,22.987976,120.159732,女廁所
4015,4015,D360000197,億載金城男廁,臺南市,安平區,億載里,22.987976,120.159732,男廁所
4016,4016,D280000003,億歸加油站女廁,臺南市,歸仁區,八甲里,22.974045,120.287764,女廁所
4017,4017,D280000138,億歸加油站男廁,臺南市,歸仁區,八甲里,22.974045,120.287764,男廁所
4018,4018,D230000027,噍吧哖紀念公園性別友善廁,臺南市,玉井區,玉井里,23.119606,120.457081,性別友善廁所
4019,4019,D230000028,噍吧哖紀念公園無障礙廁,臺南市,玉井區,玉井里,23.119606,120.457081,無障礙廁所
4020,4020,D230000103,噍吧哖紀念公園親子廁,臺南市,玉井區,玉井里,23.11963066,120.4571067,親子廁所
4021,4021,D040000258,德元埤荷蘭村西邊展售中心女廁,臺南市,柳營區,神農里,23.263021,120.33982,女廁所
4022,4022,D040000257,德元埤荷蘭村西邊展售中心男廁,臺南市,柳營區,神農里,23.263021,120.33982,男廁所
4023,4023,D040000259,德元埤荷蘭村西邊展售中心無障礙廁,臺南市,柳營區,神農里,23.263021,120.33982,無障礙廁所
4024,4024,D040000067,德元埤荷蘭村西邊展售中心親子廁,臺南市,柳營區,神農里,23.263746,120.34001,親子廁所
4025,4025,D040000255,德元埤荷蘭村東邊停車場女廁,臺南市,柳營區,神農里,23.263765,120.340002,女廁所
4026,4026,D040000254,德元埤荷蘭村東邊停車場男廁,臺南市,柳營區,神農里,23.263765,120.340002,男廁所
4027,4027,D040000256,德元埤荷蘭村東邊停車場無障礙廁,臺南市,柳營區,神農里,23.263765,120.340002,無障礙廁所
4028,4028,D040000066,德元埤荷蘭村東邊停車場親子廁,臺南市,柳營區,神農里,23.263746,120.34001,親子廁所
4029,4029,D370000499,德州加油站混合廁,臺南市,中西區,兌悅里,22.998902,120.196257,混合廁所
4030,4030,D270000187,德南派出所混合廁,臺南市,仁德區,後壁里,22.950501,120.251384,混合廁所
4031,4031,D360000045,慶平公園女廁,臺南市,安平區,建平里,22.996335,120.180526,女廁所
4032,4032,D360000046,慶平公園男廁,臺南市,安平區,建平里,22.996335,120.180526,男廁所
4033,4033,D140000051,慶安社區活動中心女廁,臺南市,西港區,慶安里,23.123817,120.20037,女廁所
4034,4034,D140000050,慶安社區活動中心男廁,臺南市,西港區,慶安里,23.123817,120.20037,男廁所
4035,4035,D370000168,摩斯漢堡成功店女廁,臺南市,中西區,赤嵌里,22.997398,120.209987,女廁所
4036,4036,D370000167,摩斯漢堡成功店男廁,臺南市,中西區,赤嵌里,22.997398,120.209987,男廁所
4037,4037,D320000251,摩斯漢堡東寧店女廁,臺南市,東區,大學里,22.992068,120.221864,女廁所
4038,4038,D320000250,摩斯漢堡東寧店男廁,臺南市,東區,大學里,22.992068,120.221864,男廁所
4039,4039,D330000002,摩斯漢堡健康店女廁,臺南市,南區,竹溪里,22.981165,120.208111,女廁所
4040,4040,D330000001,摩斯漢堡健康店男廁,臺南市,南區,竹溪里,22.981165,120.208111,男廁所
4041,4041,D320000006,摩斯漢堡崇學店混合廁,臺南市,東區,崇學里,22.979016,120.222737,混合廁所
4042,4042,D200000088,潭頂派出所混合廁,臺南市,新市區,潭頂里,23.076963,120.321821,混合廁所
4043,4043,D030000018,蓮因加油站女廁,臺南市,白河區,永安里,23.355702,120.412098,女廁所
4044,4044,D030000014,蓮因加油站男廁,臺南市,白河區,永安里,23.355702,120.412098,男廁所
4045,4045,D030000091,蓮花公園女廁,臺南市,白河區,詔豐里,23.387699,120.41797,女廁所
4046,4046,D030000092,蓮花公園男廁,臺南市,白河區,詔豐里,23.387699,120.41797,男廁所
4047,4047,D030000094,蓮花公園停車場女廁,臺南市,白河區,詔豐里,23.386266,120.417622,女廁所
4048,4048,D030000095,蓮花公園停車場男廁,臺南市,白河區,詔豐里,23.386266,120.417622,男廁所
4049,4049,D030000093,蓮花公園無障礙廁,臺南市,白河區,詔豐里,23.387699,120.41797,無障礙廁所
4050,4050,D270000112,蔦松腳活動中心1F女廁,臺南市,仁德區,上崙里,22.937249,120.249539,女廁所
4051,4051,D270000113,蔦松腳活動中心1F男廁,臺南市,仁德區,上崙里,22.937249,120.249539,男廁所
4052,4052,D270000114,蔦松腳活動中心2F女廁,臺南市,仁德區,上崙里,22.937249,120.249539,女廁所
4053,4053,D270000115,蔦松腳活動中心2F男廁,臺南市,仁德區,上崙里,22.937249,120.249539,男廁所
4054,4054,D270000116,蔦松腳活動中心3F女廁,臺南市,仁德區,上崙里,22.937249,120.249539,女廁所
4055,4055,D270000117,蔦松腳活動中心3F男廁,臺南市,仁德區,上崙里,22.937249,120.249539,男廁所
4056,4056,D070000064,蔴荳古港文化園區女廁,臺南市,麻豆區,南勢里,23.189783,120.270683,女廁所
4057,4057,D070000063,蔴荳古港文化園區男廁,臺南市,麻豆區,南勢里,23.189783,120.270683,男廁所
4058,4058,D070000065,蔴荳古港文化園區無障礙廁,臺南市,麻豆區,南勢里,23.189783,120.270683,無障礙廁所
4059,4059,D270000279,衛生福利部胸腔病院行政大樓1F女廁,臺南市,仁德區,仁德里,22.975427,120.241821,女廁所
4060,4060,D270000280,衛生福利部胸腔病院行政大樓1F男廁,臺南市,仁德區,仁德里,22.975427,120.241821,男廁所
4061,4061,D270000282,衛生福利部胸腔病院行政大樓2F女廁,臺南市,仁德區,仁德里,22.975427,120.241821,女廁所
4062,4062,D270000281,衛生福利部胸腔病院行政大樓2F男廁,臺南市,仁德區,仁德里,22.975427,120.241821,男廁所
4063,4063,D320000555,衛生福利部胸腔病院門診部候診室女廁,臺南市,東區,大同里,22.987178,120.211505,女廁所
4064,4064,D320000556,衛生福利部胸腔病院門診部候診室男廁,臺南市,東區,大同里,22.987178,120.211505,男廁所
4065,4065,D010000308,衛生福利部新營醫院門診大樓2F女廁,臺南市,新營區,民權里,23.308294,120.313147,女廁所
4066,4066,D010000309,衛生福利部新營醫院門診大樓2F男廁,臺南市,新營區,民權里,23.308294,120.313147,男廁所
4067,4067,D010000311,衛生福利部新營醫院急診大樓1F女廁,臺南市,新營區,民權里,23.308294,120.313147,女廁所
4068,4068,D010000310,衛生福利部新營醫院急診大樓1F男廁,臺南市,新營區,民權里,23.308294,120.313147,男廁所
4069,4069,D010000313,衛生福利部新營醫院急診大樓3F女廁,臺南市,新營區,民權里,23.308294,120.313147,女廁所
4070,4070,D010000312,衛生福利部新營醫院急診大樓3F男廁,臺南市,新營區,民權里,23.308294,120.313147,男廁所
4071,4071,D010000307,衛生福利部新營醫院復健科無障礙廁,臺南市,新營區,民權里,23.308294,120.313147,無障礙廁所
4072,4072,D010000306,衛生福利部新營醫院檢驗科混合廁,臺南市,新營區,民權里,23.308294,120.313147,混合廁所
4073,4073,D270000278,衛生福利部嘉南療養院1F門診女廁,臺南市,仁德區,仁德里,22.976728,120.241966,女廁所
4074,4074,D270000277,衛生福利部嘉南療養院1F門診男廁,臺南市,仁德區,仁德里,22.976728,120.241966,男廁所
4075,4075,D270000060,衛生福利部嘉南療養院1F門診無障礙廁,臺南市,仁德區,仁德里,22.976728,120.241966,無障礙廁所
4076,4076,D270000059,衛生福利部嘉南療養院1F急診女廁,臺南市,仁德區,仁德里,22.976728,120.241966,女廁所
4077,4077,D270000058,衛生福利部嘉南療養院1F急診男廁,臺南市,仁德區,仁德里,22.976728,120.241966,男廁所
4078,4078,D370000803,衛生福利部臺南醫院1F放射女廁,臺南市,中西區,赤嵌里,22.996074,120.208918,女廁所
4079,4079,D370000802,衛生福利部臺南醫院1F放射男廁,臺南市,中西區,赤嵌里,22.996074,120.208918,男廁所
4080,4080,D370000811,衛生福利部臺南醫院2F-23病院女廁,臺南市,中西區,赤嵌里,22.996074,120.208918,女廁所
4081,4081,D370000810,衛生福利部臺南醫院2F-23病院男廁,臺南市,中西區,赤嵌里,22.996074,120.208918,男廁所
4082,4082,D370000808,衛生福利部臺南醫院3F-32病房女廁,臺南市,中西區,赤嵌里,22.996074,120.208918,女廁所
4083,4083,D370000809,衛生福利部臺南醫院3F-32病房男廁,臺南市,中西區,赤嵌里,22.996074,120.208918,男廁所
4084,4084,D370000805,衛生福利部臺南醫院3F復健科女廁,臺南市,中西區,赤嵌里,22.996074,120.208918,女廁所
4085,4085,D370000804,衛生福利部臺南醫院3F復健科男廁,臺南市,中西區,赤嵌里,22.996074,120.208918,男廁所
4086,4086,D370000806,衛生福利部臺南醫院4F-A2病房女廁,臺南市,中西區,赤嵌里,22.996074,120.208918,女廁所
4087,4087,D370000807,衛生福利部臺南醫院4F-A2病房男廁,臺南市,中西區,赤嵌里,22.996074,120.208918,男廁所
4088,4088,D370000812,衛生福利部臺南醫院5F-52病院女廁,臺南市,中西區,赤嵌里,22.996074,120.208918,女廁所
4089,4089,D370000813,衛生福利部臺南醫院5F-52病院男廁,臺南市,中西區,赤嵌里,22.996074,120.208918,男廁所
4090,4090,D370000796,衛生福利部臺南醫院門診1F前側女廁,臺南市,中西區,赤嵌里,22.996074,120.208918,女廁所
4091,4091,D370000795,衛生福利部臺南醫院門診1F前側男廁,臺南市,中西區,赤嵌里,22.996074,120.208918,男廁所
4092,4092,D370000794,衛生福利部臺南醫院門診1F後側女廁,臺南市,中西區,赤嵌里,22.996074,120.208918,女廁所
4093,4093,D370000793,衛生福利部臺南醫院門診1F後側男廁,臺南市,中西區,赤嵌里,22.996074,120.208918,男廁所
4094,4094,D370000797,衛生福利部臺南醫院門診前側2F男廁,臺南市,中西區,赤嵌里,22.996074,120.208918,男廁所
4095,4095,D370000799,衛生福利部臺南醫院門診後側2F混合廁,臺南市,中西區,赤嵌里,22.996074,120.208918,混合廁所
4096,4096,D370000798,衛生福利部臺南醫院前側2F女廁,臺南市,中西區,赤嵌里,22.996074,120.208918,女廁所
4097,4097,D370000800,衛生福利部臺南醫院急診1F女廁,臺南市,中西區,赤嵌里,22.996074,120.208918,女廁所
4098,4098,D370000801,衛生福利部臺南醫院急診1F男廁,臺南市,中西區,赤嵌里,22.996074,120.208918,男廁所
4099,4099,D180000189,衛生福利部臺南醫院新化分院2F女廁,臺南市,新化區,那拔里,23.062701,120.336429,女廁所
4100,4100,D180000188,衛生福利部臺南醫院新化分院2F男廁,臺南市,新化區,那拔里,23.062701,120.336429,男廁所
4101,4101,D180000190,衛生福利部臺南醫院新化分院2F無障礙廁,臺南市,新化區,那拔里,23.062701,120.336429,無障礙廁所
4102,4102,D180000192,衛生福利部臺南醫院新化分院3F女廁,臺南市,新化區,那拔里,23.062701,120.336429,女廁所
4103,4103,D180000191,衛生福利部臺南醫院新化分院3F男廁,臺南市,新化區,那拔里,23.062701,120.336429,男廁所
4104,4104,D180000194,衛生福利部臺南醫院新化分院5F女廁,臺南市,新化區,那拔里,23.062701,120.336429,女廁所
4105,4105,D180000193,衛生福利部臺南醫院新化分院5F男廁,臺南市,新化區,那拔里,23.062701,120.336429,男廁所
4106,4106,D180000186,衛生福利部臺南醫院新化分院門診女廁,臺南市,新化區,那拔里,23.062701,120.336429,女廁所
4107,4107,D180000185,衛生福利部臺南醫院新化分院門診男廁,臺南市,新化區,那拔里,23.062701,120.336429,男廁所
4108,4108,D180000187,衛生福利部臺南醫院新化分院門診無障礙廁,臺南市,新化區,那拔里,23.062701,120.336429,無障礙廁所
4109,4109,D180000183,衛生福利部臺南醫院新化分院急診女廁,臺南市,新化區,那拔里,23.062701,120.336429,女廁所
4110,4110,D180000182,衛生福利部臺南醫院新化分院急診男廁,臺南市,新化區,那拔里,23.062701,120.336429,男廁所
4111,4111,D180000184,衛生福利部臺南醫院新化分院急診無障礙廁,臺南市,新化區,那拔里,23.062701,120.336429,無障礙廁所
4112,4112,D030000088,賢德寶塔女廁,臺南市,白河區,內角里,23.405181,120.44304,女廁所
4113,4113,D030000089,賢德寶塔男廁,臺南市,白河區,內角里,23.405181,120.44304,男廁所
4114,4114,D030000090,賢德寶塔無障礙廁,臺南市,白河區,內角里,23.405181,120.44304,無障礙廁所
4115,4115,D130000059,學甲大灣清濟宮女廁,臺南市,學甲區,大灣里,23.212711,120.189015,女廁所
4116,4116,D130000058,學甲大灣清濟宮男廁,臺南市,學甲區,大灣里,23.212711,120.189015,男廁所
4117,4117,D130000012,學甲公有市場女廁,臺南市,學甲區,仁得里,23.232555,120.180667,女廁所
4118,4118,D130000064,學甲公有市場男廁,臺南市,學甲區,仁得里,23.232555,120.180667,男廁所
4119,4119,D130000065,學甲公有市場無障礙廁,臺南市,學甲區,仁得里,23.232555,120.180667,無障礙廁所
4120,4120,D130000041,學甲分局女廁,臺南市,學甲區,慈福里,23.230057,120.183326,女廁所
4121,4121,D130000040,學甲分局男廁,臺南市,學甲區,慈福里,23.230057,120.183326,男廁所
4122,4122,D130000056,學甲分隊混合廁,臺南市,學甲區,慈福里,23.230154,120.183424,混合廁所
4123,4123,D170000024,學甲戶政事務所北門辦公處女廁,臺南市,北門區,北門里,23.26554,120.123918,女廁所
4124,4124,D170000022,學甲戶政事務所北門辦公處男廁,臺南市,北門區,北門里,23.26554,120.123918,男廁所
4125,4125,D170000025,學甲戶政事務所北門辦公處無障礙廁,臺南市,北門區,北門里,23.26554,120.123918,無障礙廁所
4126,4126,D160000064,學甲戶政事務所將軍辦公處混合廁,臺南市,將軍區,忠嘉里,23.199593,120.159389,混合廁所
4127,4127,D130000014,學甲區公所1F女廁,臺南市,學甲區,仁得里,23.230353,120.182388,女廁所
4128,4128,D130000013,學甲區公所1F男廁,臺南市,學甲區,仁得里,23.230353,120.182388,男廁所
4129,4129,D130000019,學甲區圖書館2F女廁,臺南市,學甲區,仁得里,23.230217,120.18197,女廁所
4130,4130,D130000024,學甲區圖書館2F無障礙廁,臺南市,學甲區,仁得里,23.230217,120.18197,無障礙廁所
4131,4131,D130000021,學甲區圖書館3F女廁,臺南市,學甲區,仁得里,23.230217,120.18197,女廁所
4132,4132,D130000025,學甲區圖書館3F親子廁,臺南市,學甲區,仁得里,23.230217,120.18197,親子廁所
4133,4133,D130000022,學甲區圖書館4F男廁,臺南市,學甲區,仁得里,23.230217,120.18197,男廁所
4134,4134,D130000016,學甲區衛生所1F女廁,臺南市,學甲區,仁得里,23.230229,120.182002,女廁所
4135,4135,D130000015,學甲區衛生所1F男廁,臺南市,學甲區,仁得里,23.230229,120.182002,男廁所
4136,4136,D130000017,學甲區衛生所1F無障礙廁,臺南市,學甲區,仁得里,23.230229,120.182002,無障礙廁所
4137,4137,D130000031,學甲福安宮女廁,臺南市,學甲區,光華里,23.243795,120.166209,女廁所
4138,4138,D130000030,學甲福安宮男廁,臺南市,學甲區,光華里,23.243795,120.166209,男廁所
4139,4139,D130000045,學甲親子森林公園女廁,臺南市,學甲區,秀昌里,23.2377,120.174031,女廁所
4140,4140,D130000044,學甲親子森林公園男廁,臺南市,學甲區,秀昌里,23.2377,120.174031,男廁所
4141,4141,D350000465,樺谷夜市女廁,臺南市,安南區,安富里,23.0266226,120.1941687,女廁所
4142,4142,D350000466,樺谷夜市男廁,臺南市,安南區,安富里,23.0266226,120.1941687,男廁所
4143,4143,D150000006,篤加加油站女廁,臺南市,七股區,篤加里,23.156001,120.1345,女廁所
4144,4144,D150000005,篤加加油站男廁,臺南市,七股區,篤加里,23.156001,120.1345,男廁所
4145,4145,D150000007,篤加社區活動中心1F女廁,臺南市,七股區,篤加里,23.159562,120.127668,女廁所
4146,4146,D150000008,篤加社區活動中心1F男廁,臺南市,七股區,篤加里,23.159562,120.127668,男廁所
4147,4147,D150000009,篤加社區活動中心2F混合廁,臺南市,七股區,篤加里,23.159562,120.127668,混合廁所
4148,4148,D170000028,興安宮女廁,臺南市,北門區,北門里,23.259972,120.108719,女廁所
4149,4149,D170000029,興安宮男廁,臺南市,北門區,北門里,23.259972,120.108719,男廁所
4150,4150,D170000030,興安宮親子廁,臺南市,北門區,北門里,23.259972,120.108719,親子廁所
4151,4151,D230000003,興南客運玉井站女廁,臺南市,玉井區,玉井里,23.123918,120.460627,女廁所
4152,4152,D230000002,興南客運玉井站男廁,臺南市,玉井區,玉井里,23.123918,120.460627,男廁所
4153,4153,D230000004,興南客運玉井站無障礙廁,臺南市,玉井區,玉井里,23.123918,120.460627,無障礙廁所
4154,4154,D120000004,興南客運佳里站女廁,臺南市,佳里區,東寧里,23.163374,120.177198,女廁所
4155,4155,D120000005,興南客運佳里站男廁,臺南市,佳里區,東寧里,23.163374,120.177198,男廁所
4156,4156,D180000053,興南客運新化站女廁,臺南市,新化區,護國里,23.036145,120.309468,女廁所
4157,4157,D180000054,興南客運新化站男廁,臺南市,新化區,護國里,23.036145,120.309468,男廁所
4158,4158,D180000241,興南客運新化站無障礙廁,臺南市,新化區,護國里,23.036134,120.309527,無障礙廁所
4159,4159,D120000076,蕭壠文化園區A1館女廁,臺南市,佳里區,六安里,23.173441,120.179293,女廁所
4160,4160,D120000075,蕭壠文化園區A1館男廁,臺南市,佳里區,六安里,23.173441,120.179293,男廁所
4161,4161,D120000083,蕭壠文化園區A1館無障礙廁,臺南市,佳里區,六安里,23.173441,120.179293,無障礙廁所
4162,4162,D120000074,蕭壠文化園區主表演場女廁,臺南市,佳里區,六安里,23.174375,120.177707,女廁所
4163,4163,D120000082,蕭壠文化園區主表演場女無障礙廁,臺南市,佳里區,六安里,23.174375,120.177707,無障礙廁所
4164,4164,D120000072,蕭壠文化園區主表演場男廁,臺南市,佳里區,六安里,23.174375,120.177707,男廁所
4165,4165,D120000081,蕭壠文化園區主表演場男無障礙廁,臺南市,佳里區,六安里,23.174375,120.177707,無障礙廁所
4166,4166,D120000071,蕭壠文化園區辦公室旁女廁,臺南市,佳里區,六安里,23.173286,120.177789,女廁所
4167,4167,D120000070,蕭壠文化園區辦公室旁男廁,臺南市,佳里區,六安里,23.173286,120.177789,男廁所
4168,4168,D120000077,蕭壠兒童文化圖書館1F女廁,臺南市,佳里區,六安里,23.172681,120.176957,女廁所
4169,4169,D120000073,蕭壠兒童文化圖書館1F男廁,臺南市,佳里區,六安里,23.172681,120.176957,男廁所
4170,4170,D120000080,蕭壠兒童文化圖書館1F無障礙廁,臺南市,佳里區,六安里,23.172681,120.176957,無障礙廁所
4171,4171,D120000079,蕭壠兒童文化圖書館2F女廁,臺南市,佳里區,六安里,23.172681,120.176957,女廁所
4172,4172,D120000078,蕭壠兒童文化圖書館2F男廁,臺南市,佳里區,六安里,23.172681,120.176957,男廁所
4173,4173,D370000688,錢櫃KTV臺南西門店女廁,臺南市,中西區,小西門里,22.988356,120.197972,女廁所
4174,4174,D370000689,錢櫃KTV臺南西門店男廁,臺南市,中西區,小西門里,22.988356,120.197972,男廁所
4175,4175,D130000033,頭港鎮安宮混合廁,臺南市,學甲區,光華里,23.260541,120.152402,混合廁所
4176,4176,D340000257,鴨母寮市場女廁,臺南市,北區,北華里,22.998738,120.204493,女廁所
4177,4177,D340000258,鴨母寮市場男廁,臺南市,北區,北華里,22.998738,120.204493,男廁所
4178,4178,D070000166,龍泉巖女廁,臺南市,麻豆區,清水里,23.178243,120.256787,女廁所
4179,4179,D070000167,龍泉巖男廁,臺南市,麻豆區,清水里,23.178243,120.256787,男廁所
4180,4180,D300000008,龍崎公有零售市場女廁,臺南市,龍崎區,崎頂里,22.965406,120.36029,女廁所
4181,4181,D300000007,龍崎公有零售市場男廁,臺南市,龍崎區,崎頂里,22.965406,120.36029,男廁所
4182,4182,D300000009,龍崎公有零售市場無障礙廁,臺南市,龍崎區,崎頂里,22.96543,120.360231,無障礙廁所
4183,4183,D300000021,龍崎分駐所性別友善廁,臺南市,龍崎區,崎頂里,22.965432,120.35928,性別友善廁所
4184,4184,D300000010,龍崎區公所1F女廁,臺南市,龍崎區,崎頂里,22.96321,120.365009,女廁所
4185,4185,D300000013,龍崎區公所1F男廁,臺南市,龍崎區,崎頂里,22.96321,120.365009,男廁所
4186,4186,D300000012,龍崎區公所2F女廁,臺南市,龍崎區,崎頂里,22.96321,120.365009,女廁所
4187,4187,D300000011,龍崎區公所2F男廁,臺南市,龍崎區,崎頂里,22.96321,120.365009,男廁所
4188,4188,D300000018,龍崎區公所3F性別友善廁,臺南市,龍崎區,崎頂里,22.963121,120.364932,性別友善廁所
4189,4189,D300000019,龍崎區圖書館1F女廁,臺南市,龍崎區,崎頂里,22.964517,120.359321,女廁所
4190,4190,D300000055,龍崎區圖書館1F多功能性別友善廁,臺南市,龍崎區,崎頂里,22.964715,120.359274,性別友善廁所
4191,4191,D300000020,龍崎區圖書館1F男廁,臺南市,龍崎區,崎頂里,22.964517,120.359321,男廁所
4192,4192,D300000014,龍崎區衛生所1F混合廁,臺南市,龍崎區,崎頂里,22.965225,120.361931,混合廁所
4193,4193,D300000015,龍崎區衛生所1F無障礙廁,臺南市,龍崎區,崎頂里,22.965225,120.361931,無障礙廁所
4194,4194,D300000017,龍崎區衛生所2F女廁,臺南市,龍崎區,崎頂里,22.965225,120.361931,女廁所
4195,4195,D300000016,龍崎區衛生所2F混合廁,臺南市,龍崎區,崎頂里,22.965225,120.361931,混合廁所
4196,4196,D300000042,龍崎紫竹寺混合廁,臺南市,龍崎區,龍船里,22.948438,120.430514,混合廁所
4197,4197,D300000056,龍崎農民活動中心旁性別友善廁,臺南市,龍崎區,崎頂里,22.96647903,120.3596959,性別友善廁所
4198,4198,D300000045,龍船派出所混合廁,臺南市,龍崎區,石曹里,22.948285,120.392185,混合廁所
4199,4199,D300000043,龍湖宮女廁,臺南市,龍崎區,龍船里,22.945535,120.416996,女廁所
4200,4200,D300000041,龍湖宮男廁,臺南市,龍崎區,龍船里,22.945535,120.416996,男廁所
4201,4201,D310000137,龍潭派出所外側混合廁,臺南市,永康區,龍潭里,23.033804,120.263846,混合廁所
4202,4202,D310000010,龍潭派出所混合廁,臺南市,永康區,龍潭里,23.033745,120.264039,混合廁所
4203,4203,D240000039,龜丹里社區活動中心混合廁,臺南市,楠西區,龜丹里,23.137446,120.488105,混合廁所
4204,4204,D030000069,嶺頂公園女廁,臺南市,白河區,關嶺里,23.338529,120.503456,女廁所
4205,4205,D030000068,嶺頂公園男廁,臺南市,白河區,關嶺里,23.338529,120.503456,男廁所
4206,4206,D030000070,嶺頂公園親子廁,臺南市,白河區,關嶺里,23.338529,120.503456,親子廁所
4207,4207,D330000369,濱海加油站女廁,臺南市,南區,喜北里,22.950279,120.177963,女廁所
4208,4208,D330000370,濱海加油站男廁,臺南市,南區,喜北里,22.950279,120.177963,男廁所
4209,4209,D330000371,濱海加油站無障礙廁,臺南市,南區,喜北里,22.950279,120.177963,無障礙廁所
4210,4210,D010000459,營新醫院1F女廁,臺南市,新營區,新南里,23.308358,120.299851,女廁所
4211,4211,D010000458,營新醫院1F男廁,臺南市,新營區,新南里,23.308358,120.299851,男廁所
4212,4212,D010000460,營新醫院3F混合廁,臺南市,新營區,新南里,23.308358,120.299851,混合廁所
4213,4213,D010000461,營新醫院3F無障礙廁,臺南市,新營區,新南里,23.308358,120.299851,無障礙廁所
4214,4214,D010000456,營新醫院B1女廁,臺南市,新營區,新南里,23.308358,120.299851,女廁所
4215,4215,D010000457,營新醫院B1男廁,臺南市,新營區,新南里,23.308358,120.299851,男廁所
4216,4216,D010000455,營新醫院B1無障礙廁,臺南市,新營區,新南里,23.308358,120.299851,無障礙廁所
4217,4217,D010000453,營新醫院B2女廁,臺南市,新營區,新南里,23.308358,120.299851,女廁所
4218,4218,D010000454,營新醫院B2男廁,臺南市,新營區,新南里,23.308358,120.299851,男廁所
4219,4219,D080000020,營農加油站女廁,臺南市,下營區,仁里里,23.23346,120.251618,女廁所
4220,4220,D080000021,營農加油站男廁,臺南市,下營區,仁里里,23.23346,120.251618,男廁所
4221,4221,D200000081,營頭活動中心1F女廁,臺南市,新市區,大營里,23.101145,120.311418,女廁所
4222,4222,D200000082,營頭活動中心1F男廁,臺南市,新市區,大營里,23.101145,120.311418,男廁所
4223,4223,D330000138,環保親水公園女廁,臺南市,南區,佛壇里,22.91906,120.175293,女廁所
4224,4224,D330000139,環保親水公園男廁,臺南市,南區,佛壇里,22.91906,120.175293,男廁所
4225,4225,D330000137,環保親水公園南側混合廁,臺南市,南區,佛壇里,22.917171,120.176232,混合廁所
4226,4226,D110000039,環湖社區活動中心女廁,臺南市,大內區,環湖里,23.147594,120.418251,女廁所
4227,4227,D110000040,環湖社區活動中心男廁,臺南市,大內區,環湖里,23.147594,120.418251,男廁所
4228,4228,D270000031,縱貫永大加油站女廁,臺南市,仁德區,太子里,22.98819,120.257513,女廁所
4229,4229,D270000030,縱貫永大加油站男廁,臺南市,仁德區,太子里,22.98819,120.257513,男廁所
4230,4230,D070000054,總爺派出所混合廁,臺南市,麻豆區,南勢里,23.183865,120.267065,混合廁所
4231,4231,D070000066,總爺藝文中心女廁,臺南市,麻豆區,南勢里,23.184125,120.268119,女廁所
4232,4232,D070000342,總爺藝文中心行政辦公區1F女廁,臺南市,麻豆區,南勢里,23.186599,120.269751,女廁所
4233,4233,D070000341,總爺藝文中心行政辦公區2F男廁,臺南市,麻豆區,南勢里,23.186599,120.269751,男廁所
4234,4234,D070000062,總爺藝文中心男廁,臺南市,麻豆區,南勢里,23.184125,120.268119,男廁所
4235,4235,D070000067,總爺藝文中心無障礙廁,臺南市,麻豆區,南勢里,23.184125,120.268119,無障礙廁所
4236,4236,D070000165,總榮里活動中心混合廁,臺南市,麻豆區,清水里,23.180531,120.268742,混合廁所
4237,4237,D370000819,臨水夫人媽廟女廁,臺南市,中西區,郡王里,22.988209,120.207094,女廁所
4238,4238,D370000818,臨水夫人媽廟男廁,臺南市,中西區,郡王里,22.988209,120.207094,男廁所
4239,4239,D350000478,轂豐加油站女廁,臺南市,安南區,溪心里,23.047926,120.188635,女廁所
4240,4240,D350000479,轂豐加油站男廁,臺南市,安南區,溪心里,23.047926,120.188635,男廁所
4241,4241,D190000060,霞客湖女廁,臺南市,善化區,南關里,23.108723,120.271999,女廁所
4242,4242,D190000059,霞客湖男廁,臺南市,善化區,南關里,23.108723,120.271999,男廁所
4243,4243,D190000061,霞客湖無障礙廁,臺南市,善化區,南關里,23.108723,120.271999,無障礙廁所
4244,4244,D280000134,歸仁大正加油站女廁,臺南市,歸仁區,六甲里,22.920656,120.272458,女廁所
4245,4245,D280000004,歸仁大正加油站男廁,臺南市,歸仁區,武東里,22.920656,120.272458,男廁所
4246,4246,D280000054,歸仁分局女廁,臺南市,歸仁區,六甲里,22.94696,120.278148,女廁所
4247,4247,D280000028,歸仁分局男廁,臺南市,歸仁區,六甲里,22.94696,120.278148,男廁所
4248,4248,D280000055,歸仁分局無障礙廁,臺南市,歸仁區,後市里,22.94696,120.278148,無障礙廁所
4249,4249,D280000033,歸仁分隊混合廁,臺南市,歸仁區,六甲里,22.94696,120.278148,混合廁所
4250,4250,D280000052,歸仁戶政事務所歸仁辦公處女廁,臺南市,歸仁區,六甲里,22.947604,120.27812,女廁所
4251,4251,D280000042,歸仁戶政事務所歸仁辦公處男廁,臺南市,歸仁區,六甲里,22.947604,120.27812,男廁所
4252,4252,D280000053,歸仁戶政事務所歸仁辦公處無障礙廁,臺南市,歸仁區,六甲里,22.947604,120.27812,無障礙廁所
4253,4253,D290000005,歸仁戶政事務所關廟辦公處混合廁,臺南市,關廟區,關廟里,22.960975,120.325968,混合廁所
4254,4254,D280000106,歸仁文化中心行政大樓1F女廁,臺南市,歸仁區,許厝里,22.964103,120.298059,女廁所
4255,4255,D280000105,歸仁文化中心行政大樓1F男廁,臺南市,歸仁區,許厝里,22.964103,120.298059,男廁所
4256,4256,D280000108,歸仁文化中心行政大樓2F女廁,臺南市,歸仁區,許厝里,22.964103,120.298059,女廁所
4257,4257,D280000107,歸仁文化中心行政大樓2F男廁,臺南市,歸仁區,許厝里,22.964103,120.298059,男廁所
4258,4258,D280000109,歸仁文化中心行政大樓3F女廁,臺南市,歸仁區,許厝里,22.964103,120.298059,女廁所
4259,4259,D280000112,歸仁文化中心行政大樓3F親子廁,臺南市,歸仁區,看西里,22.964103,120.298059,親子廁所
4260,4260,D280000111,歸仁文化中心行政大樓B1女廁,臺南市,歸仁區,許厝里,22.964103,120.298059,女廁所
4261,4261,D280000110,歸仁文化中心行政大樓B1男廁,臺南市,歸仁區,看西里,22.964103,120.298059,男廁所
4262,4262,D280000104,歸仁文化中心演藝廳1F女廁,臺南市,歸仁區,許厝里,22.96385,120.298433,女廁所
4263,4263,D280000103,歸仁文化中心演藝廳1F男廁,臺南市,歸仁區,許厝里,22.96385,120.298433,男廁所
4264,4264,D280000102,歸仁文化中心演藝廳1F無障礙廁,臺南市,歸仁區,看西里,22.96304229,120.3003788,無障礙廁所
4265,4265,D280000044,歸仁地政事務所1F女廁,臺南市,歸仁區,歸南里,22.947935,120.278144,女廁所
4266,4266,D280000043,歸仁地政事務所1F男廁,臺南市,歸仁區,歸南里,22.947935,120.278144,男廁所
4267,4267,D280000047,歸仁地政事務所2F女廁,臺南市,歸仁區,歸南里,22.947935,120.278144,女廁所
4268,4268,D280000046,歸仁地政事務所2F男廁,臺南市,歸仁區,歸南里,22.947935,120.278144,男廁所
4269,4269,D280000050,歸仁地政事務所3F女廁,臺南市,歸仁區,歸南里,22.947935,120.278144,女廁所
4270,4270,D280000049,歸仁地政事務所3F男廁,臺南市,歸仁區,歸南里,22.947935,120.278144,男廁所
4271,4271,D280000056,歸仁地政事務所4F女廁,臺南市,歸仁區,六甲里,22.947925,120.278204,女廁所
4272,4272,D280000057,歸仁地政事務所4F性別友善廁,臺南市,歸仁區,六甲里,22.947925,120.278204,性別友善廁所
4273,4273,D280000070,歸仁里活動中心1F女廁,臺南市,歸仁區,歸仁里,22.971127,120.298379,女廁所
4274,4274,D280000071,歸仁里活動中心1F男廁,臺南市,歸仁區,歸仁里,22.971127,120.298379,男廁所
4275,4275,D280000072,歸仁里活動中心2F混合廁,臺南市,歸仁區,歸仁里,22.971127,120.298379,混合廁所
4276,4276,D280000030,歸仁派出所混合廁,臺南市,歸仁區,文化里,22.969964,120.299839,混合廁所
4277,4277,D280000092,歸仁區公有零售市場東側女廁,臺南市,歸仁區,許厝里,22.965695,120.296393,女廁所
4278,4278,D280000091,歸仁區公有零售市場東側男廁,臺南市,歸仁區,許厝里,22.965695,120.296393,男廁所
4279,4279,D280000013,歸仁區公有零售市場南側女廁,臺南市,歸仁區,許厝里,22.966083,120.296803,女廁所
4280,4280,D280000012,歸仁區公有零售市場南側男廁,臺南市,歸仁區,許厝里,22.966083,120.296803,男廁所
4281,4281,D280000014,歸仁區公有零售市場南側無障礙廁,臺南市,歸仁區,許厝里,22.96571345,120.2964212,無障礙廁所
4282,4282,D280000077,歸仁區公所1F女廁,臺南市,歸仁區,後市里,22.967248,120.293937,女廁所
4283,4283,D280000076,歸仁區公所1F男廁,臺南市,歸仁區,後市里,22.967248,120.293937,男廁所
4284,4284,D280000079,歸仁區公所2F女廁,臺南市,歸仁區,後市里,22.967248,120.293937,女廁所
4285,4285,D280000078,歸仁區公所2F男廁,臺南市,歸仁區,後市里,22.967248,120.293937,男廁所
4286,4286,D280000086,歸仁區公所3F混合廁,臺南市,歸仁區,後市里,22.967248,120.293937,混合廁所
4287,4287,D280000083,歸仁區公所後棟1F男廁,臺南市,歸仁區,後市里,22.967469,120.294036,男廁所
4288,4288,D280000084,歸仁區公所後棟1F無障礙廁,臺南市,歸仁區,後市里,22.967469,120.294036,無障礙廁所
4289,4289,D280000085,歸仁區公所後棟2F性別友善廁,臺南市,歸仁區,後市里,22.967469,120.294036,性別友善廁所
4290,4290,D280000080,歸仁區公所調解委員會混合廁,臺南市,歸仁區,後市里,22.967302,120.294284,混合廁所
4291,4291,D280000142,歸仁區西埔社區活動中心混合廁,臺南市,歸仁區,西埔里,22.997204,120.287317,混合廁所
4292,4292,D280000127,歸仁區納骨堂女廁,臺南市,歸仁區,沙崙里,22.925408,120.316959,女廁所
4293,4293,D280000128,歸仁區納骨堂男廁,臺南市,歸仁區,沙崙里,22.925408,120.316959,男廁所
4294,4294,D280000129,歸仁區納骨堂無障礙廁,臺南市,歸仁區,沙崙里,22.925408,120.316959,無障礙廁所
4295,4295,D280000117,歸仁區游泳池女廁,臺南市,歸仁區,許厝里,22.963343,120.297352,女廁所
4296,4296,D280000118,歸仁區游泳池男廁,臺南市,歸仁區,許厝里,22.963343,120.297352,男廁所
4297,4297,D280000063,歸仁區圖書館1F混合廁,臺南市,歸仁區,歸仁里,22.971937,120.297563,混合廁所
4298,4298,D280000066,歸仁區圖書館2F女廁,臺南市,歸仁區,歸仁里,22.971937,120.297563,女廁所
4299,4299,D280000065,歸仁區圖書館2F男廁,臺南市,歸仁區,歸仁里,22.971937,120.297563,男廁所
4300,4300,D280000423,歸仁區圖書館3F女廁,臺南市,歸仁區,歸仁里,22.971948,120.297439,女廁所
4301,4301,D280000067,歸仁區圖書館3F男廁,臺南市,歸仁區,歸仁里,22.971937,120.297563,男廁所
4302,4302,D280000082,歸仁區衛生所女廁,臺南市,歸仁區,後市里,22.967465,120.294348,女廁所
4303,4303,D280000081,歸仁區衛生所男廁,臺南市,歸仁區,後市里,22.967465,120.294348,男廁所
4304,4304,D280000090,歸仁區體育公園女廁,臺南市,歸仁區,許厝里,22.963279,120.296673,女廁所
4305,4305,D280000011,歸仁區體育公園男廁,臺南市,歸仁區,許厝里,22.963279,120.296673,男廁所
4306,4306,D280000367,歸仁區體育公園無障礙廁,臺南市,歸仁區,許厝里,22.963315,120.297347,無障礙廁所
4307,4307,D280000153,歸南北極殿女廁,臺南市,歸仁區,南興里,22.970851,120.274167,女廁所
4308,4308,D280000152,歸南北極殿男廁,臺南市,歸仁區,南興里,22.970851,120.274167,男廁所
4309,4309,D230000063,豐里里天后宮混合廁,臺南市,玉井區,豐里里,23.124507,120.444343,混合廁所
4310,4310,D010000189,鎮南殿混合廁,臺南市,新營區,新北里,23.309316,120.306728,混合廁所
4311,4311,D170000006,雙春海灘女廁,臺南市,北門區,雙春里,23.305167,120.112325,女廁所
4312,4312,D170000009,雙春海灘女親子廁,臺南市,北門區,雙春里,23.305167,120.112325,親子廁所
4313,4313,D170000007,雙春海灘男廁,臺南市,北門區,雙春里,23.305167,120.112325,男廁所
4314,4314,D170000008,雙春海灘男親子廁,臺南市,北門區,雙春里,23.305167,120.112325,親子廁所
4315,4315,D030000048,關子嶺加油站便利商店女廁,臺南市,白河區,虎山里,23.348621,120.44789,女廁所
4316,4316,D030000047,關子嶺加油站便利商店男廁,臺南市,白河區,虎山里,23.348621,120.44789,男廁所
4317,4317,D030000066,關子嶺風景區水火同源女廁,臺南市,白河區,關嶺里,23.32204,120.485124,女廁所
4318,4318,D030000155,關子嶺風景區水火同源小客車停車場女廁,臺南市,白河區,關嶺里,23.32172533,120.4835308,女廁所
4319,4319,D030000154,關子嶺風景區水火同源小客車停車場男廁,臺南市,白河區,關嶺里,23.3218223,120.4833263,男廁所
4320,4320,D030000156,關子嶺風景區水火同源小客車停車場無障礙親子廁,臺南市,白河區,關嶺里,23.32172533,120.4835844,親子廁所
4321,4321,D030000065,關子嶺風景區水火同源男廁,臺南市,白河區,關嶺里,23.32204,120.485124,男廁所
4322,4322,D030000067,關子嶺風景區溫泉區女廁,臺南市,白河區,關嶺里,23.340259,120.504428,女廁所
4323,4323,D030000064,關子嶺風景區溫泉區男廁,臺南市,白河區,關嶺里,23.340259,120.504428,男廁所
4324,4324,D250000078,關山里活動中心1F女廁,臺南市,南化區,關山里,23.167896,120.59395,女廁所
4325,4325,D250000079,關山里活動中心1F男廁,臺南市,南化區,關山里,23.167896,120.59395,男廁所
4326,4326,D320000648,關聖社區活動中心1F女廁,臺南市,東區,關聖里,22.98654,120.243359,女廁所
4327,4327,D320000647,關聖社區活動中心1F男廁,臺南市,東區,關聖里,22.98654,120.243359,男廁所
4328,4328,D320000649,關聖社區活動中心1F無障礙廁,臺南市,東區,關聖里,22.98654,120.243359,無障礙廁所
4329,4329,D320000651,關聖社區活動中心2F女廁,臺南市,東區,關聖里,22.98654,120.243359,女廁所
4330,4330,D320000650,關聖社區活動中心2F男廁,臺南市,東區,關聖里,22.98654,120.243359,男廁所
4331,4331,D320000652,關聖社區活動中心2F無障礙廁,臺南市,東區,關聖里,22.98654,120.243359,無障礙廁所
4332,4332,D320000654,關聖社區活動中心3F女廁,臺南市,東區,關聖里,22.98654,120.243359,女廁所
4333,4333,D320000653,關聖社區活動中心3F男廁,臺南市,東區,關聖里,22.98654,120.243359,男廁所
4334,4334,D320000655,關聖社區活動中心3F無障礙廁,臺南市,東區,關聖里,22.98654,120.243359,無障礙廁所
4335,4335,D290000007,關廟分隊混合廁,臺南市,關廟區,關廟里,22.960366,120.324237,混合廁所
4336,4336,D290000006,關廟分駐所混合廁,臺南市,關廟區,關廟里,22.960915,120.325956,混合廁所
4337,4337,D290000014,關廟老人文康中心1F女廁,臺南市,關廟區,山西里,22.964891,120.325003,女廁所
4338,4338,D290000015,關廟老人文康中心1F男廁,臺南市,關廟區,山西里,22.964891,120.325003,男廁所
4339,4339,D290000016,關廟老人文康中心2F女廁,臺南市,關廟區,山西里,22.964891,120.325003,女廁所
4340,4340,D290000017,關廟老人文康中心2F男廁,臺南市,關廟區,山西里,22.964891,120.325003,男廁所
4341,4341,D300000030,關廟服務區北上西側女廁,臺南市,龍崎區,楠坑里,22.929187,120.352455,女廁所
4342,4342,D300000029,關廟服務區北上西側男廁,臺南市,龍崎區,楠坑里,22.929187,120.352455,男廁所
4343,4343,D300000038,關廟服務區北上西側無障礙廁,臺南市,龍崎區,楠坑里,22.929187,120.352455,無障礙廁所
4344,4344,D300000035,關廟服務區北上西側親子廁,臺南市,龍崎區,楠坑里,22.929187,120.352455,親子廁所
4345,4345,D300000026,關廟服務區北上東側女廁,臺南市,龍崎區,楠坑里,22.929187,120.352455,女廁所
4346,4346,D300000025,關廟服務區北上東側男廁,臺南市,龍崎區,楠坑里,22.929187,120.352455,男廁所
4347,4347,D300000034,關廟服務區北上東側無障礙廁,臺南市,龍崎區,楠坑里,22.929187,120.352455,無障礙廁所
4348,4348,D300000033,關廟服務區北上東側親子廁,臺南市,龍崎區,楠坑里,22.929187,120.352455,親子廁所
4349,4349,D300000028,關廟服務區南下西側女廁,臺南市,龍崎區,楠坑里,22.929962,120.350575,女廁所
4350,4350,D300000027,關廟服務區南下西側男廁,臺南市,龍崎區,楠坑里,22.929962,120.350575,男廁所
4351,4351,D300000036,關廟服務區南下西側無障礙廁,臺南市,龍崎區,楠坑里,22.929962,120.350575,無障礙廁所
4352,4352,D300000037,關廟服務區南下西側親子廁,臺南市,龍崎區,楠坑里,22.929962,120.350575,親子廁所
4353,4353,D300000024,關廟服務區南下東側女廁,臺南市,龍崎區,楠坑里,22.929962,120.350575,女廁所
4354,4354,D300000023,關廟服務區南下東側男廁,臺南市,龍崎區,楠坑里,22.929962,120.350575,男廁所
4355,4355,D300000031,關廟服務區南下東側無障礙廁,臺南市,龍崎區,楠坑里,22.929962,120.350575,無障礙廁所
4356,4356,D300000032,關廟服務區南下東側親子廁,臺南市,龍崎區,楠坑里,22.929962,120.350575,親子廁所
4357,4357,D290000021,關廟區公有零售市場女廁,臺南市,關廟區,香洋里,22.961511,120.327201,女廁所
4358,4358,D290000020,關廟區公有零售市場男廁,臺南市,關廟區,香洋里,22.961511,120.327201,男廁所
4359,4359,D290000026,關廟區公所1F女廁,臺南市,關廟區,香洋里,22.962977,120.327696,女廁所
4360,4360,D290000024,關廟區公所1F男廁,臺南市,關廟區,香洋里,22.962977,120.327696,男廁所
4361,4361,D290000025,關廟區公所2F女廁,臺南市,關廟區,香洋里,22.962977,120.327696,女廁所
4362,4362,D290000027,關廟區公所2F男廁,臺南市,關廟區,香洋里,22.962977,120.327696,男廁所
4363,4363,D290000029,關廟區公所3F女廁,臺南市,關廟區,香洋里,22.962977,120.327696,女廁所
4364,4364,D290000028,關廟區公所3F男廁,臺南市,關廟區,香洋里,22.962977,120.327696,男廁所
4365,4365,D290000008,關廟區圖書館1F性別友善廁,臺南市,關廟區,關廟里,22.960066,120.324243,性別友善廁所
4366,4366,D290000011,關廟區圖書館2F女廁,臺南市,關廟區,關廟里,22.960066,120.324243,女廁所
4367,4367,D290000010,關廟區圖書館2F男廁,臺南市,關廟區,關廟里,22.960066,120.324243,男廁所
4368,4368,D290000012,關廟區衛生所1F混合廁,臺南市,關廟區,山西里,22.963003,120.327288,混合廁所
4369,4369,D290000051,關廟轉運站女廁,臺南市,關廟區,花園里,22.963636,120.337193,女廁所
4370,4370,D290000050,關廟轉運站男廁,臺南市,關廟區,花園里,22.963636,120.337193,男廁所
4371,4371,D290000052,關廟轉運站無障礙廁,臺南市,關廟區,花園里,22.963636,120.337193,無障礙廁所
4372,4372,D030000076,關嶺派出所混合廁,臺南市,白河區,關嶺里,23.339636,120.504673,混合廁所
4373,4373,D160000048,鯤鯓派出所混合廁,臺南市,將軍區,鯤鯓里,23.189717,120.088306,混合廁所
4374,4374,D170000036,蘆竹溝西天宮女廁,臺南市,北門區,三光里,23.23378,120.097146,女廁所
4375,4375,D170000034,蘆竹溝西天宮男廁,臺南市,北門區,三光里,23.23378,120.097146,男廁所
4376,4376,D210000006,蘇厝第一代天府真護宮女廁,臺南市,安定區,蘇厝里,23.125153,120.251149,女廁所
4377,4377,D210000050,蘇厝第一代天府真護宮男廁,臺南市,安定區,蘇厝里,23.125153,120.251149,男廁所
4378,4378,D040000005,櫻花滯洪池公園女廁,臺南市,柳營區,士林里,23.274656,120.309831,女廁所
4379,4379,D040000006,櫻花滯洪池公園男廁,臺南市,柳營區,士林里,23.27441,120.309236,男廁所
4380,4380,D040000266,櫻花滯洪池公園無障礙廁,臺南市,柳營區,士林里,23.27312515,120.3106377,無障礙廁所
4381,4381,D050000062,蘭花園區出入口女廁,臺南市,後壁區,長安里,23.340045,120.37877,女廁所
4382,4382,D050000063,蘭花園區出入口男廁,臺南市,後壁區,長安里,23.340045,120.37877,男廁所
4383,4383,D050000064,蘭花園區蘭花公園女廁,臺南市,後壁區,長安里,23.340045,120.37877,女廁所
4384,4384,D050000065,蘭花園區蘭花公園男廁,臺南市,後壁區,長安里,23.340045,120.37877,男廁所
4385,4385,D050000066,蘭花園區蘭花城堡女廁,臺南市,後壁區,長安里,23.340045,120.37877,女廁所
4386,4386,D050000067,蘭花園區蘭花城堡男廁,臺南市,後壁區,長安里,23.340045,120.37877,男廁所
4387,4387,D050000068,蘭花園區蘭花城堡無障礙廁,臺南市,後壁區,長安里,23.340045,120.37877,無障礙廁所
4388,4388,D030000151,靈山寺女媧宮女廁,臺南市,白河區,內角里,23.400385,120.433689,女廁所
4389,4389,D030000150,靈山寺女媧宮男廁,臺南市,白河區,內角里,23.400385,120.433689,男廁所
4390,4390,D020000097,鹽水大眾廟女廁,臺南市,鹽水區,月港里,23.320849,120.263609,女廁所
4391,4391,D020000098,鹽水大眾廟男廁,臺南市,鹽水區,月港里,23.320849,120.263609,男廁所
4392,4392,D020000017,鹽水分隊混合廁,臺南市,鹽水區,橋南里,23.319264,120.26345,混合廁所
4393,4393,D020000093,鹽水分駐所混合廁,臺南市,鹽水區,月港里,23.320902,120.265552,混合廁所
4394,4394,D020000208,鹽水文物陳列館1F女廁,臺南市,鹽水區,津城里,23.324065,120.265618,女廁所
4395,4395,D020000207,鹽水文物陳列館1F性別友善廁,臺南市,鹽水區,津城里,23.324065,120.265618,性別友善廁所
4396,4396,D020000110,鹽水武廟女廁,臺南市,鹽水區,津城里,23.323991,120.265684,女廁所
4397,4397,D020000111,鹽水武廟男廁,臺南市,鹽水區,津城里,23.323991,120.265684,男廁所
4398,4398,D020000103,鹽水區公有零售市場女廁,臺南市,鹽水區,津城里,23.321277,120.267306,女廁所
4399,4399,D020000104,鹽水區公有零售市場男廁,臺南市,鹽水區,津城里,23.321277,120.267306,男廁所
4400,4400,D020000084,鹽水區公所1F女廁,臺南市,鹽水區,月港里,23.320055,120.26615,女廁所
4401,4401,D020000085,鹽水區公所1F男廁,臺南市,鹽水區,月港里,23.320055,120.26615,男廁所
4402,4402,D020000086,鹽水區公所2F女廁,臺南市,鹽水區,月港里,23.320055,120.26615,女廁所
4403,4403,D020000087,鹽水區公所2F男廁,臺南市,鹽水區,月港里,23.320055,120.26615,男廁所
4404,4404,D020000088,鹽水區公所3F女廁,臺南市,鹽水區,月港里,23.320055,120.26615,女廁所
4405,4405,D020000096,鹽水區公所3F男廁,臺南市,鹽水區,月港里,23.320055,120.26615,男廁所
4406,4406,D020000024,鹽水區月津港親水公園女廁,臺南市,鹽水區,橋南里,23.317048,120.267784,女廁所
4407,4407,D020000025,鹽水區月津港親水公園男廁,臺南市,鹽水區,橋南里,23.317048,120.267784,男廁所
4408,4408,D020000069,鹽水區田寮里活動中心混合廁,臺南市,鹽水區,三和里,23.277242,120.228067,混合廁所
4409,4409,D020000041,鹽水區老人文康中心2F女廁,臺南市,鹽水區,橋南里,23.318226,120.263363,女廁所
4410,4410,D020000040,鹽水區老人文康中心2F男廁,臺南市,鹽水區,橋南里,23.318226,120.263363,男廁所
4411,4411,D020000043,鹽水區老人文康中心3F女廁,臺南市,鹽水區,橋南里,23.318226,120.263363,女廁所
4412,4412,D020000042,鹽水區老人文康中心3F男廁,臺南市,鹽水區,橋南里,23.318226,120.263363,男廁所
4413,4413,D020000030,鹽水區圖書館1F女廁,臺南市,鹽水區,橋南里,23.316336,120.26638,女廁所
4414,4414,D020000032,鹽水區圖書館1F男廁,臺南市,鹽水區,橋南里,23.316336,120.26638,男廁所
4415,4415,D020000034,鹽水區圖書館1F無障礙廁,臺南市,鹽水區,橋南里,23.316336,120.26638,無障礙廁所
4416,4416,D020000033,鹽水區圖書館2F女廁,臺南市,鹽水區,橋南里,23.316336,120.26638,女廁所
4417,4417,D020000031,鹽水區圖書館2F男廁,臺南市,鹽水區,橋南里,23.316336,120.26638,男廁所
4418,4418,D020000036,鹽水區圖書館3F女廁,臺南市,鹽水區,橋南里,23.316336,120.26638,女廁所
4419,4419,D020000035,鹽水區圖書館3F男廁,臺南市,鹽水區,橋南里,23.316336,120.26638,男廁所
4420,4420,D020000089,鹽水區衛生所1F女廁,臺南市,鹽水區,月港里,23.32022,120.265341,女廁所
4421,4421,D020000090,鹽水區衛生所1F男廁,臺南市,鹽水區,月港里,23.32022,120.265341,男廁所
4422,4422,D020000092,鹽水區衛生所2F男廁,臺南市,鹽水區,月港里,23.32022,120.265341,男廁所
4423,4423,D020000204,鹽水壽園殯葬專區無障礙廁,臺南市,鹽水區,橋南里,23.311862,120.262281,無障礙廁所
4424,4424,D020000077,鹽水觀光美食城女廁,臺南市,鹽水區,月港里,23.319034,120.268621,女廁所
4425,4425,D020000078,鹽水觀光美食城男廁,臺南市,鹽水區,月港里,23.319034,120.268621,男廁所
4426,4426,D020000079,鹽水觀光美食城無障礙廁,臺南市,鹽水區,月港里,23.319034,120.268621,無障礙廁所
4427,4427,D350000332,鹽田里永鎮宮混合廁,臺南市,安南區,塩田里,23.033433,120.147161,混合廁所
4428,4428,D350000331,鹽田里活動中心女廁,臺南市,安南區,塩田里,23.033716,120.145183,女廁所
4429,4429,D350000330,鹽田里活動中心男廁,臺南市,安南區,塩田里,23.033716,120.145183,男廁所
4430,4430,D310000021,鹽行分隊女廁,臺南市,永康區,塩行里,23.034799,120.230373,女廁所
4431,4431,D310000019,鹽行分隊男廁,臺南市,永康區,塩行里,23.034799,120.230373,男廁所
4432,4432,D310000012,鹽行派出所混合廁,臺南市,永康區,塩興里,23.041745,120.239526,混合廁所
4433,4433,D330000224,鹽埕保安宮混合廁,臺南市,南區,光明里,22.970246,120.186361,混合廁所
4434,4434,D240000020,灣丘里社區活動中心混合廁,臺南市,楠西區,灣丘里,23.175695,120.502612,混合廁所
4435,4435,D330000124,灣裡聯合活動中心1F女廁,臺南市,南區,省躬里,22.932232,120.180985,女廁所
4436,4436,D330000122,灣裡聯合活動中心1F男廁,臺南市,南區,省躬里,22.932232,120.180985,男廁所
4437,4437,D330000123,灣裡聯合活動中心1F無障礙廁,臺南市,南區,省躬里,22.932232,120.180985,無障礙廁所
4438,4438,D330000126,灣裡聯合活動中心2F女廁,臺南市,南區,省躬里,22.932232,120.180985,女廁所
4439,4439,D330000125,灣裡聯合活動中心2F男廁,臺南市,南區,省躬里,22.932232,120.180985,男廁所
4440,4440,D330000127,灣裡聯合活動中心2F無障礙廁,臺南市,南區,省躬里,22.932232,120.180985,無障礙廁所
4441,4441,D330000129,灣裡聯合活動中心3F女廁,臺南市,南區,省躬里,22.932232,120.180985,女廁所
4442,4442,D330000128,灣裡聯合活動中心3F男廁,臺南市,南區,省躬里,22.932232,120.180985,男廁所
4443,4443,D330000130,灣裡聯合活動中心3F無障礙廁,臺南市,南區,省躬里,22.932232,120.180985,無障礙廁所
4444,4444,D330000132,灣裡聯合活動中心4F女廁,臺南市,南區,省躬里,22.932232,120.180985,女廁所
4445,4445,D330000131,灣裡聯合活動中心4F男廁,臺南市,南區,省躬里,22.932232,120.180985,男廁所
4446,4446,D330000133,灣裡聯合活動中心4F無障礙廁,臺南市,南區,省躬里,22.932232,120.180985,無障礙廁所
4447,4447,D360000014,觀夕平台停車場女廁,臺南市,安平區,金城里,22.990455,120.147656,女廁所
4448,4448,D360000015,觀夕平台停車場男廁,臺南市,安平區,金城里,22.990455,120.147656,男廁所
4449,4449,D360000016,觀夕平台停車場無障礙廁,臺南市,安平區,金城里,22.990455,120.147656,無障礙廁所
